"id","name","swings_competitive","percent_swings_competitive","contact","avg_bat_speed","hard_swing_rate","squared_up_per_bat_contact","squared_up_per_swing","blast_per_bat_contact","blast_per_swing","swing_length","swords","batter_run_value","whiffs","whiff_per_swing","batted_ball_events","batted_ball_event_per_swing"
691406,"Caminero, Junior",659,0.9114799446749654,521,"79.847199241",0.8816388467374809,0.30710172744721687,0.24279210925644917,0.2591170825335892,0.20485584218512898,"8.669017405",7,9.649835999071511,138,0.2094081942336874,287,0.4355083459787557
691023,"Walker, Jordan",720,0.9022556390977443,522,"79.166528042",0.8555555555555557,0.289272030651341,0.20972222222222223,0.22413793103448276,0.1625,"8.315493472",16,9.460726247523102,198,0.275,270,0.375
665833,"Cruz, Oneil",447,0.9048582995951417,281,"78.461901745",0.7807606263982101,0.3416370106761566,0.21476510067114093,0.24555160142348753,0.15436241610738255,"7.622225302",7,0.3624654133836531,166,0.3713646532438479,137,0.30648769574944074
701762,"Kurtz, Nick",634,0.9057142857142857,412,"78.26626664",0.8107255520504731,0.2669902912621359,0.17350157728706625,0.220873786407767,0.14353312302839116,"7.756410252",17,-6.058084417694216,222,0.3501577287066246,175,0.27602523659305994
701358,"Smith, Cam",660,0.9028727770177839,478,"77.452157894",0.7590909090909091,0.26359832635983266,0.19090909090909092,0.17573221757322174,0.12727272727272726,"7.700522288",8,-23.10929695630645,182,0.27575757575757576,237,0.35909090909090907
669003,"Mitchell, Garrett",533,0.9080068143100511,352,"77.385724672",0.7842401500938087,0.3039772727272727,0.20075046904315197,0.21022727272727273,0.13883677298311445,"7.229286041",17,-7.7421971784360615,181,0.3395872420262664,176,0.3302063789868668
695506,"Caglianone, Jac",647,0.902370990237099,469,"77.368620788",0.7604327666151468,0.29850746268656714,0.21638330757341576,0.2281449893390192,0.16537867078825347,"7.908258454",11,-3.952516946811827,178,0.2751159196290572,225,0.34775888717156106
666176,"Adell, Jo",803,0.9032620922384702,616,"77.328653748",0.7123287671232877,0.237012987012987,0.18181818181818182,0.15097402597402598,0.11581569115815692,"7.720421382",21,-19.018444646407776,187,0.2328767123287671,284,0.35367372353673726
656941,"Schwarber, Kyle",753,0.9017964071856287,523,"77.085315618",0.7503320053120848,0.24282982791587,0.16865869853917662,0.1701720841300191,0.11819389110225764,"7.486884967",35,5.538833316308324,230,0.3054448871181939,210,0.2788844621513944
575929,"Contreras, Willson",664,0.9021739130434783,481,"77.070988614",0.7168674698795181,0.2598752598752599,0.18825301204819278,0.17255717255717257,0.125,"7.928042831",20,17.375755574874972,183,0.2756024096385542,235,0.3539156626506024
695578,"Wood, James",702,0.9,505,"76.838644758",0.6823361823361824,0.33663366336633666,0.24216524216524216,0.2376237623762376,0.17094017094017094,"7.416821538",38,-0.7271850154164805,197,0.28062678062678065,246,0.3504273504273504
641343,"Bauers, Jake",547,0.9071310116086235,405,"76.767764369",0.712979890310786,0.3432098765432099,0.25411334552102377,0.21481481481481482,0.1590493601462523,"7.672335832",19,-3.5674121716162333,142,0.2595978062157221,210,0.38391224862888484
677594,"Rodríguez, Julio",715,0.9050632911392406,531,"76.643004923",0.6741258741258742,0.2711864406779661,0.2013986013986014,0.1807909604519774,0.13426573426573427,"7.786771664",10,-12.307680297955253,184,0.2573426573426573,261,0.365034965034965
695657,"Montgomery, Colson",709,0.9008894536213469,455,"76.322024344",0.6699576868829337,0.25054945054945055,0.1607898448519041,0.16043956043956045,0.10296191819464035,"7.915049252",22,-11.10887425520434,254,0.35825105782792666,221,0.31170662905500707
665489,"Guerrero Jr., Vladimir",647,0.9061624649859944,528,"76.284764235",0.6290571870170013,0.3087121212121212,0.25193199381761977,0.20265151515151514,0.16537867078825347,"7.561138594",7,-22.250191417349964,119,0.1839258114374034,302,0.4667697063369397
656305,"Chapman, Matt",550,0.9090909090909091,425,"76.1503758",0.6127272727272726,0.2164705882352941,0.16727272727272727,0.12941176470588237,0.1,"7.370998182",11,-14.312486939229212,125,0.22727272727272727,199,0.3618181818181818
670541,"Alvarez, Yordan",682,0.9142091152815014,556,"76.132703167",0.6173020527859236,0.32194244604316546,0.2624633431085044,0.22482014388489208,0.18328445747800587,"7.632757639",5,14.11459718946956,126,0.18475073313782991,283,0.4149560117302053
592450,"Judge, Aaron",420,0.9051724137931034,292,"76.100967595",0.6452380952380954,0.3150684931506849,0.21904761904761905,0.2054794520547945,0.14285714285714285,"8.110713952",12,5.016838546275625,128,0.3047619047619048,132,0.3142857142857143
665487,"Tatis Jr., Fernando",662,0.9019073569482289,490,"76.037976088",0.6344410876132929,0.3673469387755102,0.2719033232628399,0.23877551020408164,0.17673716012084592,"7.328539773",21,-9.119512833875802,172,0.2598187311178248,292,0.44108761329305135
663586,"Riley, Austin",727,0.9064837905236908,500,"75.802988239",0.5873452544704266,0.29,0.19944979367262725,0.164,0.11279229711141678,"7.581020495",18,-27.871043320025972,227,0.312242090784044,234,0.3218707015130674
682985,"Greene, Riley",733,0.9049382716049382,517,"75.68561251",0.592087312414734,0.3036750483558994,0.21418826739427013,0.18181818181818182,0.12824010914051842,"7.262088909",12,-7.442756489994426,216,0.2946793997271487,237,0.32332878581173263
804606,"Griffin, Konnor",435,0.9024896265560166,308,"75.645159126",0.5747126436781609,0.2532467532467532,0.1793103448275862,0.1461038961038961,0.10344827586206896,"7.69317246",10,-7.435374638286825,127,0.29195402298850576,150,0.3448275862068966
682998,"Carroll, Corbin",686,0.9050131926121372,506,"75.511290146",0.5889212827988338,0.32608695652173914,0.24052478134110788,0.17193675889328064,0.12682215743440234,"7.46617",4,-6.675893377648333,180,0.26239067055393583,260,0.37900874635568516
669394,"Burger, Jake",668,0.9051490514905149,453,"75.449445689",0.5898203592814368,0.3355408388520971,0.2275449101796407,0.1986754966887417,0.1347305389221557,"7.505494117",21,-8.981336159800666,215,0.3218562874251497,249,0.3727544910179641
682829,"De La Cruz, Elly",560,0.9090909090909091,415,"75.4266805",0.5464285714285713,0.3373493975903614,0.25,0.22650602409638554,0.16785714285714284,"7.110072714",10,4.47256904449431,145,0.25892857142857145,219,0.39107142857142857
696100,"Goodman, Hunter",701,0.9103896103896104,461,"75.392907532",0.5435092724679028,0.2668112798264642,0.1754636233951498,0.16702819956616052,0.10984308131241084,"7.399893837",13,2.63055505569017,240,0.34236804564907275,203,0.289586305278174
808959,"Murakami, Munetaka",470,0.9003831417624522,279,"75.289536319",0.5553191489361702,0.32974910394265233,0.19574468085106383,0.23655913978494625,0.14042553191489363,"7.894414745",16,-5.350190147604743,191,0.40638297872340423,131,0.27872340425531916
670042,"Raley, Luke",508,0.9039145907473309,313,"75.282341673",0.5728346456692913,0.3035143769968051,0.18700787401574803,0.18849840255591055,0.11614173228346457,"7.287396417",10,-11.204450036295489,195,0.3838582677165354,155,0.3051181102362205
669127,"Langeliers, Shea",651,0.9130434782608695,465,"75.237868817",0.5376344086021506,0.3247311827956989,0.23195084485407066,0.17849462365591398,0.12749615975422426,"7.247590676",2,-4.395628683545245,186,0.2857142857142857,239,0.3671274961597542
669065,"Stowers, Kyle",600,0.9063444108761329,407,"75.204132767",0.5366666666666666,0.29975429975429974,0.20333333333333334,0.20393120393120392,0.13833333333333334,"6.787910867",21,-10.40647609034329,193,0.32166666666666666,186,0.31
545361,"Trout, Mike",567,0.9028662420382165,447,"75.099059136",0.5343915343915344,0.28187919463087246,0.2222222222222222,0.174496644295302,0.13756613756613756,"7.498957231",12,-5.69063518569829,120,0.21164021164021163,198,0.3492063492063492
680776,"Duran, Jarren",676,0.9025367156208278,466,"75.045187337",0.5029585798816567,0.26394849785407726,0.1819526627218935,0.1609442060085837,0.11094674556213018,"7.602108077",20,-30.187834812595547,210,0.3106508875739645,237,0.3505917159763314
624585,"Soler, Jorge",589,0.9047619047619048,380,"74.979206808",0.5178268251273345,0.25263157894736843,0.16298811544991512,0.15263157894736842,0.09847198641765705,"7.901170034",6,-14.921688103488066,209,0.3548387096774194,179,0.30390492359932086
683146,"Baty, Brett",592,0.9038167938931297,437,"74.975247264",0.5422297297297298,0.2791762013729977,0.20608108108108109,0.14645308924485126,0.10810810810810811,"7.404972872",17,-19.854831188822512,155,0.26182432432432434,207,0.34966216216216217
621566,"Olson, Matt",788,0.9057471264367816,615,"74.932916117",0.5139593908629442,0.2975609756097561,0.23223350253807107,0.1886178861788618,0.14720812182741116,"7.568019797",17,-1.1355378018618418,173,0.21954314720812182,279,0.35406091370558374
683357,"Caissie, Owen",422,0.9017094017094017,279,"74.921130142",0.5379146919431279,0.2903225806451613,0.19194312796208532,0.17562724014336917,0.11611374407582939,"7.101318578",14,-2.4274536692377278,143,0.33886255924170616,123,0.2914691943127962
686948,"Baldwin, Drake",616,0.9045521292217328,480,"74.909880146",0.5194805194805194,0.31875,0.2483766233766234,0.19166666666666668,0.14935064935064934,"7.294074984",14,-2.345341911448001,136,0.22077922077922077,225,0.3652597402597403
663728,"Raleigh, Cal",629,0.9011461318051576,451,"74.860787997",0.5230524642289348,0.19955654101995565,0.14308426073131955,0.09534368070953436,0.06836248012718601,"7.883501765",15,-32.31288754563031,178,0.28298887122416533,164,0.26073131955484896
671739,"Harris II, Michael",698,0.9064935064935065,533,"74.83215053",0.49283667621776495,0.3133208255159475,0.23925501432664756,0.21200750469043153,0.16189111747851004,"8.176913968",12,0.8224647717842242,165,0.23638968481375358,264,0.37822349570200575
691718,"Crow-Armstrong, Pete",768,0.9003516998827668,588,"74.772623125",0.5052083333333335,0.27721088435374147,0.21223958333333334,0.1649659863945578,0.12630208333333334,"7.398736458",34,8.81944023199732,180,0.234375,250,0.3255208333333333
606466,"Marte, Ketel",683,0.9131016042780749,546,"74.766507262",0.4568081991215227,0.33516483516483514,0.2679355783308931,0.1978021978021978,0.1581259150805271,"7.737751054",8,-10.3744598687882,137,0.2005856515373353,308,0.45095168374816985
668904,"Lewis, Royce",479,0.900375939849624,329,"74.748268518",0.5135699373695197,0.2917933130699088,0.20041753653444677,0.1580547112462006,0.10855949895615867,"8.01920929",8,-12.339024393244236,150,0.31315240083507306,172,0.35908141962421714
660271,"Ohtani, Shohei",681,0.9067909454061251,483,"74.693410573",0.4933920704845815,0.39337474120082816,0.2790014684287812,0.21325051759834368,0.1512481644640235,"7.885733744",9,-3.3553221035318224,198,0.2907488986784141,253,0.37151248164464024
686527,"Canzone, Dominic",455,0.904572564612326,331,"74.680977033",0.47472527472527476,0.3806646525679758,0.27692307692307694,0.2175226586102719,0.15824175824175823,"7.403095077",9,-4.143095243412842,124,0.2725274725274725,185,0.4065934065934066
624413,"Alonso, Pete",739,0.9067484662576687,547,"74.667811962",0.47767253044654956,0.3217550274223035,0.2381596752368065,0.21389396709323583,0.15832205683355885,"7.19288931",15,-10.031607964760305,192,0.2598105548037889,259,0.35047361299052776
694212,"Basallo, Samuel",547,0.9041322314049587,388,"74.652811207",0.47531992687385743,0.31958762886597936,0.226691042047532,0.18814432989690721,0.13345521023765997,"7.62466713",16,-6.086620261890802,159,0.2906764168190128,194,0.3546617915904936
592518,"Machado, Manny",700,0.9032258064516129,526,"74.642214314",0.44571428571428573,0.30228136882129275,0.22714285714285715,0.1634980988593156,0.12285714285714286,"7.874759371",18,-17.550508918702434,174,0.24857142857142858,263,0.3757142857142857
694192,"Chourio, Jackson",505,0.9050179211469535,402,"74.639215584",0.4811881188118811,0.32338308457711445,0.25742574257425743,0.17412935323383086,0.13861386138613863,"7.344170297",9,1.6024400994105508,103,0.20396039603960395,195,0.38613861386138615
572233,"Walker, Christian",752,0.8995215311004785,557,"74.429749096",0.44680851063829785,0.2764811490125673,0.2047872340425532,0.15978456014362658,0.11835106382978723,"7.427326011",29,-13.312918716363157,195,0.25930851063829785,270,0.35904255319148937
691016,"Soderstrom, Tyler",546,0.9054726368159204,437,"74.399936612",0.44322344322344315,0.30434782608695654,0.24358974358974358,0.17848970251716248,0.14285714285714285,"7.486269011",10,-13.884679457252211,109,0.19963369963369965,227,0.4157509157509158
683002,"Henderson, Gunnar",815,0.902547065337763,631,"74.384309534",0.4441717791411045,0.294770206022187,0.2282208588957055,0.1473851030110935,0.11411042944785275,"7.311045669",16,-15.380808263448712,184,0.22576687116564417,302,0.37055214723926383
666160,"Moniak, Mickey",453,0.9023904382470119,339,"74.382964084",0.47461368653421654,0.31268436578171094,0.23399558498896247,0.13569321533923304,0.10154525386313466,"7.820158764",7,9.9797316662571,114,0.25165562913907286,165,0.36423841059602646
547180,"Harper, Bryce",782,0.9030023094688222,547,"74.346852212",0.48081841432225075,0.29981718464351004,0.20971867007672634,0.16819012797074953,0.11764705882352941,"7.394558926",7,-10.809718643506903,235,0.30051150895140666,267,0.3414322250639386
657757,"Sheets, Gavin",539,0.9028475711892797,444,"74.344483377",0.4582560296846011,0.2545045045045045,0.20964749536178107,0.11036036036036036,0.09090909090909091,"7.725356549",18,-12.877817450104482,95,0.17625231910946196,212,0.39332096474953615
682626,"Alvarez, Francisco",435,0.90625,308,"74.201249011",0.44137931034482747,0.3116883116883117,0.2206896551724138,0.19480519480519481,0.13793103448275862,"7.243027011",9,-4.100159464801699,127,0.29195402298850576,155,0.3563218390804598
621439,"Buxton, Byron",605,0.9029850746268657,434,"74.189188364",0.41157024793388425,0.3087557603686636,0.22148760330578512,0.1728110599078341,0.12396694214876033,"7.979395405",14,-2.1798479988333166,171,0.28264462809917357,221,0.3652892561983471
678246,"Vargas, Miguel",699,0.9066147859922179,565,"74.131421874",0.45064377682403434,0.336283185840708,0.2718168812589413,0.1752212389380531,0.14163090128755365,"7.754368856",3,-11.10014982861517,134,0.1917024320457797,278,0.3977110157367668
668709,"Bleday, JJ",511,0.9012345679012346,386,"73.894031037",0.3483365949119373,0.2979274611398964,0.22504892367906065,0.15284974093264247,0.11545988258317025,"7.295062896",17,-1.987513669529598,125,0.2446183953033268,190,0.37181996086105673
671056,"Herrera, Iván",709,0.908974358974359,578,"73.887979591",0.4259520451339917,0.28719723183391005,0.23413258110014104,0.14013840830449828,0.11424541607898449,"7.789990776",14,-17.482097291066605,131,0.1847672778561354,283,0.3991537376586742
695600,"Jensen, Carter",636,0.9008498583569405,477,"73.887247767",0.3789308176100628,0.31446540880503143,0.2358490566037736,0.1530398322851153,0.11477987421383648,"7.129936368",32,-17.498887663714694,159,0.25,226,0.3553459119496855
650490,"Díaz, Yandy",682,0.9069148936170213,596,"73.82954154",0.3988269794721407,0.32550335570469796,0.2844574780058651,0.20469798657718122,0.17888563049853373,"7.59522151",9,0.8891923818736075,86,0.12609970674486803,303,0.4442815249266862
677951,"Witt Jr., Bobby",633,0.9029957203994294,484,"73.80004297",0.40600315955766186,0.3739669421487603,0.2859399684044234,0.20867768595041322,0.15955766192733017,"6.975369953",14,-5.0686697035614285,149,0.2353870458135861,274,0.43285939968404424
677800,"Abreu, Wilyer",764,0.9062870699881376,592,"73.779370903",0.37303664921465973,0.3125,0.24214659685863874,0.14864864864864866,0.11518324607329843,"7.174114437",8,-17.515717247080225,172,0.225130890052356,286,0.3743455497382199
671277,"García Jr., Luis",595,0.9070121951219512,492,"73.778782655",0.3848739495798319,0.33739837398373984,0.27899159663865547,0.18902439024390244,0.15630252100840336,"7.399174605",9,9.701836081857927,103,0.173109243697479,254,0.426890756302521
671732,"Butler, Lawrence",472,0.9042145593869731,344,"73.718214513",0.375,0.25872093023255816,0.1885593220338983,0.13662790697674418,0.09957627118644068,"7.004503136",10,-26.38656332994467,128,0.2711864406779661,152,0.3220338983050847
664040,"Lowe, Brandon",768,0.9003516998827668,524,"73.652578945",0.40104166666666674,0.3320610687022901,0.2265625,0.16412213740458015,0.11197916666666667,"7.048511992",30,-6.254876507842354,244,0.3177083333333333,254,0.3307291666666667
542303,"Ozuna, Marcell",447,0.9030303030303031,308,"73.56061217",0.37807606263982096,0.288961038961039,0.19910514541387025,0.12987012987012986,0.0894854586129754,"7.488965391",4,-24.307377840581886,139,0.31096196868008946,145,0.3243847874720358
686555,"Collins, Isaac",461,0.900390625,369,"73.534383037",0.33188720173535796,0.3224932249322493,0.25813449023861174,0.14905149051490515,0.1193058568329718,"6.800862538",20,-8.077504427703477,92,0.19956616052060738,202,0.43817787418655096
701538,"Merrill, Jackson",765,0.9042553191489362,570,"73.385217608",0.3032679738562091,0.2754385964912281,0.20522875816993463,0.13157894736842105,0.09803921568627451,"7.57122434",13,-27.872388296634597,195,0.2549019607843137,248,0.3241830065359477
676475,"Burleson, Alec",720,0.9045226130653267,590,"73.35786825",0.3236111111111112,0.35423728813559324,0.2902777777777778,0.19322033898305085,0.15833333333333333,"7.579681042",7,-3.961796165538501,130,0.18055555555555555,309,0.42916666666666664
668901,"Vientos, Mark",450,0.9127789046653144,314,"73.344510089",0.2866666666666667,0.32802547770700635,0.2288888888888889,0.18471337579617833,0.1288888888888889,"7.517232956",12,-11.300016102083841,136,0.3022222222222222,165,0.36666666666666664
673548,"Suzuki, Seiya",595,0.9001512859304085,452,"73.306910874",0.3596638655462186,0.27876106194690264,0.21176470588235294,0.15265486725663716,0.11596638655462185,"7.242692992",15,-4.55067999927306,143,0.24033613445378152,220,0.3697478991596639
672960,"Okamoto, Kazuma",723,0.9014962593516209,504,"73.268891037",0.35961272475795303,0.32341269841269843,0.22544951590594745,0.15476190476190477,0.1078838174273859,"7.915143651",20,-10.434705458457948,219,0.3029045643153527,231,0.31950207468879666
592663,"Realmuto, J.T.",445,0.9044715447154471,345,"73.247352584",0.348314606741573,0.35942028985507246,0.2786516853932584,0.14202898550724638,0.1101123595505618,"7.414250225",8,-17.209584347527088,100,0.2247191011235955,178,0.4
661388,"Contreras, William",593,0.9053435114503817,493,"73.21682317",0.35075885328836437,0.3894523326572008,0.32377740303541314,0.18661257606490872,0.1551433389544688,"7.161506054",11,-14.674192594444788,100,0.16863406408094436,295,0.4974704890387858
679529,"Torkelson, Spencer",668,0.9039242219215156,484,"73.200527201",0.25898203592814373,0.2809917355371901,0.20359281437125748,0.13636363636363635,0.09880239520958084,"7.773176542",13,-18.73302513158721,184,0.2754491017964072,216,0.32335329341317365
592885,"Yelich, Christian",479,0.9037735849056604,335,"73.166272171",0.3068893528183716,0.29253731343283584,0.2045929018789144,0.14029850746268657,0.09812108559498957,"7.582228518",6,-18.174134049750688,144,0.30062630480167013,167,0.348643006263048
665862,"Chisholm Jr., Jazz",631,0.9027181688125894,449,"73.12848065",0.30903328050713147,0.32962138084632514,0.23454833597464342,0.1447661469933185,0.10301109350237718,"7.926887369",14,-18.96158292387164,182,0.2884310618066561,209,0.3312202852614897
669357,"Gorman, Nolan",420,0.8993576017130621,258,"73.063367833",0.30476190476190473,0.29069767441860467,0.17857142857142858,0.15503875968992248,0.09523809523809523,"7.573159143",8,-17.345064515078,162,0.38571428571428573,117,0.2785714285714286
681624,"Pages, Andy",766,0.8990610328638498,617,"73.062994556",0.29895561357702355,0.30307941653160453,0.24412532637075718,0.1507293354943274,0.12140992167101827,"7.643656423",14,-11.503361042134093,149,0.19451697127937337,303,0.39556135770234985
543807,"Springer, George",551,0.9018003273322422,441,"72.996401071",0.3248638838475499,0.2857142857142857,0.22867513611615245,0.12471655328798185,0.0998185117967332,"7.444601016",18,-8.960760084339741,110,0.1996370235934664,207,0.37568058076225047
650489,"Castro, Willi",655,0.903448275862069,467,"72.986570412",0.28854961832061077,0.2462526766595289,0.17557251908396945,0.11134903640256959,0.07938931297709924,"7.34714684",8,-16.53501625155805,188,0.2870229007633588,199,0.30381679389312977
662139,"Varsho, Daulton",575,0.9040880503144654,462,"72.900197913",0.27652173913043476,0.24458874458874458,0.19652173913043477,0.10606060606060606,0.08521739130434783,"7.682339409",3,-18.65771277572008,113,0.19652173913043477,215,0.3739130434782609
682928,"Abrams, CJ",739,0.901219512195122,546,"72.851729283",0.27469553450608936,0.33516483516483514,0.2476319350473613,0.16117216117216118,0.11907983761840325,"7.687994858",20,10.754317231145173,193,0.26116373477672533,274,0.37077131258457374
665750,"Taveras, Leody",496,0.9034608378870674,370,"72.819939839",0.2762096774193548,0.25405405405405407,0.18951612903225806,0.0945945945945946,0.07056451612903226,"7.500722298",6,-14.981255443892055,126,0.2540322580645161,173,0.3487903225806452
668804,"Reynolds, Bryan",726,0.901863354037267,542,"72.819846873",0.3099173553719009,0.3007380073800738,0.22451790633608815,0.15867158671586715,0.1184573002754821,"6.994995152",32,-4.596205488617457,184,0.2534435261707989,253,0.3484848484848485
700250,"Rice, Ben",650,0.9052924791086351,506,"72.697002585",0.25538461538461543,0.36561264822134387,0.2846153846153846,0.19367588932806323,0.15076923076923077,"7.634050723",8,11.033473863830197,144,0.22153846153846155,256,0.39384615384615385
677649,"Duran, Ezequiel",633,0.9017094017094017,475,"72.657037725",0.26540284360189575,0.27789473684210525,0.20853080568720378,0.12421052631578948,0.09320695102685624,"7.130378499",11,-1.6953662387912676,158,0.24960505529225907,226,0.3570300157977883
678554,"Mead, Curtis",499,0.8990990990990991,420,"72.585493567",0.27254509018036066,0.3,0.25250501002004005,0.1523809523809524,0.1282565130260521,"7.067050842",8,1.7667857807008414,79,0.15831663326653306,207,0.4148296593186373
669477,"Schmitt, Casey",684,0.9071618037135278,550,"72.536867836",0.27923976608187134,0.33454545454545453,0.26900584795321636,0.1690909090909091,0.13596491228070176,"7.578788129",14,0.9857948104656782,134,0.195906432748538,280,0.4093567251461988
672724,"Peraza, Oswald",522,0.903114186851211,372,"72.531320747",0.2720306513409962,0.26881720430107525,0.19157088122605365,0.12903225806451613,0.09195402298850575,"7.59250136",10,-9.755093065454483,150,0.28735632183908044,170,0.32567049808429116
701398,"Stewart, Sal",737,0.9042944785276074,556,"72.496635929",0.28629579375848047,0.31654676258992803,0.23880597014925373,0.1564748201438849,0.11804613297150611,"7.595821995",24,-6.515742610975644,181,0.24559023066485752,274,0.37177747625508817
593428,"Bogaerts, Xander",499,0.9007220216606499,390,"72.48971483",0.28657314629258523,0.34615384615384615,0.27054108216432865,0.13846153846153847,0.10821643286573146,"7.405228437",17,-16.025839063526867,109,0.218436873747495,212,0.4248496993987976
607043,"Nimmo, Brandon",688,0.9040735873850198,538,"72.47206266",0.28343023255813954,0.3475836431226766,0.27180232558139533,0.17472118959107807,0.13662790697674418,"6.996830392",17,-15.470161022109533,150,0.2180232558139535,253,0.36773255813953487
657041,"Thomas, Lane",463,0.904296875,376,"72.465180626",0.2397408207343412,0.3191489361702128,0.2591792656587473,0.1356382978723404,0.1101511879049676,"6.882904665",16,-11.53899283415615,87,0.1879049676025918,185,0.39956803455723544
677942,"Alexander, Blaze",454,0.906187624750499,340,"72.448403326",0.2533039647577092,0.3411764705882353,0.2555066079295154,0.15,0.11233480176211454,"7.455714229",7,-7.305648878811198,114,0.2511013215859031,157,0.3458149779735683
802139,"Wetherholt, JJ",673,0.9082321187584346,548,"72.345046657",0.22288261515601782,0.3740875912408759,0.30460624071322434,0.14416058394160583,0.11738484398216939,"7.566170505",14,-20.719103109850032,125,0.18573551263001487,302,0.4487369985141159
642715,"Adames, Willy",700,0.9020618556701031,517,"72.3371398",0.2557142857142858,0.2940038684719536,0.21714285714285714,0.11992263056092843,0.08857142857142856,"8.185047829",10,-5.812730970207309,183,0.26142857142857145,254,0.3628571428571429
606192,"Hernández, Teoscar",453,0.9041916167664671,316,"72.277976733",0.2317880794701987,0.33860759493670883,0.23620309050772628,0.17088607594936708,0.11920529801324503,"7.739993488",11,-13.13439702075094,137,0.30242825607064017,161,0.3554083885209713
665161,"Peña, Jeremy",440,0.9034907597535934,320,"72.214864682",0.13636363636363638,0.334375,0.2431818181818182,0.140625,0.10227272727272728,"7.440119523",8,-0.5346115424844022,120,0.2727272727272727,171,0.3886363636363636
671218,"Ramos, Heliot",500,0.9041591320072333,364,"72.18930524",0.24,0.32142857142857145,0.234,0.15934065934065933,0.116,"6.8738804",7,-9.494523161203881,136,0.272,167,0.334
678662,"Tovar, Ezequiel",691,0.9009126466753585,489,"72.174819841",0.21707670043415345,0.25153374233128833,0.17800289435600578,0.08997955010224949,0.06367583212735166,"7.617775137",13,-32.90227018721126,202,0.29232995658465993,210,0.30390738060781475
665742,"Soto, Juan",481,0.900749063670412,397,"72.131657401",0.2681912681912684,0.42317380352644834,0.3492723492723493,0.21662468513853905,0.1787941787941788,"7.091708669",26,5.745510651571758,84,0.17463617463617465,222,0.46153846153846156
664023,"Happ, Ian",719,0.9044025157232705,500,"72.059820974",0.19888734353268428,0.282,0.19610570236439498,0.142,0.09874826147426982,"6.894147691",7,-15.886095216099417,219,0.3045897079276773,217,0.30180806675938804
686681,"Massey, Michael",458,0.9015748031496063,377,"72.022044039",0.1419213973799127,0.363395225464191,0.29912663755458513,0.129973474801061,0.10698689956331878,"7.177584694",10,-6.676944650442988,81,0.17685589519650655,201,0.4388646288209607
664034,"France, Ty",501,0.9043321299638989,366,"72.015132695",0.19960079840319364,0.3087431693989071,0.22554890219560877,0.17759562841530055,0.12974051896207583,"7.553755349",17,-0.2543890826670123,135,0.2694610778443114,162,0.32335329341317365
592626,"Pederson, Joc",500,0.9009009009009009,359,"71.98471174",0.19200000000000003,0.3732590529247911,0.268,0.17827298050139276,0.128,"7.46343998",8,-3.667279628920159,141,0.282,182,0.364
665019,"Clemens, Kody",635,0.905848787446505,478,"71.954993039",0.12913385826771653,0.3807531380753138,0.2866141732283465,0.17573221757322174,0.13228346456692913,"7.166977087",9,-4.0507252580411,157,0.247244094488189,236,0.3716535433070866
656555,"Hoskins, Rhys",442,0.90020366598778,313,"71.948008009",0.1764705882352941,0.2939297124600639,0.2081447963800905,0.11501597444089456,0.08144796380090498,"8.205412511",15,-17.540016421632494,129,0.2918552036199095,134,0.3031674208144796
693307,"Dingler, Dillon",647,0.9036312849162011,518,"71.923421963",0.17156105100463678,0.33204633204633205,0.26584234930448225,0.16795366795366795,0.13446676970633695,"7.650771963",9,9.326678372666755,129,0.19938176197836166,249,0.3848531684698609
605137,"Bell, Josh",741,0.9036585365853659,576,"71.921648124",0.252361673414305,0.3125,0.242914979757085,0.140625,0.10931174089068826,"7.923584602",14,-17.422099973245068,165,0.22267206477732793,271,0.3657219973009447
646240,"Devers, Rafael",775,0.9074941451990632,547,"71.915736452",0.2245161290322581,0.340036563071298,0.24,0.17915904936014626,0.12645161290322582,"7.52097609",9,-11.318908612348554,228,0.29419354838709677,247,0.31870967741935485
672640,"Lopez, Otto",632,0.9041487839771102,515,"71.901421329",0.2468354430379747,0.39611650485436894,0.3227848101265823,0.19029126213592232,0.1550632911392405,"6.775913592",16,5.278105196551339,117,0.185126582278481,306,0.48417721518987344
690993,"Keith, Colt",437,0.9085239085239085,352,"71.840028558",0.1922196796338673,0.3977272727272727,0.32036613272311215,0.17897727272727273,0.14416475972540047,"6.8391054",11,-11.2804776215217,85,0.1945080091533181,201,0.459954233409611
663616,"Larnach, Trevor",477,0.9,360,"71.82198501",0.19287211740041926,0.31666666666666665,0.2389937106918239,0.14444444444444443,0.1090146750524109,"7.227010377",9,-1.5623252669665182,117,0.24528301886792453,194,0.40670859538784065
681481,"Carpenter, Kerry",452,0.900398406374502,335,"71.793955332",0.165929203539823,0.28955223880597014,0.21460176991150443,0.11044776119402985,0.08185840707964602,"7.392370863",8,-11.009292485671848,117,0.2588495575221239,149,0.32964601769911506
607208,"Turner, Trea",779,0.9111111111111111,576,"71.711562285",0.19768934531450574,0.3350694444444444,0.24775353016688062,0.11631944444444445,0.08600770218228498,"7.635475443",12,-25.048414042569316,203,0.2605905006418485,292,0.3748395378690629
702284,"Young, Cole",690,0.9043250327653998,565,"71.710917391",0.22753623188405803,0.3292035398230089,0.26956521739130435,0.12035398230088495,0.09855072463768116,"6.963725449",11,-17.14706096953291,125,0.18115942028985507,290,0.42028985507246375
666969,"García, Adolis",439,0.9051546391752577,301,"71.704877722",0.25740318906605925,0.3521594684385382,0.24145785876993167,0.14950166112956811,0.10250569476082004,"7.69028713",9,-22.57495608268241,138,0.3143507972665148,143,0.32574031890660593
680574,"McLain, Matt",463,0.9025341130604289,342,"71.703554838",0.12958963282937366,0.3391812865497076,0.2505399568034557,0.13742690058479531,0.10151187904967603,"6.914536631",12,-23.082238832816873,121,0.2613390928725702,171,0.3693304535637149
521692,"Perez, Salvador",771,0.9038686987104337,596,"71.636218158",0.18936446173800262,0.3070469798657718,0.23735408560311283,0.13926174496644295,0.10765239948119326,"7.70539179",13,-27.982962059581162,175,0.22697795071335927,284,0.36835278858625164
553993,"Suárez, Eugenio",499,0.8990990990990991,335,"71.566840321",0.18436873747494992,0.2746268656716418,0.1843687374749499,0.11044776119402985,0.07414829659318638,"7.758153687",25,-8.24014032937073,164,0.3286573146292585,151,0.3026052104208417
571970,"Muncy, Max",554,0.9081967213114754,404,"71.556909675",0.14259927797833938,0.349009900990099,0.2545126353790614,0.15841584158415842,0.11552346570397112,"6.955159477",10,-2.6198727588732695,150,0.27075812274368233,204,0.36823104693140796
621020,"Swanson, Dansby",638,0.9011299435028248,455,"71.545124263",0.09874608150470218,0.37362637362637363,0.2664576802507837,0.14505494505494507,0.10344827586206896,"7.601446959",16,-12.903455937526845,183,0.28683385579937304,240,0.3761755485893417
672515,"Moreno, Gabriel",508,0.9039145907473309,432,"71.518835768",0.22244094488188973,0.3425925925925926,0.29133858267716534,0.1388888888888889,0.11811023622047244,"7.023941988",9,0.1796382396784837,76,0.14960629921259844,217,0.4271653543307087
669016,"Marsh, Brandon",686,0.9014454664914586,523,"71.473982055",0.15889212827988333,0.32122370936902483,0.24489795918367346,0.15105162523900573,0.1151603498542274,"7.268284082",3,-2.2547207230019355,163,0.23760932944606414,254,0.37026239067055394
800050,"DeLauter, Chase",532,0.9063032367972743,463,"71.467676053",0.18609022556390978,0.39740820734341253,0.3458646616541353,0.1900647948164147,0.16541353383458646,"7.098449023",15,-10.1259424290817,69,0.12969924812030076,261,0.4906015037593985
571448,"Arenado, Nolan",592,0.8996960486322189,464,"71.411717382",0.1587837837837838,0.29310344827586204,0.22972972972972974,0.09051724137931035,0.07094594594594594,"8.40579228",21,-15.080755664881654,128,0.21621621621621623,226,0.38175675675675674
641487,"Crawford, J.P.",503,0.8998211091234347,417,"71.39994336",0.18687872763419486,0.34292565947242204,0.28429423459244535,0.11510791366906475,0.09542743538767395,"7.370991948",5,-16.71310164733479,86,0.1709741550695825,210,0.41749502982107356
663656,"Tucker, Kyle",697,0.9016817593790427,552,"71.29822944",0.19655667144906747,0.32971014492753625,0.2611190817790531,0.10326086956521739,0.08177905308464849,"7.366331406",10,-18.466452979948937,145,0.20803443328550933,264,0.3787661406025825
502671,"Goldschmidt, Paul",486,0.9050279329608939,362,"71.27326286",0.1399176954732511,0.31767955801104975,0.2366255144032922,0.1408839779005525,0.10493827160493827,"7.537820309",3,3.0901005425178547,124,0.2551440329218107,181,0.3724279835390947
573262,"Yastrzemski, Mike",420,0.9032258064516129,329,"71.272556833",0.0738095238095238,0.3617021276595745,0.2833333333333333,0.13069908814589665,0.10238095238095238,"7.459274429",10,-13.249602827109648,91,0.21666666666666667,165,0.39285714285714285
805808,"McGonigle, Kevin",685,0.9025032938076416,582,"71.248250088",0.1708029197080292,0.36082474226804123,0.30656934306569344,0.1254295532646048,0.10656934306569343,"6.94124638",11,-16.900269521738313,103,0.15036496350364964,297,0.4335766423357664
682177,"Schneemann, Daniel",487,0.9018518518518519,343,"71.169349487",0.11498973305954827,0.3032069970845481,0.2135523613963039,0.12244897959183673,0.08624229979466119,"7.051592444",12,-17.603055762210314,144,0.29568788501026694,160,0.32854209445585214
609280,"Andujar, Miguel",432,0.9018789144050104,356,"71.167532037",0.19212962962962965,0.31179775280898875,0.2569444444444444,0.11235955056179775,0.09259259259259259,"7.556435347",9,-9.02738409571796,76,0.17592592592592593,176,0.4074074074074074
691026,"Winn, Masyn",585,0.9027777777777778,458,"71.153690752",0.14700854700854707,0.34934497816593885,0.27350427350427353,0.14192139737991266,0.1111111111111111,"7.316096017",6,-20.30005662655753,127,0.2170940170940171,256,0.4376068376068376
668715,"Steer, Spencer",605,0.9029850746268657,460,"71.150137521",0.0793388429752066,0.34782608695652173,0.2644628099173554,0.15434782608695652,0.11735537190082644,"7.377346975",9,-12.83585179175094,145,0.2396694214876033,241,0.39834710743801655
687263,"Neto, Zach",810,0.9010011123470523,556,"71.114405222",0.13209876543209884,0.302158273381295,0.2074074074074074,0.10251798561151079,0.07037037037037037,"7.090531407",26,-12.25491400611222,254,0.3135802469135803,231,0.2851851851851852
701807,"Benge, Carson",663,0.9008152173913043,521,"71.110506199",0.18702865761689297,0.33013435700575816,0.2594268476621418,0.1401151631477927,0.11010558069381599,"6.54355991",21,-16.861076349175665,142,0.21417797888386123,258,0.3891402714932127
663886,"Stephenson, Tyler",436,0.9045643153526971,332,"71.098681239",0.10091743119266054,0.35542168674698793,0.2706422018348624,0.1536144578313253,0.11697247706422019,"7.439888945",15,-13.694093593296335,104,0.23853211009174313,164,0.3761467889908257
682657,"Martínez, Angel",425,0.9004237288135594,345,"71.075171412",0.16235294117647062,0.28405797101449276,0.23058823529411765,0.11594202898550725,0.09411764705882353,"7.348186376",8,-9.073282803671086,80,0.18823529411764706,153,0.36
664983,"McCarthy, Jake",539,0.9013377926421404,415,"71.066964119",0.12801484230055654,0.3228915662650602,0.24860853432282004,0.09879518072289156,0.07606679035250463,"7.089910204",5,-1.8013147644777368,124,0.2300556586270872,226,0.41929499072356213
668227,"Arozarena, Randy",676,0.898936170212766,494,"70.916512796",0.22633136094674552,0.3582995951417004,0.2618343195266272,0.14777327935222673,0.10798816568047337,"7.184772648",9,-13.684864837984312,182,0.2692307692307692,236,0.34911242603550297
656811,"O'Hearn, Ryan",610,0.9090909090909091,487,"70.863723279",0.09508196721311475,0.33675564681724846,0.26885245901639343,0.12320328542094455,0.09836065573770492,"7.153113115",10,-3.3001823651718247,123,0.20163934426229507,237,0.3885245901639344
668939,"Rutschman, Adley",421,0.8995726495726496,362,"70.844713872",0.13301662707838485,0.3756906077348066,0.32304038004750596,0.15193370165745856,0.13064133016627077,"6.954567886",11,-4.588542608542213,59,0.14014251781472684,188,0.44655581947743467
545121,"Vargas, Ildemaro",475,0.8996212121212122,414,"70.837240695",0.16210526315789478,0.37922705314009664,0.33052631578947367,0.14009661835748793,0.12210526315789473,"7.372474379",8,-5.481301259880403,61,0.12842105263157894,245,0.5157894736842106
663837,"Vierling, Matt",463,0.9060665362035225,380,"70.835871922",0.07559395248380132,0.3526315789473684,0.2894168466522678,0.13157894736842105,0.1079913606911447,"7.422503456",2,-19.299809989973017,83,0.17926565874730022,205,0.4427645788336933
695734,"Lile, Daylen",751,0.9070048309178744,590,"70.805535539",0.08122503328894808,0.34067796610169493,0.26764314247669774,0.12372881355932204,0.09720372836218376,"7.477620519",10,-20.657594441638896,161,0.21438082556591212,296,0.3941411451398136
693304,"Gonzales, Nick",698,0.9029754204398448,538,"70.67753043",0.12177650429799425,0.29739776951672864,0.22922636103151864,0.10780669144981413,0.0830945558739255,"7.418955315",11,-2.851799046470108,160,0.22922636103151864,266,0.38108882521489973
656775,"Mullins, Cedric",588,0.9032258064516129,454,"70.647126514",0.0782312925170068,0.32158590308370044,0.24829931972789115,0.0947136563876652,0.07312925170068027,"7.395481259",8,-29.242086157509892,134,0.22789115646258504,208,0.35374149659863946
664761,"Bohm, Alec",604,0.9069069069069069,509,"70.641895033",0.10099337748344371,0.412573673870334,0.347682119205298,0.1512770137524558,0.12748344370860928,"7.206067881",6,-19.423535168033865,95,0.15728476821192053,291,0.4817880794701987
805300,"Marsee, Jakob",564,0.9024,470,"70.527858848",0.07269503546099293,0.30638297872340425,0.2553191489361702,0.09148936170212765,0.07624113475177305,"6.748719184",18,-24.025865513611297,94,0.16666666666666666,230,0.4078014184397163
673962,"Jung, Josh",588,0.9060092449922958,491,"70.519030306",0.09013605442176874,0.38289205702647655,0.3197278911564626,0.15274949083503056,0.12755102040816327,"7.007025289",13,-6.850394075292789,97,0.1649659863945578,262,0.445578231292517
663757,"Grisham, Trent",457,0.904950495049505,391,"70.443927593",0.07439824945295406,0.4322250639386189,0.36980306345733044,0.1867007672634271,0.15973741794310722,"7.344711816",5,-16.12073217048068,66,0.14442013129102846,218,0.47702407002188185
518692,"Freeman, Freddie",815,0.9065628476084538,654,"70.439004209",0.08834355828220858,0.3302752293577982,0.2650306748466258,0.1452599388379205,0.1165644171779141,"6.736799681",13,-13.118327815980424,161,0.19754601226993865,296,0.36319018404907977
691720,"Karros, Kyle",536,0.9038785834738617,417,"70.381788881",0.07089552238805971,0.3117505995203837,0.24253731343283583,0.11510791366906475,0.08955223880597014,"7.03285959",24,-11.441564827442209,119,0.22201492537313433,196,0.3656716417910448
686469,"Pasquantino, Vinnie",548,0.9013157894736842,470,"70.313285292",0.0948905109489051,0.3170212765957447,0.2718978102189781,0.12340425531914893,0.10583941605839416,"7.302269891",10,-18.190017254369064,78,0.14233576642335766,218,0.3978102189781022
687859,"Johnston, Troy",526,0.9037800687285223,411,"70.205780171",0.058935361216730035,0.38686131386861317,0.30228136882129275,0.1411192214111922,0.11026615969581749,"6.797573764",5,-12.324319954463702,115,0.21863117870722434,220,0.41825095057034223
647304,"Naylor, Josh",619,0.901018922852984,517,"70.193732068",0.08723747980613895,0.3829787234042553,0.3198707592891761,0.13733075435203096,0.1147011308562197,"7.553813134",10,-23.213009842671436,102,0.16478190630048464,298,0.481421647819063
686797,"Lee, Brooks",691,0.9009126466753585,558,"70.146727771",0.08104196816208392,0.33691756272401435,0.27206946454413894,0.09498207885304659,0.07670043415340087,"7.006861664",21,-12.922306383609586,133,0.19247467438494936,275,0.3979739507959479
666182,"Bichette, Bo",758,0.9002375296912114,620,"70.097932573",0.15171503957783644,0.3258064516129032,0.26649076517150394,0.13709677419354838,0.11213720316622691,"7.21411091",5,-23.730259023150566,138,0.1820580474934037,295,0.3891820580474934
701675,"Church, Nathan",533,0.9018612521150592,409,"70.096684203",0.09568480300187616,0.2665036674816626,0.2045028142589118,0.10268948655256724,0.07879924953095685,"7.205681501",5,-21.63733534696609,124,0.2326454033771107,180,0.33771106941838647
668930,"Turang, Brice",689,0.9018324607329843,554,"70.084836009",0.10159651669085631,0.33393501805054154,0.26850507982583455,0.1444043321299639,0.11611030478955008,"6.756032308",13,0.12379618864550607,135,0.19593613933236576,250,0.36284470246734396
677587,"Rocchio, Brayan",664,0.9009497964721845,521,"70.069901295",0.07530120481927713,0.32629558541266795,0.2560240963855422,0.09596928982725528,0.07530120481927711,"7.307778117",10,-15.648845806048612,143,0.21536144578313254,273,0.411144578313253
608070,"Ramírez, José",532,0.9047619047619048,445,"70.060971767",0.12030075187969923,0.3101123595505618,0.2593984962406015,0.1303370786516854,0.10902255639097744,"7.239618308",4,-15.421960967207363,87,0.16353383458646617,208,0.39097744360902253
803011,"Antonacci, Sam",502,0.9028776978417267,429,"70.036170657",0.08764940239043824,0.32400932400932403,0.27689243027888444,0.10256410256410256,0.08764940239043825,"6.752734163",5,-10.906172864548651,73,0.1454183266932271,218,0.4342629482071713
681082,"Stott, Bryson",597,0.9018126888217523,493,"69.94234206",0.06197654941373535,0.3711967545638945,0.3065326633165829,0.13793103448275862,0.11390284757118928,"7.253985963",12,-11.474752872417179,104,0.17420435510887772,260,0.4355108877721943
643217,"Benintendi, Andrew",544,0.9036544850498339,394,"69.894616195",0.04963235294117648,0.3604060913705584,0.2610294117647059,0.13705583756345177,0.09926470588235294,"7.126751232",11,-17.27325613087252,150,0.2757352941176471,198,0.3639705882352941
666018,"Aranda, Jonathan",709,0.9031847133757962,562,"69.892457687",0.1142454160789845,0.35587188612099646,0.2820874471086037,0.14590747330960854,0.1156558533145275,"7.077272736",14,-3.462112795491646,147,0.2073342736248237,257,0.3624823695345557
678882,"Rafaela, Ceddanne",727,0.9008674101610905,556,"69.848927827",0.0770288858321871,0.3255395683453237,0.24896836313617607,0.08633093525179857,0.06602475928473177,"7.339463012",13,-1.373084696755358,171,0.23521320495185694,275,0.3782668500687758
700932,"Manzardo, Kyle",566,0.9027113237639554,414,"69.842313339",0.0653710247349823,0.3285024154589372,0.24028268551236748,0.1111111111111111,0.0812720848056537,"7.357932261",10,-16.58257185970944,152,0.26855123674911663,184,0.3250883392226148
671976,"Peters, Tristan",513,0.9,401,"69.814275789",0.07212475633528262,0.33665835411471323,0.2631578947368421,0.11221945137157108,0.08771929824561403,"6.841171384",9,-6.340592364704531,112,0.21832358674463936,188,0.3664717348927875
608324,"Bregman, Alex",675,0.9024064171122995,578,"69.797388311",0.032592592592592604,0.3719723183391003,0.31851851851851853,0.10034602076124567,0.08592592592592592,"6.984017748",14,-21.180736077654217,97,0.1437037037037037,310,0.45925925925925926
683953,"Bazzana, Travis",488,0.9003690036900369,370,"69.770727787",0.13114754098360656,0.3324324324324324,0.2520491803278688,0.0945945945945946,0.07172131147540983,"7.023896025",17,-12.956725800406119,118,0.24180327868852458,178,0.36475409836065575
641355,"Bellinger, Cody",673,0.9009370816599732,550,"69.484614071",0.02971768202080238,0.38545454545454544,0.3150074294205052,0.12363636363636364,0.10104011887072809,"7.865399881",9,-9.384735383558754,123,0.1827637444279346,286,0.424962852897474
696285,"Young, Jacob",439,0.9032921810699589,350,"69.419579772",0.02505694760820046,0.44,0.35079726651480636,0.15142857142857144,0.12072892938496584,"7.19170262",9,-5.035119746886722,89,0.20273348519362186,213,0.48519362186788156
807712,"Keaschall, Luke",512,0.8998242530755711,437,"69.315618203",0.099609375,0.3157894736842105,0.26953125,0.07322654462242563,0.0625,"6.75568791",22,-21.5601531548499,75,0.146484375,234,0.45703125
702332,"Durbin, Caleb",526,0.9037800687285223,462,"69.249999658",0.06463878326996197,0.329004329004329,0.2889733840304182,0.08658008658008658,0.07604562737642585,"6.969920095",16,-12.078742916790839,64,0.12167300380228137,248,0.4714828897338403
643289,"Dubón, Mauricio",703,0.9001280409731114,604,"68.987368208",0.03271692745376956,0.32450331125827814,0.27880512091038406,0.07947019867549669,0.06827880512091039,"7.623193442",11,-9.482935611436167,99,0.14082503556187767,293,0.4167852062588905
645277,"Albies, Ozzie",790,0.8997722095671982,622,"68.981725456",0.055696202531645575,0.34565916398713825,0.2721518987341772,0.08360128617363344,0.06582278481012659,"7.166834089",13,-19.432282294561166,168,0.21265822784810126,306,0.38734177215189874
681198,"Rumfield, TJ",656,0.8998628257887518,526,"68.893109665",0.08536585365853658,0.3041825095057034,0.24390243902439024,0.08935361216730038,0.07164634146341463,"6.572857348",11,-7.7540652458625905,130,0.19817073170731708,269,0.4100609756097561
702222,"Crawford, Justin",530,0.9044368600682594,431,"68.837359509",0.049056603773584916,0.3039443155452436,0.24716981132075472,0.0951276102088167,0.07735849056603773,"6.980890226",4,-11.711879487434597,99,0.18679245283018867,204,0.3849056603773585
676609,"Caballero, José",549,0.9,405,"68.771248015",0.06921675774134792,0.29876543209876544,0.2204007285974499,0.06666666666666667,0.04918032786885246,"6.797609909",9,-10.573243635560356,144,0.26229508196721313,189,0.3442622950819672
514888,"Altuve, Jose",503,0.8998211091234347,392,"68.769432326",0.09145129224652088,0.3622448979591837,0.2823061630218688,0.09693877551020408,0.07554671968190854,"7.609529085",9,-4.810101852743241,111,0.220675944333996,215,0.4274353876739563
656716,"McKinstry, Zach",441,0.9055441478439425,373,"68.668805488",0.05668934240362813,0.2975871313672922,0.25170068027210885,0.06702412868632708,0.05668934240362812,"6.721128073",6,-16.063642657398674,68,0.15419501133786848,179,0.40589569160997735
543760,"Semien, Marcus",580,0.9006211180124224,457,"68.668592345",0.018965517241379314,0.33698030634573306,0.2655172413793103,0.08971553610503283,0.0706896551724138,"7.812964621",20,-28.49986919318701,123,0.2120689655172414,226,0.3896551724137931
683083,"Nuñez, Nasim",549,0.9,439,"68.487926776",0.03825136612021859,0.2733485193621868,0.2185792349726776,0.06150341685649203,0.04918032786885246,"6.755747104",17,-23.320363513091568,110,0.20036429872495445,200,0.36429872495446264
669364,"Edwards, Xavier",638,0.9024045261669024,535,"68.482277868",0.025078369905956112,0.38691588785046727,0.32445141065830724,0.07850467289719626,0.06583072100313479,"6.532195361",10,-14.270690958784012,103,0.1614420062695925,297,0.46551724137931033
808982,"Lee, Jung Hoo",575,0.9012539184952978,512,"68.393019165",0.027826086956521744,0.4140625,0.36869565217391304,0.095703125,0.08521739130434783,"7.740669165",4,-5.10369747849322,63,0.10956521739130434,303,0.5269565217391304
683737,"Busch, Michael",697,0.8993548387096775,521,"68.361177231",0.04304160688665711,0.381957773512476,0.2855093256814921,0.1324376199616123,0.09899569583931134,"6.994324433",17,-20.89823358628456,176,0.25251076040172166,255,0.36585365853658536
621493,"Ward, Taylor",589,0.899236641221374,488,"68.333036078",0.030560271646859084,0.4098360655737705,0.3395585738539898,0.12090163934426229,0.100169779286927,"6.884820102",15,-18.318810633299314,101,0.17147707979626486,261,0.4431239388794567
663538,"Hoerner, Nico",656,0.9035812672176309,593,"68.323337957",0.013719512195121955,0.3996627318718381,0.36128048780487804,0.07588532883642496,0.06859756097560976,"7.249275595",11,-24.12835948154341,63,0.09603658536585366,347,0.5289634146341463
643446,"McNeil, Jeff",563,0.9036918138041734,489,"68.314021776",0.031971580817051516,0.3333333333333333,0.2895204262877442,0.05930470347648262,0.05150976909413854,"7.178300142",9,-22.687010598714412,74,0.13143872113676733,229,0.4067495559502664
689414,"Hicks, Liam",489,0.9005524861878453,444,"68.308761677",0.04498977505112473,0.3963963963963964,0.35991820040899797,0.12162162162162163,0.11042944785276074,"6.826809755",7,-7.972776792367628,45,0.09202453987730061,269,0.5501022494887525
694384,"Schanuel, Nolan",519,0.8994800693240901,440,"68.023862004",0.06165703275529864,0.3795454545454545,0.3217726396917148,0.08636363636363636,0.07321772639691715,"6.78591237",14,-11.158840770980195,79,0.15221579961464354,236,0.45472061657032753
665926,"Giménez, Andrés",583,0.8996913580246914,428,"67.967537667",0.03602058319039451,0.3341121495327103,0.24528301886792453,0.05841121495327103,0.04288164665523156,"6.975667427",12,-26.31832321624249,155,0.2658662092624357,209,0.3584905660377358
676391,"Clement, Ernie",644,0.9006993006993007,555,"67.489609332",0.029503105590062115,0.3963963963963964,0.3416149068322981,0.05945945945945946,0.05124223602484472,"7.142869596",22,-3.399763799385896,89,0.13819875776397517,319,0.4953416149068323
670623,"Paredes, Isaac",674,0.8998664886515354,564,"67.488076142",0.06676557863501484,0.324468085106383,0.271513353115727,0.0726950354609929,0.06083086053412463,"7.802677136",6,-15.477246178251274,110,0.1632047477744807,252,0.37388724035608306
663968,"Mangum, Jake",539,0.8983333333333333,428,"67.289232672",0.03153988868274583,0.29906542056074764,0.23747680890538034,0.06074766355140187,0.04823747680890538,"6.654546141",10,-4.315586050592697,111,0.20593692022263452,190,0.3525046382189239
664770,"Lukes, Nathan",427,0.9008438818565401,347,"67.272433044",0.03747072599531616,0.3314121037463977,0.2693208430913349,0.07780979827089338,0.06323185011709602,"6.396184496",3,-8.369249039475559,80,0.1873536299765808,165,0.3864168618266979
672695,"Perdomo, Geraldo",601,0.8997005988023952,530,"67.065920948",0.011647254575707157,0.37358490566037733,0.32945091514143093,0.07169811320754717,0.0632279534109817,"6.978188353",12,-25.59458216400036,71,0.11813643926788686,274,0.4559068219633943
805367,"Meidroth, Chase",618,0.8995633187772926,508,"66.945067864",0.009708737864077673,0.35826771653543305,0.29449838187702265,0.08267716535433071,0.06796116504854369,"6.604794515",13,-10.305401592628472,110,0.1779935275080906,238,0.3851132686084142
802415,"Simpson, Chandler",511,0.8996478873239436,464,"65.025025636",0.003913894324853228,0.44396551724137934,0.40313111545988256,0.03017241379310345,0.0273972602739726,"6.55386456",7,-12.71576836690387,47,0.09197651663405088,288,0.5636007827788649
805779,"Wilson, Jacob",429,0.89937106918239,370,"64.327890443",0.004662004662004662,0.37567567567567567,0.32400932400932403,0.062162162162162166,0.053613053613053616,"6.187614942",7,-4.496252865163751,59,0.13752913752913754,195,0.45454545454545453
650333,"Arraez, Luis",667,0.9013513513513514,614,"63.248420165",0,0.4609120521172638,0.424287856071964,0.019543973941368076,0.017991004497751123,"5.901391004",2,-8.275166073871999,53,0.07946026986506746,330,0.4947526236881559
680757,"Kwan, Steven",469,0.9001919385796545,438,"62.784322431",0.0021321961620469083,0.454337899543379,0.42430703624733473,0.01598173515981735,0.014925373134328358,"6.229209147",4,-18.885470203653128,31,0.06609808102345416,259,0.5522388059701493