"id","name","year","bbe","gb_rate","air_rate","fb_rate","ld_rate","pu_rate","pull_rate","straight_rate","oppo_rate","pull_gb_rate","straight_gb_rate","oppo_gb_rate","pull_air_rate","straight_air_rate","oppo_air_rate"
642528,"Loáisiga, Jonathan",2026,117,0.5384615384615384,0.4615384615384616,0.1880341880341881,0.22222222222222224,0.05128205128205127,0.341880341880342,0.41880341880341887,0.23931623931623927,0.20512820512820515,0.2649572649572649,0.06837606837606837,0.13675213675213685,0.15384615384615397,0.1709401709401709
669330,"Wells, Tyler",2026,132,0.28030303030303033,0.71969696969697,0.31060606060606066,0.25000000000000006,0.15909090909090912,0.40909090909090917,0.393939393939394,0.196969696969697,0.1515151515151516,0.11363636363636365,0.015151515151515147,0.25757575757575757,0.28030303030303033,0.18181818181818185
671096,"Abbott, Andrew",2026,339,0.42182890855457233,0.5781710914454278,0.2595870206489676,0.22713864306784662,0.09144542772861355,0.31563421828908544,0.41002949852507387,0.2743362831858409,0.18879056047197637,0.1799410029498525,0.053097345132743376,0.12684365781710907,0.23008849557522137,0.22123893805309752
657097,"Webb, Jacob",2026,121,0.4214876033057853,0.578512396694215,0.27272727272727276,0.24793388429752072,0.05785123966942152,0.4297520661157026,0.3553719008264462,0.21487603305785133,0.23966942148760328,0.1487603305785124,0.033057851239669436,0.19008264462809932,0.2066115702479338,0.18181818181818188
664285,"Valdez, Framber",2026,342,0.5263157894736841,0.47368421052631576,0.219298245614035,0.21637426900584797,0.03801169590643275,0.4385964912280701,0.3128654970760233,0.2485380116959065,0.2573099415204678,0.1929824561403509,0.0760233918128655,0.18128654970760227,0.1198830409356724,0.172514619883041
642121,"Sulser, Cole",2026,135,0.39999999999999997,0.6,0.31111111111111106,0.20740740740740743,0.08148148148148149,0.3851851851851851,0.3777777777777779,0.23703703703703702,0.20000000000000004,0.15555555555555559,0.04444444444444445,0.18518518518518504,0.2222222222222223,0.19259259259259257
683003,"Jones, Jared",2026,118,0.423728813559322,0.576271186440678,0.2457627118644067,0.22033898305084754,0.1101694915254238,0.4406779661016951,0.27118644067796605,0.28813559322033905,0.2118644067796611,0.16101694915254236,0.05084745762711864,0.22881355932203398,0.11016949152542369,0.2372881355932204
676106,"Hancock, Emerson",2026,287,0.42160278745644614,0.578397212543554,0.2961672473867595,0.20905923344947738,0.0731707317073171,0.37282229965156805,0.39721254355400687,0.22996515679442503,0.20557491289198615,0.15331010452961677,0.0627177700348432,0.1672473867595819,0.2439024390243901,0.16724738675958184
686613,"Brown, Hunter",2026,118,0.5254237288135594,0.47457627118644063,0.22881355932203387,0.18644067796610167,0.05932203389830508,0.4067796610169491,0.3305084745762712,0.2627118644067797,0.27118644067796605,0.1694915254237288,0.08474576271186442,0.13559322033898308,0.1610169491525424,0.17796610169491528
605488,"Springs, Jeffrey",2026,324,0.33950617283950635,0.660493827160494,0.3425925925925926,0.24691358024691368,0.07098765432098766,0.3888888888888889,0.3796296296296297,0.2314814814814815,0.1635802469135803,0.1358024691358025,0.040123456790123455,0.2253086419753086,0.24382716049382722,0.19135802469135804
672282,"Detmers, Reid",2026,315,0.365079365079365,0.6349206349206351,0.29523809523809535,0.24761904761904768,0.09206349206349208,0.3555555555555555,0.3936507936507937,0.25079365079365085,0.18412698412698408,0.12698412698412698,0.053968253968253985,0.17142857142857143,0.2666666666666667,0.19682539682539685
663568,"Kolek, Stephen",2026,176,0.46022727272727265,0.5397727272727273,0.22727272727272738,0.24431818181818168,0.06818181818181825,0.3863636363636366,0.403409090909091,0.21022727272727276,0.22727272727272724,0.1761363636363637,0.05681818181818186,0.15909090909090934,0.2272727272727273,0.1534090909090909
656876,"Rasmussen, Drew",2026,289,0.4671280276816609,0.532871972318339,0.22491349480968853,0.23183391003460208,0.07612456747404844,0.4567474048442907,0.33910034602076117,0.2041522491349481,0.2698961937716263,0.16262975778546712,0.0346020761245675,0.1868512110726644,0.17647058823529405,0.16955017301038058
681190,"Vásquez, Randy",2026,300,0.36666666666666675,0.6333333333333335,0.30000000000000016,0.2766666666666667,0.056666666666666664,0.4333333333333334,0.3566666666666667,0.21000000000000005,0.21333333333333335,0.12666666666666668,0.02666666666666667,0.22000000000000006,0.23,0.18333333333333338
663556,"McClanahan, Shane",2026,272,0.4705882352941175,0.5294117647058822,0.275735294117647,0.21323529411764705,0.04044117647058822,0.44852941176470584,0.34926470588235287,0.20220588235294115,0.27205882352941174,0.1617647058823529,0.03676470588235293,0.1764705882352941,0.18749999999999997,0.16544117647058823
605135,"Bassitt, Chris",2026,194,0.47422680412371143,0.5257731958762886,0.22164948453608246,0.2216494845360824,0.08247422680412372,0.3969072164948454,0.37628865979381443,0.22680412371134023,0.23195876288659792,0.17525773195876293,0.06701030927835054,0.16494845360824748,0.2010309278350515,0.15979381443298968
669372,"Ginn, J.T.",2026,302,0.47350993377483463,0.5264900662251656,0.2450331125827815,0.2119205298013245,0.06953642384105965,0.44370860927152317,0.37086092715231794,0.18543046357615894,0.2682119205298013,0.16887417218543055,0.03642384105960265,0.17549668874172186,0.2019867549668874,0.1490066225165563
641778,"Lauer, Eric",2026,263,0.3193916349809886,0.6806083650190113,0.38022813688212914,0.20152091254752852,0.09885931558935362,0.36121673003802274,0.36501901140684406,0.273764258555133,0.15209125475285168,0.12167300380228138,0.04562737642585552,0.20912547528517106,0.24334600760456268,0.22813688212927746
656546,"Hoffman, Jeff",2026,111,0.459459459459459,0.5405405405405406,0.1891891891891892,0.27027027027027023,0.08108108108108109,0.3693693693693693,0.37837837837837845,0.2522522522522522,0.1621621621621622,0.22522522522522528,0.07207207207207209,0.20720720720720712,0.15315315315315317,0.1801801801801801
571578,"Corbin, Patrick",2026,266,0.3947368421052632,0.605263157894737,0.24060150375939854,0.29699248120300764,0.06766917293233082,0.4210526315789474,0.3834586466165415,0.19548872180451132,0.2067669172932331,0.1503759398496241,0.03759398496240602,0.2142857142857143,0.2330827067669174,0.1578947368421053
605280,"Holmes, Clay",2026,150,0.5533333333333333,0.44666666666666677,0.22000000000000006,0.18000000000000005,0.04666666666666666,0.4133333333333333,0.4066666666666666,0.17999999999999997,0.25333333333333347,0.24,0.06000000000000001,0.1599999999999998,0.16666666666666663,0.11999999999999995
642232,"Yarbrough, Ryan",2026,122,0.36065573770491816,0.639344262295082,0.28688524590163933,0.2295081967213115,0.12295081967213113,0.4426229508196722,0.3360655737704919,0.22131147540983603,0.17213114754098363,0.14754098360655743,0.04098360655737705,0.27049180327868855,0.18852459016393447,0.180327868852459
656271,"Burke, Brock",2026,139,0.41007194244604334,0.5899280575539567,0.2949640287769784,0.2158273381294963,0.07913669064748202,0.3237410071942444,0.4676258992805756,0.2086330935251799,0.1654676258992805,0.2086330935251798,0.03597122302158274,0.15827338129496393,0.25899280575539574,0.17266187050359716
681293,"Arrighetti, Spencer",2026,235,0.36595744680851067,0.6340425531914894,0.2893617021276596,0.26382978723404255,0.08085106382978721,0.47234042553191485,0.32765957446808497,0.19999999999999998,0.23404255319148937,0.10638297872340423,0.025531914893617016,0.2382978723404255,0.22127659574468073,0.17446808510638295
681517,"Leahy, Kyle",2026,290,0.4586206896551723,0.5413793103448276,0.22413793103448282,0.26551724137931026,0.051724137931034475,0.4068965517241379,0.3758620689655172,0.2172413793103449,0.23103448275862065,0.16551724137931037,0.06206896551724137,0.17586206896551726,0.21034482758620685,0.15517241379310354
800048,"Messick, Parker",2026,314,0.4490445859872611,0.5509554140127388,0.2229299363057324,0.21974522292993634,0.10828025477707007,0.3885350318471338,0.32802547770700635,0.28343949044585975,0.21656050955414016,0.1656050955414013,0.06687898089171974,0.17197452229299362,0.16242038216560506,0.21656050955414002
608566,"Márquez, Germán",2026,153,0.3725490196078432,0.627450980392157,0.3529411764705883,0.2026143790849673,0.07189542483660134,0.4052287581699347,0.3333333333333334,0.2614379084967321,0.23529411764705885,0.09150326797385622,0.04575163398692811,0.16993464052287585,0.2418300653594772,0.215686274509804
687075,"Sproat, Brandon",2026,230,0.42608695652173917,0.5739130434782609,0.2782608695652174,0.2391304347826087,0.05652173913043476,0.3695652173913043,0.3739130434782608,0.2565217391304348,0.21739130434782605,0.1565217391304348,0.05217391304347827,0.15217391304347827,0.21739130434782603,0.20434782608695654
594798,"deGrom, Jacob",2026,272,0.3566176470588237,0.6433823529411764,0.28676470588235287,0.28308823529411764,0.0735294117647059,0.4301470588235293,0.35661764705882354,0.21323529411764705,0.20588235294117643,0.12867647058823534,0.022058823529411763,0.2242647058823529,0.2279411764705882,0.19117647058823528
674841,"Alvarez, Andrew",2026,151,0.5231788079470199,0.4768211920529802,0.1456953642384106,0.2781456953642385,0.052980132450331126,0.4900662251655631,0.3245033112582781,0.18543046357615894,0.3112582781456952,0.17218543046357618,0.03973509933774835,0.1788079470198679,0.1523178807947019,0.1456953642384106
670329,"Garcia, Rico",2026,112,0.4017857142857142,0.5982142857142858,0.2589285714285715,0.21428571428571433,0.12500000000000003,0.39285714285714274,0.3303571428571428,0.27678571428571436,0.14285714285714282,0.16071428571428573,0.09821428571428571,0.24999999999999992,0.16964285714285707,0.17857142857142866
656641,"Latz, Jacob",2026,114,0.41228070175438586,0.587719298245614,0.25438596491228066,0.175438596491228,0.1578947368421053,0.412280701754386,0.3508771929824562,0.2368421052631579,0.20175438596491233,0.1578947368421053,0.052631578947368425,0.2105263157894737,0.19298245614035087,0.1842105263157895
693821,"Elder, Bryce",2026,341,0.43108504398826986,0.5689149560117303,0.2668621700879766,0.2404692082111438,0.061583577712609965,0.40469208211143687,0.3401759530791788,0.2551319648093841,0.21407624633431094,0.17008797653958943,0.0469208211143695,0.19061583577712593,0.17008797653958938,0.2082111436950146
687570,"Prielipp, Connor",2026,192,0.42708333333333326,0.5729166666666665,0.2604166666666665,0.23437500000000003,0.07812500000000001,0.34375000000000006,0.390625,0.265625,0.16666666666666666,0.1822916666666667,0.07812500000000001,0.1770833333333334,0.2083333333333333,0.1875
686993,"Sterner, Justin",2026,131,0.4122137404580153,0.5877862595419847,0.3206106870229008,0.1984732824427481,0.06870229007633587,0.381679389312977,0.3893129770992367,0.22900763358778634,0.20610687022900764,0.16030534351145043,0.045801526717557245,0.17557251908396937,0.22900763358778625,0.1832061068702291
608372,"Sugano, Tomoyuki",2026,323,0.3653250773993808,0.6346749226006189,0.3157894736842105,0.27554179566563447,0.04334365325077399,0.3931888544891641,0.3808049535603717,0.22600619195046442,0.18266253869969046,0.1393188854489165,0.043343653250773995,0.21052631578947362,0.2414860681114552,0.18266253869969043
669302,"Gilbert, Logan",2026,313,0.3738019169329074,0.6261980830670929,0.29392971246006405,0.2428115015974441,0.08945686900958467,0.4249201277955271,0.3833865814696486,0.19169329073482422,0.2044728434504793,0.13738019169329074,0.031948881789137386,0.22044728434504782,0.24600638977635786,0.15974440894568684
691799,"Taylor, Grant",2026,119,0.4453781512605041,0.5546218487394958,0.2773109243697479,0.25210084033613445,0.025210084033613446,0.3529411764705882,0.32773109243697474,0.31932773109243695,0.23529411764705882,0.1176470588235294,0.09243697478991597,0.11764705882352938,0.21008403361344535,0.22689075630252098
686799,"Kochanowicz, Jack",2026,208,0.5721153846153845,0.42788461538461536,0.19711538461538458,0.1875,0.04326923076923077,0.4182692307692308,0.3461538461538461,0.2355769230769231,0.28846153846153844,0.20673076923076927,0.07692307692307691,0.12980769230769235,0.13942307692307682,0.1586538461538462
500779,"Quintana, Jose",2026,143,0.35664335664335667,0.6433566433566433,0.3076923076923077,0.23076923076923073,0.1048951048951049,0.46153846153846156,0.29370629370629364,0.24475524475524474,0.1958041958041959,0.12587412587412586,0.03496503496503496,0.2657342657342657,0.16783216783216778,0.2097902097902098
667755,"Soriano, José",2026,311,0.5241157556270096,0.4758842443729904,0.21543408360128616,0.21864951768488752,0.04180064308681672,0.4083601286173635,0.42443729903536986,0.1672025723472669,0.2540192926045016,0.22508038585209011,0.04501607717041802,0.15434083601286186,0.19935691318327975,0.12218649517684887
650911,"Sánchez, Cristopher",2026,370,0.575675675675676,0.4243243243243244,0.18108108108108112,0.20810810810810815,0.03513513513513513,0.40540540540540554,0.38108108108108096,0.21351351351351353,0.26216216216216204,0.23783783783783782,0.07567567567567567,0.1432432432432435,0.14324324324324314,0.13783783783783787
668984,"Legumina, Casey",2026,135,0.4,0.6000000000000001,0.2888888888888891,0.25925925925925924,0.05185185185185186,0.34814814814814815,0.36296296296296293,0.28888888888888886,0.1851851851851852,0.14814814814814817,0.06666666666666671,0.16296296296296295,0.21481481481481476,0.22222222222222215
805123,"Blubaugh, AJ",2026,174,0.3448275862068967,0.6551724137931034,0.33908045977011486,0.23563218390804597,0.08045977011494254,0.36781609195402304,0.32758620689655166,0.30459770114942525,0.14367816091954022,0.12643678160919544,0.07471264367816094,0.22413793103448282,0.20114942528735621,0.2298850574712643
663554,"Mize, Casey",2026,236,0.3347457627118645,0.6652542372881357,0.29661016949152547,0.25847457627118653,0.11016949152542377,0.40677966101694907,0.33050847457627125,0.2627118644067796,0.1949152542372881,0.11864406779661019,0.021186440677966108,0.21186440677966098,0.21186440677966106,0.24152542372881353
670950,"Richards, Trevor",2026,119,0.3193277310924369,0.680672268907563,0.35294117647058826,0.20168067226890757,0.12605042016806725,0.3697478991596637,0.32773109243697474,0.30252100840336144,0.14285714285714285,0.10924369747899161,0.06722689075630253,0.22689075630252087,0.21848739495798314,0.2352941176470589
669432,"Rogers, Trevor",2026,319,0.3981191222570535,0.6018808777429466,0.24137931034482757,0.238244514106583,0.12225705329153601,0.3699059561128526,0.3949843260188088,0.2351097178683386,0.18181818181818185,0.17241379310344832,0.04388714733542318,0.18808777429467075,0.22257053291536047,0.19122257053291541
607074,"Rodón, Carlos",2026,115,0.4260869565217392,0.5739130434782608,0.24347826086956526,0.26956521739130423,0.0608695652173913,0.4434782608695652,0.3739130434782609,0.18260869565217389,0.24347826086956523,0.12173913043478263,0.060869565217391314,0.19999999999999998,0.25217391304347825,0.12173913043478257
672782,"Gómez, Yoendrys",2026,136,0.27941176470588236,0.7205882352941178,0.3382352941176472,0.22058823529411767,0.16176470588235298,0.4044117647058822,0.3529411764705882,0.24264705882352935,0.1323529411764706,0.09558823529411764,0.05147058823529413,0.2720588235294116,0.25735294117647056,0.19117647058823523
664199,"Clarke, Taylor",2026,141,0.5035460992907801,0.4964539007092199,0.23404255319148934,0.17730496453900713,0.08510638297872342,0.46808510638297884,0.30496453900709214,0.22695035460992916,0.29078014184397166,0.15602836879432627,0.05673758865248228,0.17730496453900718,0.14893617021276587,0.1702127659574469
686973,"Varland, Louis",2026,116,0.5689655172413793,0.4310344827586207,0.19827586206896555,0.20689655172413793,0.025862068965517238,0.23275862068965525,0.4999999999999999,0.2672413793103447,0.15517241379310343,0.3448275862068966,0.0689655172413793,0.07758620689655182,0.15517241379310331,0.1982758620689654
683004,"Leiter, Jack",2026,233,0.37339055793991427,0.6266094420600858,0.31330472103004303,0.24463519313304713,0.06866952789699571,0.39484978540772514,0.36480686695278963,0.240343347639485,0.19742489270386268,0.14163090128755365,0.03433476394849786,0.19742489270386246,0.22317596566523598,0.20600858369098715
663738,"Lynch IV, Daniel",2026,124,0.5080645161290323,0.49193548387096797,0.2500000000000001,0.18548387096774205,0.05645161290322581,0.4032258064516129,0.411290322580645,0.18548387096774202,0.28225806451612906,0.21774193548387097,0.008064516129032258,0.12096774193548382,0.19354838709677405,0.17741935483870977
669947,"Scholtens, Jesse",2026,120,0.36666666666666664,0.6333333333333334,0.26666666666666666,0.24166666666666675,0.12500000000000003,0.4749999999999999,0.32500000000000023,0.20000000000000004,0.22499999999999998,0.12500000000000003,0.01666666666666667,0.24999999999999994,0.2000000000000002,0.18333333333333338
660853,"De Los Santos, Enyel",2026,139,0.3597122302158272,0.6402877697841727,0.29496402877697836,0.2446043165467627,0.10071942446043164,0.4028776978417266,0.3525179856115108,0.2446043165467626,0.18705035971223025,0.12949640287769776,0.04316546762589929,0.21582733812949637,0.22302158273381306,0.2014388489208633
621121,"McCullers Jr., Lance",2026,118,0.44067796610169485,0.559322033898305,0.24576271186440676,0.22033898305084743,0.09322033898305085,0.4830508474576271,0.30508474576271183,0.21186440677966092,0.27118644067796616,0.15254237288135597,0.016949152542372888,0.21186440677966095,0.15254237288135586,0.19491525423728803
680570,"Rodriguez, Grayson",2026,133,0.30075187969924816,0.699248120300752,0.3007518796992481,0.3533834586466167,0.04511278195488722,0.3909774436090225,0.40601503759398494,0.20300751879699253,0.16541353383458648,0.10526315789473684,0.030075187969924814,0.225563909774436,0.3007518796992481,0.17293233082706772
686790,"McDonald, Trevor",2026,217,0.5437788018433177,0.45622119815668205,0.1751152073732719,0.23963133640552997,0.041474654377880164,0.3963133640552995,0.38709677419354843,0.21658986175115205,0.26267281105990786,0.20276497695852533,0.0783410138248848,0.13364055299539163,0.1843317972350231,0.13824884792626724
689254,"Fluharty, Mason",2026,112,0.3839285714285714,0.6160714285714285,0.29464285714285715,0.25892857142857134,0.06249999999999999,0.3214285714285714,0.4375,0.2410714285714286,0.16071428571428575,0.1785714285714285,0.04464285714285714,0.16071428571428564,0.2589285714285715,0.19642857142857145
671922,"Smith, Cade",2026,114,0.3947368421052632,0.6052631578947368,0.30701754385964913,0.2280701754385965,0.07017543859649124,0.3596491228070176,0.3859649122807016,0.25438596491228066,0.1929824561403509,0.14035087719298242,0.0614035087719298,0.1666666666666667,0.2456140350877192,0.19298245614035087
668674,"Erceg, Lucas",2026,122,0.5163934426229507,0.48360655737704916,0.17213114754098366,0.22950819672131145,0.08196721311475409,0.40983606557377056,0.31147540983606553,0.27868852459016397,0.26229508196721313,0.16393442622950818,0.09016393442622951,0.14754098360655743,0.14754098360655735,0.18852459016393447
702273,"Schultz, Noah",2026,169,0.36686390532544366,0.6331360946745563,0.2840236686390534,0.25443786982248523,0.09467455621301775,0.3905325443786981,0.33136094674556216,0.2781065088757396,0.20118343195266267,0.11834319526627217,0.04733727810650889,0.18934911242603544,0.21301775147928997,0.23076923076923073
660761,"Suarez, José",2026,153,0.45098039215686275,0.5490196078431373,0.22222222222222227,0.26143790849673204,0.06535947712418305,0.45751633986928103,0.4052287581699347,0.13725490196078433,0.2483660130718955,0.16993464052287588,0.03267973856209152,0.20915032679738554,0.23529411764705882,0.1045751633986928
687064,"Young, Brandon",2026,299,0.4180602006688964,0.5819397993311036,0.2575250836120401,0.24414715719063537,0.08026755852842812,0.4147157190635451,0.3979933110367894,0.18729096989966557,0.22073578595317725,0.16053511705685614,0.036789297658862866,0.19397993311036785,0.23745819397993329,0.1505016722408027
676879,"Ashby, Aaron",2026,147,0.5034013605442174,0.49659863945578225,0.20408163265306115,0.2312925170068027,0.06122448979591837,0.3197278911564625,0.4149659863945578,0.26530612244897955,0.20408163265306126,0.20408163265306126,0.09523809523809525,0.11564625850340124,0.21088435374149653,0.17006802721088432
681982,"Anderson, Grant",2026,122,0.3688524590163936,0.6311475409836067,0.2950819672131148,0.19672131147540986,0.13934426229508198,0.4426229508196721,0.34426229508196726,0.21311475409836067,0.18852459016393444,0.14754098360655735,0.03278688524590165,0.25409836065573765,0.19672131147540992,0.18032786885245902
801403,"Dollander, Chase",2026,121,0.49586776859504145,0.5041322314049588,0.2479338842975207,0.17355371900826444,0.08264462809917356,0.2975206611570248,0.42975206611570244,0.2727272727272729,0.19008264462809915,0.2644628099173553,0.04132231404958678,0.10743801652892565,0.1652892561983471,0.2314049586776861
592662,"Ray, Robbie",2026,333,0.3603603603603602,0.6396396396396398,0.36336336336336345,0.2132132132132132,0.06306306306306306,0.34534534534534544,0.3093093093093094,0.34534534534534544,0.1771771771771772,0.11411411411411417,0.06906906906906907,0.16816816816816824,0.19519519519519524,0.2762762762762764
605400,"Nola, Aaron",2026,326,0.3987730061349694,0.6012269938650308,0.28834355828220865,0.24233128834355824,0.07055214723926381,0.420245398773006,0.3496932515337423,0.23006134969325154,0.2177914110429448,0.1380368098159509,0.042944785276073635,0.20245398773006118,0.2116564417177914,0.1871165644171779
676083,"Junk, Janson",2026,222,0.45045045045045035,0.5495495495495497,0.22522522522522523,0.18918918918918926,0.13513513513513514,0.4054054054054055,0.3468468468468467,0.24774774774774777,0.20720720720720723,0.2027027027027027,0.04054054054054054,0.19819819819819826,0.144144144144144,0.20720720720720723
573124,"Rogers, Taylor",2026,122,0.3524590163934427,0.6475409836065574,0.319672131147541,0.2704918032786886,0.05737704918032787,0.43442622950819676,0.3032786885245902,0.2622950819672131,0.1557377049180328,0.12295081967213115,0.07377049180327871,0.27868852459016397,0.18032786885245908,0.18852459016393436
665871,"Assad, Javier",2026,202,0.4504950495049506,0.5495049504950494,0.29207920792079206,0.18811881188118812,0.0693069306930693,0.34158415841584155,0.43069306930693074,0.22772277227722773,0.2227722772277228,0.18316831683168325,0.04455445544554455,0.11881188118811875,0.2475247524752475,0.18316831683168316
621111,"Buehler, Walker",2026,284,0.4507042253521127,0.5492957746478873,0.24295774647887325,0.2535211267605633,0.052816901408450724,0.39084507042253536,0.4049295774647888,0.204225352112676,0.221830985915493,0.19366197183098594,0.035211267605633784,0.16901408450704236,0.21126760563380287,0.16901408450704222
694819,"Misiorowski, Jacob",2026,230,0.4695652173913044,0.5304347826086957,0.2304347826086957,0.21739130434782608,0.08260869565217392,0.30000000000000004,0.3565217391304348,0.34347826086956496,0.18695652173913044,0.19130434782608702,0.09130434782608701,0.1130434782608696,0.16521739130434776,0.2521739130434779
547179,"Lorenzen, Michael",2026,360,0.4444444444444445,0.5555555555555558,0.2500000000000003,0.25833333333333325,0.04722222222222222,0.4194444444444443,0.363888888888889,0.21666666666666667,0.2333333333333333,0.15833333333333333,0.05277777777777777,0.18611111111111098,0.20555555555555566,0.16388888888888892
640455,"Manaea, Sean",2026,256,0.4023437499999999,0.59765625,0.27734374999999994,0.25781250000000006,0.062499999999999986,0.41796875,0.30468750000000006,0.27734375,0.16406250000000006,0.17187500000000003,0.06640625000000004,0.25390624999999994,0.13281250000000003,0.21093749999999994
679883,"Avila, Luinder",2026,179,0.4916201117318436,0.5083798882681565,0.2569832402234638,0.20111731843575417,0.05027932960893855,0.4022346368715083,0.3687150837988827,0.22905027932960897,0.2458100558659218,0.2011173184357542,0.04469273743016761,0.15642458100558648,0.16759776536312848,0.18435754189944137
622491,"Castillo, Luis",2026,297,0.3905723905723905,0.6094276094276094,0.27946127946127947,0.25252525252525254,0.07744107744107746,0.38720538720538716,0.32659932659932656,0.2861952861952862,0.19528619528619523,0.1346801346801347,0.0606060606060606,0.19191919191919193,0.19191919191919185,0.22558922558922562
693433,"Woo, Bryan",2026,334,0.3922155688622755,0.6077844311377245,0.28143712574850294,0.2335329341317365,0.09281437125748504,0.38323353293413176,0.34131736526946116,0.27544910179640714,0.22455089820359286,0.12874251497005984,0.03892215568862276,0.1586826347305389,0.21257485029940132,0.23652694610778438
696147,"Bachman, Sam",2026,115,0.4869565217391304,0.5130434782608696,0.22608695652173916,0.23478260869565215,0.052173913043478244,0.4608695652173912,0.3043478260869565,0.23478260869565218,0.2782608695652174,0.13043478260869562,0.07826086956521737,0.1826086956521738,0.17391304347826086,0.15652173913043482
695418,"Lord, Brad",2026,169,0.5857988165680474,0.4142011834319526,0.1893491124260355,0.1715976331360946,0.053254437869822494,0.3846153846153845,0.36686390532544394,0.2485207100591716,0.24260355029585795,0.22485207100591714,0.11834319526627222,0.14201183431952658,0.1420118343195268,0.13017751479289935
669160,"May, Dustin",2026,297,0.43097643097643085,0.569023569023569,0.22895622895622897,0.25925925925925924,0.08080808080808083,0.33670033670033667,0.37710437710437705,0.2861952861952862,0.1818181818181819,0.1919191919191919,0.05723905723905725,0.15488215488215476,0.18518518518518515,0.22895622895622897
702056,"Yesavage, Trey",2026,222,0.35135135135135126,0.6486486486486486,0.27477477477477485,0.2612612612612611,0.11261261261261266,0.37837837837837845,0.36036036036036034,0.26126126126126126,0.19369369369369369,0.11711711711711714,0.04054054054054056,0.18468468468468477,0.2432432432432432,0.2207207207207207
672456,"Montero, Keider",2026,316,0.4177215189873417,0.5822784810126584,0.2531645569620254,0.1930379746835444,0.13607594936708864,0.36075949367088606,0.38607594936708856,0.2531645569620254,0.17721518987341778,0.1772151898734177,0.06329113924050629,0.18354430379746828,0.20886075949367086,0.1898734177215191
682243,"Miller, Bryce",2026,181,0.36464088397790057,0.6353591160220995,0.34806629834254144,0.20441988950276246,0.08287292817679559,0.4143646408839779,0.34254143646408836,0.2430939226519338,0.1933701657458564,0.13259668508287287,0.03867403314917126,0.2209944751381215,0.2099447513812155,0.20441988950276255
663978,"Paddack, Chris",2026,206,0.39320388349514573,0.6067961165048545,0.2912621359223302,0.25728155339805825,0.058252427184466056,0.4029126213592233,0.34466019417475724,0.2524271844660194,0.22330097087378648,0.1310679611650486,0.03883495145631067,0.1796116504854368,0.21359223300970864,0.21359223300970875
676534,"Faucher, Calvin",2026,119,0.5294117647058824,0.47058823529411786,0.19327731092436984,0.277310924369748,0,0.3613445378151259,0.3361344537815126,0.3025210084033613,0.25210084033613445,0.19327731092436976,0.08403361344537813,0.10924369747899143,0.14285714285714282,0.2184873949579832
660271,"Ohtani, Shohei",2026,213,0.5211267605633803,0.4788732394366196,0.20187793427230044,0.18779342723004688,0.08920187793427227,0.3990610328638498,0.34741784037558676,0.2535211267605633,0.2535211267605635,0.19248826291079815,0.0751173708920188,0.14553990610328632,0.1549295774647886,0.1784037558685445
687911,"King, Bryan",2026,138,0.44927536231884063,0.5507246376811594,0.18840579710144928,0.27536231884057966,0.08695652173913043,0.42753623188405804,0.3260869565217392,0.24637681159420297,0.27536231884057966,0.1231884057971015,0.050724637681159424,0.15217391304347838,0.2028985507246377,0.19565217391304354
685299,"Gordon, Tanner",2026,189,0.3492063492063493,0.650793650793651,0.34920634920634935,0.24867724867724872,0.05291005291005291,0.42328042328042326,0.3015873015873017,0.2751322751322753,0.18518518518518523,0.12169312169312169,0.04232804232804233,0.23809523809523803,0.17989417989418,0.23280423280423296
693855,"Seymour, Ian",2026,189,0.32275132275132284,0.677248677248677,0.3386243386243385,0.2275132275132274,0.11111111111111112,0.4656084656084656,0.32275132275132273,0.21164021164021168,0.1904761904761904,0.10582010582010583,0.026455026455026467,0.2751322751322752,0.21693121693121692,0.18518518518518523
680732,"Burke, Sean",2026,309,0.3754045307443365,0.6245954692556634,0.29449838187702276,0.24271844660194175,0.08737864077669902,0.3915857605177995,0.3786407766990293,0.22977346278317157,0.16504854368932045,0.1488673139158576,0.06148867313915857,0.22653721682847902,0.22977346278317168,0.168284789644013
691725,"Painter, Andrew",2026,219,0.3972602739726029,0.6027397260273974,0.2876712328767125,0.21461187214611874,0.10045662100456623,0.37899543378995426,0.3789954337899544,0.24200913242009137,0.18721461187214614,0.14611872146118718,0.06392694063926942,0.19178082191780813,0.2328767123287672,0.17808219178082196
680694,"Bradish, Kyle",2026,314,0.5,0.5000000000000001,0.21656050955414013,0.20382165605095548,0.07961783439490448,0.3375796178343951,0.39490445859872597,0.267515923566879,0.20063694267515925,0.22292993630573252,0.07643312101910829,0.13694267515923586,0.17197452229299345,0.19108280254777069
647336,"Soroka, Michael",2026,232,0.38793103448275873,0.6120689655172412,0.28017241379310326,0.2413793103448276,0.09051724137931036,0.4353448275862069,0.331896551724138,0.23275862068965522,0.21982758620689655,0.14224137931034475,0.025862068965517227,0.21551724137931036,0.18965517241379326,0.20689655172413798
665795,"Cabrera, Edward",2026,213,0.4413145539906103,0.5586854460093897,0.23474178403755872,0.26760563380281693,0.056338028169014086,0.488262910798122,0.30516431924882625,0.2065727699530516,0.2535211267605633,0.13615023474178406,0.05164319248826292,0.2347417840375587,0.1690140845070422,0.1549295774647887
622663,"Severino, Luis",2026,173,0.4508670520231214,0.5491329479768786,0.2658959537572254,0.2369942196531792,0.04624277456647399,0.36416184971098253,0.4104046242774565,0.22543352601156078,0.2369942196531791,0.1907514450867052,0.023121387283236997,0.12716763005780343,0.2196531791907513,0.20231213872832376
700712,"Ureña, Walbert",2026,241,0.5435684647302904,0.45643153526970964,0.2199170124481328,0.19087136929460585,0.04564315352697096,0.4107883817427387,0.34854771784232375,0.2406639004149378,0.2946058091286308,0.18257261410788383,0.06639004149377593,0.11618257261410786,0.1659751037344399,0.17427385892116187
669373,"Skubal, Tarik",2026,222,0.48198198198198217,0.518018018018018,0.22522522522522517,0.22972972972972971,0.06306306306306307,0.40990990990991005,0.38288288288288297,0.2072072072072072,0.22972972972973,0.19819819819819828,0.05405405405405407,0.18018018018018006,0.18468468468468469,0.15315315315315314
543037,"Cole, Gerrit",2026,174,0.3275862068965516,0.6724137931034484,0.3275862068965517,0.24712643678160928,0.09770114942528738,0.4080459770114942,0.33333333333333337,0.2586206896551725,0.1839080459770115,0.10919540229885058,0.034482758620689655,0.2241379310344827,0.2241379310344828,0.22413793103448282
677944,"Cecconi, Slade",2026,336,0.4553571428571428,0.5446428571428571,0.25,0.24107142857142855,0.05357142857142857,0.3779761904761905,0.4017857142857142,0.22023809523809523,0.2202380952380952,0.19047619047619055,0.04464285714285714,0.15773809523809532,0.21130952380952364,0.17559523809523808
694738,"Roupp, Landen",2026,296,0.5202702702702703,0.4797297297297299,0.2060810810810811,0.22635135135135143,0.0472972972972973,0.43918918918918914,0.3547297297297295,0.20608108108108109,0.29054054054054046,0.17567567567567577,0.05405405405405407,0.14864864864864868,0.17905405405405372,0.15202702702702703
571948,"Milner, Hoby",2026,119,0.4369747899159664,0.5630252100840337,0.23529411764705888,0.26890756302521013,0.058823529411764705,0.3025210084033612,0.45378151260504196,0.24369747899159663,0.21848739495798317,0.1848739495798319,0.033613445378151245,0.08403361344537805,0.2689075630252101,0.21008403361344538
670167,"Schreiber, John",2026,119,0.453781512605042,0.5462184873949578,0.226890756302521,0.2605042016806721,0.05882352941176469,0.37815126050420167,0.3697478991596639,0.2521008403361344,0.18487394957983194,0.21848739495798322,0.05042016806722689,0.19327731092436973,0.15126050420168066,0.2016806722689075
676282,"Cantillo, Joey",2026,304,0.45723684210526316,0.5427631578947368,0.2763157894736842,0.20065789473684217,0.06578947368421051,0.40789473684210514,0.34210526315789475,0.24999999999999994,0.22039473684210528,0.16118421052631582,0.07565789473684213,0.18749999999999986,0.18092105263157893,0.1743421052631578
544150,"Suárez, Albert",2026,126,0.3412698412698413,0.6587301587301589,0.27777777777777796,0.29365079365079366,0.08730158730158728,0.3730158730158729,0.30158730158730174,0.32539682539682535,0.1746031746031746,0.11904761904761905,0.04761904761904762,0.19841269841269832,0.18253968253968267,0.27777777777777773
687396,"Headrick, Brent",2026,131,0.37404580152671746,0.6259541984732824,0.24427480916030533,0.28244274809160297,0.09923664122137404,0.3435114503816794,0.3816793893129772,0.27480916030534347,0.16793893129771,0.16793893129770998,0.03816793893129771,0.1755725190839694,0.2137404580152672,0.23664122137404575
681035,"Scott, Christian",2026,159,0.3333333333333334,0.6666666666666663,0.283018867924528,0.2893081761006289,0.09433962264150943,0.34591194968553446,0.35849056603773577,0.2955974842767295,0.14465408805031443,0.15094339622641512,0.03773584905660378,0.20125786163522003,0.20754716981132065,0.25786163522012573
808967,"Yamamoto, Yoshinobu",2026,332,0.47590361445783125,0.5240963855421688,0.2409638554216868,0.22891566265060245,0.05421686746987954,0.4367469879518072,0.3313253012048194,0.23192771084337352,0.2530120481927712,0.1506024096385542,0.07228915662650602,0.18373493975903604,0.1807228915662652,0.1596385542168675
596001,"Junis, Jakob",2026,116,0.41379310344827586,0.586206896551724,0.2499999999999999,0.2758620689655172,0.0603448275862069,0.43965517241379304,0.35344827586206895,0.20689655172413798,0.22413793103448276,0.15517241379310348,0.03448275862068966,0.21551724137931028,0.19827586206896547,0.17241379310344832
663623,"Irvin, Jake",2026,142,0.4014084507042254,0.5985915492957746,0.30281690140845063,0.2323943661971831,0.06338028169014086,0.3873239436619719,0.352112676056338,0.2605633802816901,0.15492957746478875,0.19014084507042253,0.056338028169014086,0.23239436619718318,0.16197183098591547,0.20422535211267603
677952,"Ashcraft, Braxton",2026,317,0.4384858044164039,0.5615141955835963,0.2649842271293375,0.22397476340694009,0.07255520504731867,0.3596214511041009,0.4069400630914827,0.23343848580441642,0.1892744479495268,0.1987381703470032,0.05047318611987382,0.17034700315457407,0.20820189274447948,0.18296529968454261
682052,"Lopez, Jacob",2026,206,0.3300970873786408,0.6699029126213591,0.320388349514563,0.2087378640776699,0.1407766990291262,0.3689320388349514,0.39320388349514573,0.2378640776699029,0.1407766990291263,0.1359223300970874,0.05339805825242716,0.2281553398058251,0.25728155339805836,0.18446601941747573
669270,"Kuhnel, Joel",2026,119,0.5042016806722688,0.49579831932773116,0.1596638655462185,0.2605042016806723,0.07563025210084033,0.47058823529411753,0.36134453781512593,0.16806722689075626,0.2773109243697479,0.19327731092436976,0.03361344537815126,0.19327731092436962,0.16806722689075618,0.134453781512605
571510,"Boyd, Matthew",2026,170,0.4235294117647059,0.576470588235294,0.2411764705882353,0.2470588235294116,0.08823529411764705,0.41764705882352926,0.34705882352941186,0.23529411764705882,0.19411764705882353,0.17647058823529407,0.052941176470588235,0.22352941176470573,0.1705882352941178,0.18235294117647058
605288,"Houser, Adrian",2026,280,0.44285714285714284,0.5571428571428569,0.24999999999999983,0.23214285714285712,0.07499999999999997,0.38928571428571423,0.36071428571428565,0.25000000000000006,0.23214285714285712,0.1714285714285715,0.0392857142857143,0.1571428571428571,0.18928571428571414,0.21071428571428574
808963,"Sasaki, Roki",2026,264,0.4280303030303031,0.5719696969696971,0.2727272727272728,0.21212121212121218,0.08712121212121213,0.3712121212121212,0.3674242424242423,0.2613636363636364,0.23106060606060605,0.15909090909090912,0.03787878787878789,0.14015151515151517,0.2083333333333332,0.2234848484848485
837227,"Imai, Tatsuya",2026,147,0.4421768707482994,0.5578231292517007,0.2585034013605441,0.23809523809523817,0.061224489795918394,0.3537414965986395,0.36054421768707473,0.2857142857142856,0.21768707482993202,0.15646258503401358,0.06802721088435372,0.1360544217687075,0.20408163265306115,0.21768707482993188
641927,"Ober, Bailey",2026,257,0.3463035019455253,0.6536964980544746,0.29571984435797655,0.2062256809338521,0.1517509727626459,0.4319066147859921,0.32684824902723736,0.24124513618677054,0.2023346303501946,0.10894941634241245,0.03501945525291828,0.22957198443579752,0.2178988326848249,0.20622568093385227
675848,"Mejia, Juan",2026,134,0.4253731343283583,0.5746268656716418,0.2611940298507463,0.2537313432835821,0.059701492537313425,0.33582089552238814,0.3880597014925372,0.2761194029850746,0.1940298507462687,0.16417910447761194,0.06716417910447761,0.14179104477611945,0.22388059701492527,0.20895522388059698
690986,"Harrison, Kyle",2026,216,0.3842592592592594,0.6157407407407406,0.3009259259259259,0.25,0.0648148148148148,0.3935185185185185,0.3240740740740741,0.2824074074074073,0.20833333333333337,0.125,0.05092592592592591,0.18518518518518512,0.19907407407407413,0.23148148148148137
656492,"Griffin, Foster",2026,350,0.46285714285714263,0.5371428571428571,0.24571428571428572,0.22857142857142862,0.06285714285714285,0.43142857142857155,0.3714285714285714,0.1971428571428573,0.22857142857142856,0.18571428571428564,0.04857142857142858,0.20285714285714299,0.18571428571428575,0.14857142857142872
518876,"Kelly, Merrill",2026,342,0.4093567251461988,0.5906432748538012,0.2719298245614036,0.2748538011695906,0.043859649122807015,0.42690058479532156,0.38304093567251457,0.19005847953216373,0.23684210526315783,0.13157894736842107,0.04093567251461989,0.19005847953216373,0.2514619883040935,0.14912280701754385
663969,"Phillips, Tyler",2026,245,0.46938775510204084,0.5306122448979592,0.26530612244897955,0.23265306122448987,0.0326530612244898,0.39591836734693886,0.3387755102040817,0.26530612244897955,0.26122448979591834,0.14285714285714288,0.06530612244897958,0.13469387755102052,0.19591836734693882,0.19999999999999996
594580,"Moll, Sam",2026,111,0.5675675675675677,0.4324324324324324,0.1801801801801802,0.18018018018018017,0.07207207207207206,0.3333333333333332,0.42342342342342326,0.2432432432432432,0.23423423423423428,0.26126126126126126,0.07207207207207207,0.09909909909909892,0.162162162162162,0.17117117117117114
669358,"Baz, Shane",2026,357,0.3921568627450981,0.6078431372549018,0.2549019607843137,0.29131652661064417,0.06162464985994398,0.3613445378151261,0.3669467787114847,0.27170868347338945,0.18767507002801118,0.1708683473389356,0.03361344537815127,0.17366946778711492,0.19607843137254907,0.23809523809523817
676440,"Bibee, Tanner",2026,374,0.39572192513368976,0.60427807486631,0.2754010695187164,0.24598930481283424,0.08288770053475936,0.37433155080213903,0.3636363636363635,0.2620320855614974,0.15508021390374335,0.17914438502673805,0.06149732620320853,0.21925133689839568,0.18449197860962543,0.20053475935828885
702474,"Paredes, Mike",2026,118,0.3898305084745763,0.6101694915254239,0.2966101694915256,0.2627118644067797,0.050847457627118633,0.483050847457627,0.3220338983050849,0.1949152542372881,0.24576271186440685,0.11864406779661019,0.02542372881355932,0.23728813559322015,0.2033898305084747,0.16949152542372878
571927,"Matz, Steven",2026,169,0.36686390532544383,0.633136094674556,0.272189349112426,0.30177514792899396,0.059171597633136085,0.3431952662721894,0.4023668639053255,0.2544378698224852,0.1834319526627219,0.14792899408284022,0.03550295857988166,0.1597633136094675,0.2544378698224853,0.2189349112426035
700241,"McGreevy, Michael",2026,353,0.4645892351274788,0.5354107648725213,0.26345609065155806,0.24079320113314445,0.031161473087818685,0.3541076487252125,0.41643059490084994,0.2294617563739377,0.20679886685552404,0.1983002832861189,0.059490084985835676,0.14730878186968846,0.21813031161473104,0.16997167138810204
664141,"Brubaker, JT",2026,142,0.38028169014084506,0.6197183098591551,0.29577464788732394,0.2746478873239438,0.049295774647887355,0.38732394366197187,0.4436619718309861,0.16901408450704228,0.18309859154929584,0.16901408450704228,0.028169014084507053,0.20422535211267603,0.27464788732394385,0.14084507042253522
621112,"Blackburn, Paul",2026,156,0.576923076923077,0.42307692307692313,0.21153846153846162,0.17948717948717943,0.03205128205128205,0.3910256410256411,0.4423076923076923,0.16666666666666666,0.23076923076923075,0.3012820512820513,0.044871794871794865,0.16025641025641033,0.14102564102564097,0.12179487179487179
691587,"Pérez, Eury",2026,247,0.3886639676113359,0.611336032388664,0.2874493927125506,0.19838056680161942,0.12550607287449397,0.41700404858299595,0.37246963562753044,0.21052631578947367,0.21457489878542518,0.11740890688259112,0.05668016194331985,0.20242914979757076,0.25506072874493935,0.15384615384615383
592332,"Gausman, Kevin",2026,339,0.3982300884955753,0.6017699115044248,0.25073746312684375,0.25368731563421826,0.0973451327433628,0.38053097345132747,0.3657817109144544,0.25368731563421837,0.18879056047197634,0.1563421828908555,0.05309734513274337,0.19174041297935113,0.2094395280235989,0.200589970501475
650633,"King, Michael",2026,329,0.44680851063829796,0.5531914893617021,0.2553191489361702,0.21276595744680854,0.08510638297872343,0.3829787234042555,0.3890577507598785,0.22796352583586632,0.23708206686930106,0.1641337386018238,0.045592705167173245,0.14589665653495443,0.2249240121580547,0.1823708206686931
666157,"Lodolo, Nick",2026,193,0.43005181347150256,0.5699481865284975,0.2538860103626943,0.2746113989637307,0.041450777202072527,0.30569948186528506,0.4248704663212436,0.2694300518134714,0.17616580310880828,0.19689119170984462,0.05699481865284975,0.12953367875647678,0.22797927461139897,0.21243523316062166
688107,"Gasser, Robert",2026,171,0.31578947368421056,0.6842105263157896,0.3040935672514621,0.2690058479532164,0.11111111111111116,0.3801169590643274,0.3216374269005848,0.29824561403508765,0.16374269005847952,0.1169590643274854,0.035087719298245626,0.21637426900584789,0.20467836257309938,0.26315789473684204
680736,"Wrobleski, Justin",2026,320,0.409375,0.590625,0.30625,0.240625,0.04375,0.3687500000000001,0.37187500000000007,0.2593750000000001,0.23125000000000007,0.14062499999999997,0.037500000000000006,0.1375,0.2312500000000001,0.22187500000000007
677958,"Rocker, Kumar",2026,286,0.4475524475524475,0.5524475524475524,0.22027972027972026,0.2517482517482517,0.0804195804195804,0.41958041958041953,0.3846153846153847,0.19580419580419575,0.24825174825174823,0.16083916083916083,0.03846153846153847,0.1713286713286713,0.22377622377622386,0.1573426573426573
678022,"Perkins, Jack",2026,178,0.3370786516853932,0.6629213483146069,0.3426966292134832,0.2696629213483147,0.050561797752808994,0.3202247191011235,0.3651685393258427,0.3146067415730337,0.15730337078651688,0.11235955056179776,0.0674157303370787,0.1629213483146066,0.25280898876404495,0.247191011235955
663903,"Singer, Brady",2026,326,0.43558282208588955,0.5644171779141107,0.2822085889570554,0.25460122699386517,0.02760736196319018,0.39570552147239285,0.39570552147239274,0.20858895705521466,0.2024539877300612,0.19631901840490795,0.03680981595092025,0.19325153374233164,0.1993865030674848,0.1717791411042944
693645,"Schlittler, Cam",2026,327,0.4403669724770643,0.559633027522936,0.2721712538226302,0.21406727828746175,0.07339449541284403,0.34250764525993876,0.38837920489296635,0.26911314984709467,0.22018348623853218,0.15596330275229361,0.06422018348623854,0.12232415902140659,0.23241590214067273,0.20489296636085613
680730,"Parker, Mitchell",2026,129,0.4031007751937985,0.5968992248062015,0.27906976744186046,0.25581395348837205,0.06201550387596899,0.44961240310077516,0.30232558139534865,0.24806201550387597,0.20930232558139542,0.12403100775193801,0.06976744186046513,0.24031007751937974,0.17829457364341064,0.17829457364341084
656302,"Cease, Dylan",2026,239,0.4435146443514644,0.5564853556485354,0.2133891213389121,0.24267782426778234,0.10041841004184099,0.41004184100418417,0.3723849372384936,0.21757322175732216,0.20083682008368198,0.17154811715481172,0.07112970711297072,0.2092050209205022,0.20083682008368187,0.14644351464435146
701542,"Warren, Will",2026,297,0.4343434343434343,0.5656565656565656,0.24579124579124578,0.25252525252525254,0.06734006734006732,0.393939393939394,0.367003367003367,0.23905723905723913,0.19191919191919196,0.1986531986531987,0.043771043771043794,0.20202020202020202,0.1683501683501683,0.19528619528619534
669022,"Gore, MacKenzie",2026,322,0.3850931677018633,0.6149068322981367,0.2546583850931678,0.2888198757763975,0.07142857142857141,0.41304347826086946,0.3571428571428572,0.22981366459627334,0.20496894409937888,0.13664596273291918,0.0434782608695652,0.20807453416149058,0.22049689440993803,0.18633540372670815
687330,"Kelly, Kevin",2026,133,0.6015037593984964,0.39849624060150374,0.12030075187969927,0.27067669172932324,0.007518796992481199,0.3984962406015037,0.4661654135338345,0.13533834586466167,0.2857142857142858,0.29323308270676696,0.022556390977443615,0.11278195488721787,0.17293233082706755,0.11278195488721807
663947,"Holton, Tyler",2026,148,0.4864864864864865,0.5135135135135135,0.17567567567567563,0.27027027027027034,0.06756756756756753,0.4256756756756758,0.358108108108108,0.21621621621621626,0.2567567567567568,0.18918918918918917,0.040540540540540536,0.16891891891891903,0.16891891891891883,0.1756756756756757
608331,"Fried, Max",2026,177,0.5084745762711864,0.4915254237288135,0.23163841807909602,0.18079096045197737,0.0790960451977401,0.3163841807909604,0.40112994350282494,0.2824858757062146,0.23163841807909605,0.20338983050847462,0.07344632768361585,0.08474576271186438,0.19774011299435032,0.20903954802259872
800311,"Fuentes, Didier",2026,115,0.3913043478260869,0.6086956521739132,0.2695652173913044,0.24347826086956526,0.09565217391304348,0.2695652173913043,0.3652173913043478,0.3652173913043479,0.18260869565217389,0.15652173913043477,0.05217391304347828,0.0869565217391304,0.20869565217391306,0.3130434782608696
702193,"Morris, Andrew",2026,143,0.46153846153846145,0.5384615384615383,0.27272727272727265,0.19580419580419578,0.0699300699300699,0.3496503496503497,0.3706293706293706,0.2797202797202797,0.1888111888111888,0.2027972027972029,0.06993006993006992,0.1608391608391609,0.16783216783216773,0.20979020979020976
668873,"Kilian, Caleb",2026,112,0.48214285714285715,0.5178571428571428,0.27678571428571425,0.16964285714285715,0.07142857142857142,0.3482142857142857,0.35714285714285726,0.2946428571428572,0.17857142857142863,0.19642857142857148,0.10714285714285715,0.16964285714285707,0.16071428571428578,0.18750000000000006
668964,"Myers, Tobias",2026,152,0.3289473684210526,0.6710526315789473,0.2828947368421053,0.2631578947368421,0.12500000000000003,0.3881578947368422,0.3486842105263158,0.2631578947368422,0.16447368421052633,0.11184210526315787,0.05263157894736841,0.22368421052631587,0.23684210526315796,0.21052631578947378
656794,"Newcomb, Sean",2026,147,0.5034013605442177,0.4965986394557822,0.15646258503401358,0.26530612244897955,0.0748299319727891,0.3401360544217687,0.41496598639455784,0.24489795918367352,0.2108843537414966,0.21768707482993202,0.07482993197278912,0.12925170068027209,0.19727891156462582,0.1700680272108844
695611,"Jump, Gage",2026,160,0.40625,0.59375,0.26875000000000004,0.275,0.04999999999999999,0.4,0.39999999999999986,0.20000000000000004,0.22500000000000003,0.13125,0.049999999999999996,0.175,0.2687499999999998,0.15000000000000005
622608,"Senzatela, Antonio",2026,149,0.4496644295302014,0.5503355704697986,0.28187919463087246,0.2147651006711409,0.053691275167785255,0.2953020134228188,0.4161073825503356,0.2885906040268457,0.15436241610738255,0.21476510067114096,0.08053691275167783,0.14093959731543626,0.20134228187919462,0.20805369127516787
641816,"Mahle, Tyler",2026,248,0.4314516129032259,0.5685483870967741,0.28225806451612895,0.2217741935483871,0.06451612903225809,0.37500000000000006,0.38306451612903236,0.24193548387096775,0.2137096774193549,0.1814516129032258,0.036290322580645164,0.16129032258064516,0.20161290322580655,0.2056451612903226
660825,"Bazardo, Eduard",2026,129,0.33333333333333326,0.6666666666666666,0.3023255813953488,0.27906976744186046,0.08527131782945738,0.2868217054263566,0.46511627906976755,0.24806201550387602,0.1317829457364341,0.17054263565891475,0.031007751937984496,0.1550387596899225,0.2945736434108528,0.21705426356589153
690997,"McLean, Nolan",2026,298,0.4731543624161074,0.5268456375838926,0.22483221476510065,0.24496644295302017,0.057046979865771834,0.37583892617449677,0.33892617449664436,0.28523489932885915,0.2214765100671141,0.19463087248322158,0.057046979865771834,0.15436241610738266,0.14429530201342278,0.2281879194630873
694477,"Patrick, Chad",2026,220,0.38636363636363635,0.6136363636363636,0.2863636363636363,0.22727272727272732,0.10000000000000002,0.3454545454545456,0.3454545454545454,0.309090909090909,0.1590909090909091,0.14545454545454545,0.08181818181818185,0.18636363636363654,0.19999999999999996,0.22727272727272718
663372,"Feltner, Ryan",2026,224,0.44196428571428564,0.5580357142857142,0.28571428571428564,0.2142857142857143,0.058035714285714295,0.4017857142857143,0.41071428571428586,0.1875000000000001,0.19196428571428564,0.2053571428571429,0.04464285714285716,0.20982142857142866,0.20535714285714296,0.14285714285714296
689296,"Nunez, Anthony",2026,116,0.4224137931034482,0.5775862068965517,0.25862068965517243,0.2327586206896552,0.08620689655172413,0.42241379310344823,0.28448275862068967,0.29310344827586204,0.1982758620689655,0.12931034482758622,0.09482758620689656,0.22413793103448273,0.15517241379310345,0.19827586206896547
687562,"Bennett, Jake",2026,176,0.47727272727272746,0.5227272727272727,0.24431818181818174,0.18750000000000006,0.09090909090909093,0.35795454545454536,0.3579545454545454,0.2840909090909092,0.22159090909090917,0.1647727272727272,0.09090909090909093,0.1363636363636362,0.1931818181818182,0.1931818181818183
699134,"Rodriguez, Bradgley",2026,125,0.5440000000000002,0.45599999999999996,0.20799999999999996,0.15999999999999998,0.088,0.44000000000000006,0.352,0.20800000000000005,0.26399999999999996,0.20000000000000007,0.08000000000000003,0.1760000000000001,0.1519999999999999,0.128
657612,"Hill, Tim",2026,127,0.6692913385826771,0.33070866141732286,0.15748031496062995,0.14173228346456695,0.031496062992126005,0.3858267716535433,0.3543307086614174,0.2598425196850392,0.3070866141732284,0.27559055118110226,0.08661417322834644,0.07874015748031488,0.07874015748031515,0.17322834645669274
668909,"Williams, Gavin",2026,312,0.4615384615384616,0.5384615384615385,0.24358974358974358,0.23397435897435903,0.06089743589743589,0.4262820512820515,0.32051282051282054,0.2532051282051282,0.25961538461538464,0.16346153846153846,0.038461538461538464,0.16666666666666685,0.15705128205128208,0.21474358974358973
641793,"Littell, Zack",2026,334,0.35029940119760483,0.6497005988023952,0.341317365269461,0.22455089820359286,0.0838323353293413,0.3892215568862274,0.3922155688622754,0.21856287425149704,0.18862275449101795,0.125748502994012,0.03592814371257486,0.20059880239520944,0.2664670658682634,0.18263473053892218
676760,"Marinaccio, Ron",2026,150,0.4199999999999999,0.58,0.26666666666666666,0.2266666666666666,0.08666666666666667,0.45999999999999996,0.34666666666666685,0.19333333333333338,0.21999999999999995,0.14666666666666664,0.0533333333333333,0.24000000000000002,0.2000000000000002,0.14000000000000007
554430,"Wheeler, Zack",2026,239,0.46443514644351475,0.5355648535564853,0.23012552301255232,0.20920502092050208,0.09623430962343098,0.36820083682008364,0.34309623430962344,0.28870292887029275,0.21338912133891205,0.192468619246862,0.05857740585774056,0.1548117154811716,0.15062761506276143,0.23012552301255218
669923,"Kirby, George",2026,346,0.476878612716763,0.523121387283237,0.254335260115607,0.21098265895953752,0.0578034682080925,0.32080924855491344,0.41329479768786137,0.26589595375722536,0.2138728323699422,0.19075144508670525,0.07225433526011563,0.10693641618497124,0.22254335260115612,0.19364161849710973
678606,"Ferrer, José A.",2026,133,0.5563909774436091,0.44360902255639095,0.2406015037593985,0.1654135338345864,0.03759398496240601,0.25563909774436083,0.43609022556390964,0.30827067669172925,0.18796992481203012,0.2556390977443609,0.11278195488721807,0.06766917293233071,0.18045112781954875,0.19548872180451118
625643,"López, Reynaldo",2026,193,0.38341968911917107,0.6165803108808289,0.26424870466321243,0.27461139896373055,0.077720207253886,0.3730569948186528,0.3471502590673575,0.2797927461139895,0.16580310880829016,0.15544041450777196,0.06217616580310879,0.20725388601036263,0.19170984455958556,0.21761658031088071
657044,"Thompson, Ryan",2026,127,0.5354330708661413,0.4645669291338581,0.14960629921259833,0.2283464566929133,0.08661417322834646,0.43307086614173224,0.4015748031496062,0.16535433070866146,0.24409448818897636,0.2125984251968504,0.07874015748031496,0.18897637795275588,0.1889763779527558,0.0866141732283465
678394,"Bello, Brayan",2026,235,0.5106382978723402,0.4893617021276595,0.22978723404255316,0.23829787234042552,0.021276595744680854,0.5021276595744681,0.31489361702127666,0.1829787234042554,0.27659574468085096,0.17446808510638293,0.059574468085106386,0.22553191489361718,0.14042553191489374,0.123404255319149
669387,"Mlodzinski, Carmen",2026,270,0.41481481481481475,0.5851851851851851,0.24444444444444446,0.27037037037037026,0.0703703703703704,0.3962962962962963,0.33333333333333337,0.2703703703703702,0.21481481481481485,0.14814814814814817,0.051851851851851864,0.18148148148148147,0.1851851851851852,0.21851851851851833
678906,"Teng, Kai-Wei",2026,193,0.3989637305699484,0.6010362694300521,0.23834196891191708,0.2797927461139898,0.08290155440414515,0.4041450777202072,0.35751295336787575,0.23834196891191714,0.21243523316062182,0.15544041450777202,0.03108808290155441,0.19170984455958537,0.20207253886010373,0.20725388601036274
657514,"Bernardino, Brennan",2026,130,0.4461538461538462,0.5538461538461538,0.24615384615384608,0.25384615384615383,0.053846153846153835,0.3307692307692307,0.4153846153846154,0.25384615384615383,0.21538461538461534,0.16153846153846158,0.06923076923076925,0.11538461538461536,0.25384615384615383,0.18461538461538457
670245,"Watson, Ryan",2026,162,0.3765432098765432,0.6234567901234569,0.24691358024691362,0.271604938271605,0.1049382716049383,0.3950617283950618,0.33333333333333315,0.2716049382716049,0.1851851851851852,0.14197530864197533,0.0493827160493827,0.20987654320987661,0.19135802469135782,0.2222222222222222
656288,"Canning, Griffin",2026,181,0.4640883977900553,0.5359116022099448,0.24861878453038677,0.22651933701657465,0.06077348066298343,0.4419889502762432,0.3480662983425413,0.20994475138121535,0.2596685082872928,0.16574585635359115,0.03867403314917127,0.18232044198895037,0.18232044198895017,0.1712707182320441
670036,"Festa, Matt",2026,129,0.33333333333333326,0.6666666666666666,0.23255813953488372,0.2945736434108526,0.13953488372093026,0.41860465116279083,0.34883720930232565,0.23255813953488375,0.18604651162790697,0.10852713178294578,0.03875968992248062,0.23255813953488386,0.24031007751937988,0.1937984496124031
693686,"Miles, Spencer",2026,190,0.531578947368421,0.4684210526315789,0.19999999999999996,0.21578947368421053,0.052631578947368425,0.35263157894736846,0.3631578947368422,0.2842105263157895,0.22105263157894744,0.21578947368421053,0.09473684210526316,0.13157894736842102,0.14736842105263165,0.18947368421052635
675512,"Melton, Troy",2026,160,0.43750000000000017,0.5624999999999999,0.23124999999999998,0.24374999999999994,0.08749999999999997,0.4812499999999999,0.28124999999999994,0.2375000000000001,0.29375000000000007,0.09375000000000004,0.049999999999999996,0.18749999999999983,0.1874999999999999,0.1875000000000001
595345,"Okert, Steven",2026,130,0.26923076923076933,0.7307692307692308,0.3461538461538461,0.19230769230769235,0.19230769230769235,0.43846153846153824,0.33076923076923076,0.2307692307692308,0.13846153846153847,0.07692307692307694,0.05384615384615386,0.29999999999999977,0.25384615384615383,0.17692307692307696
607067,"Rea, Colin",2026,336,0.44642857142857156,0.5535714285714286,0.26785714285714285,0.23809523809523814,0.04761904761904762,0.3482142857142856,0.3809523809523809,0.27083333333333337,0.19642857142857145,0.19940476190476195,0.05059523809523812,0.15178571428571414,0.18154761904761893,0.22023809523809526
623454,"Anderson, Drew",2026,158,0.4873417721518987,0.5126582278481012,0.22151898734177206,0.2088607594936709,0.08227848101265825,0.3354430379746837,0.36708860759493667,0.29746835443037956,0.24683544303797464,0.16455696202531647,0.07594936708860757,0.08860759493670908,0.2025316455696202,0.221518987341772
669438,"Englert, Mason",2026,116,0.3103448275862068,0.6896551724137931,0.32758620689655177,0.2672413793103448,0.09482758620689653,0.4999999999999998,0.30172413793103453,0.19827586206896552,0.19827586206896552,0.06896551724137931,0.043103448275862065,0.30172413793103425,0.23275862068965522,0.15517241379310345
663436,"Martin, Davis",2026,324,0.43209876543209885,0.5679012345679012,0.20061728395061731,0.30555555555555547,0.06172839506172841,0.39506172839506165,0.38580246913580246,0.21913580246913578,0.20370370370370366,0.18518518518518526,0.043209876543209895,0.191358024691358,0.2006172839506172,0.17592592592592587
571945,"Mikolas, Miles",2026,346,0.4653179190751446,0.5346820809248555,0.2658959537572254,0.21676300578034682,0.05202312138728326,0.3786127167630058,0.36705202312138735,0.2543352601156071,0.21676300578034682,0.17341040462427745,0.07514450867052025,0.16184971098265896,0.1936416184971099,0.17919075144508684
663542,"Hudson, Bryan",2026,122,0.4672131147540983,0.5327868852459016,0.26229508196721313,0.2049180327868852,0.06557377049180327,0.39344262295081955,0.3442622950819671,0.26229508196721324,0.23770491803278693,0.1885245901639344,0.04098360655737704,0.15573770491803263,0.15573770491803268,0.2213114754098362
694335,"Svanson, Matt",2026,135,0.36296296296296304,0.637037037037037,0.2814814814814815,0.2666666666666666,0.08888888888888892,0.31111111111111106,0.3481481481481482,0.34074074074074073,0.15555555555555556,0.14074074074074072,0.06666666666666668,0.1555555555555555,0.20740740740740748,0.274074074074074
700669,"Graceffo, Gordon",2026,148,0.4729729729729729,0.5270270270270271,0.28378378378378377,0.2162162162162162,0.027027027027027035,0.41216216216216234,0.39189189189189183,0.19594594594594594,0.2905405405405404,0.14864864864864866,0.033783783783783786,0.12162162162162193,0.24324324324324317,0.16216216216216217
696149,"Chandler, Bubba",2026,290,0.3862068965517241,0.6137931034482759,0.29655172413793107,0.2103448275862069,0.10689655172413794,0.3586206896551724,0.35517241379310344,0.28620689655172415,0.21724137931034482,0.13448275862068965,0.034482758620689655,0.1413793103448276,0.2206896551724138,0.2517241379310345
686218,"Sheehan, Emmet",2026,243,0.3497942386831277,0.6502057613168725,0.2962962962962963,0.24279835390946503,0.11111111111111113,0.48148148148148145,0.3415637860082305,0.17695473251028815,0.20576131687242802,0.1275720164609054,0.01646090534979424,0.27572016460905346,0.2139917695473251,0.1604938271604939
675660,"Drohan, Shane",2026,234,0.4230769230769232,0.5769230769230769,0.28632478632478636,0.23076923076923064,0.059829059829059825,0.38461538461538464,0.3717948717948718,0.24358974358974364,0.235042735042735,0.13247863247863254,0.05555555555555558,0.14957264957264962,0.23931623931623927,0.18803418803418806
607625,"Lugo, Seth",2026,362,0.4116022099447514,0.5883977900552487,0.3149171270718233,0.2292817679558011,0.0441988950276243,0.367403314917127,0.3977900552486189,0.23480662983425418,0.2016574585635359,0.15469613259668508,0.05524861878453041,0.16574585635359113,0.2430939226519338,0.17955801104972377
657277,"Webb, Logan",2026,338,0.5266272189349112,0.47337278106508884,0.2011834319526628,0.22485207100591714,0.04733727810650889,0.39349112426035515,0.36686390532544394,0.23964497041420124,0.2692307692307691,0.20414201183431954,0.053254437869822494,0.12426035502958604,0.1627218934911244,0.18639053254437876
592791,"Taillon, Jameson",2026,215,0.35348837209302325,0.6465116279069768,0.3906976744186047,0.19534883720930232,0.06046511627906979,0.4232558139534884,0.3069767441860465,0.2697674418604651,0.18139534883720926,0.14418604651162792,0.027906976744186053,0.24186046511627912,0.16279069767441856,0.24186046511627904
668678,"Gallen, Zac",2026,344,0.4505813953488374,0.5494186046511627,0.2703488372093023,0.24127906976744176,0.03779069767441861,0.4651162790697674,0.3343023255813952,0.20058139534883718,0.26744186046511637,0.13372093023255813,0.049418604651162795,0.19767441860465101,0.2005813953488371,0.15116279069767438
676974,"Meyer, Max",2026,293,0.4334470989761091,0.5665529010238909,0.2662116040955632,0.21843003412969286,0.0819112627986348,0.3822525597269624,0.37542662116040965,0.24232081911262807,0.21843003412969283,0.16040955631399317,0.05460750853242321,0.1638225255972696,0.21501706484641647,0.18771331058020485
615698,"Quantrill, Cal",2026,176,0.3693181818181817,0.6306818181818182,0.3011363636363637,0.23863636363636362,0.0909090909090909,0.3068181818181819,0.4375,0.2556818181818183,0.17613636363636362,0.14772727272727273,0.045454545454545456,0.13068181818181826,0.2897727272727273,0.21022727272727282
695076,"Lowder, Rhett",2026,246,0.4471544715447155,0.5528455284552845,0.2723577235772357,0.22764227642276422,0.05284552845528457,0.40243902439024387,0.3495934959349594,0.24796747967479676,0.24796747967479685,0.1341463414634146,0.0650406504065041,0.15447154471544702,0.21544715447154483,0.18292682926829268
643511,"Rogers, Tyler",2026,150,0.6333333333333333,0.3666666666666667,0.13333333333333336,0.17333333333333334,0.06,0.26666666666666655,0.35999999999999993,0.37333333333333324,0.18666666666666668,0.23333333333333334,0.21333333333333335,0.07999999999999988,0.1266666666666666,0.1599999999999999
607200,"Fedde, Erick",2026,299,0.394648829431438,0.605351170568562,0.2842809364548496,0.24749163879598657,0.07357859531772577,0.4013377926421406,0.35451505016722407,0.24414715719063546,0.20401337792642135,0.13712374581939799,0.05351170568561873,0.19732441471571924,0.21739130434782608,0.19063545150501673
702275,"Ritchie, JR",2026,150,0.4533333333333332,0.5466666666666666,0.2933333333333333,0.19999999999999998,0.05333333333333336,0.4199999999999998,0.3333333333333335,0.24666666666666678,0.22666666666666668,0.1466666666666667,0.08000000000000002,0.19333333333333313,0.1866666666666668,0.16666666666666677
665622,"Medina, Luis",2026,124,0.346774193548387,0.6532258064516128,0.34677419354838707,0.24193548387096775,0.06451612903225806,0.3629032258064516,0.38709677419354854,0.25000000000000006,0.16935483870967738,0.10483870967741933,0.07258064516129031,0.19354838709677424,0.2822580645161292,0.17741935483870974
666808,"Doval, Camilo",2026,113,0.5663716814159291,0.4336283185840708,0.1946902654867257,0.17699115044247787,0.06194690265486726,0.4336283185840709,0.33628318584070793,0.23008849557522126,0.2654867256637168,0.2477876106194691,0.05309734513274338,0.16814159292035413,0.08849557522123883,0.17699115044247787
656638,"Lange, Alex",2026,117,0.43589743589743596,0.5641025641025642,0.264957264957265,0.2820512820512821,0.017094017094017096,0.47863247863247865,0.3418803418803419,0.1794871794871795,0.3162393162393162,0.10256410256410257,0.017094017094017096,0.16239316239316243,0.2393162393162393,0.1623931623931624
643377,"Jax, Griffin",2026,223,0.45291479820627817,0.5470852017937219,0.2511210762331839,0.2600896860986546,0.03587443946188341,0.408071748878924,0.38116591928251126,0.21076233183856516,0.24215246636771315,0.17040358744394615,0.040358744394618846,0.16591928251121085,0.2107623318385651,0.17040358744394632
666200,"Luzardo, Jesús",2026,311,0.5241157556270097,0.4758842443729903,0.2122186495176849,0.21543408360128613,0.04823151125401929,0.41479099678456594,0.3794212218649518,0.20578778135048229,0.2893890675241158,0.19614147909967844,0.03858520900321544,0.12540192926045013,0.18327974276527337,0.16720257234726685
543243,"Gray, Sonny",2026,307,0.48208469055374586,0.5179153094462541,0.2214983713355049,0.257328990228013,0.03908794788273617,0.4918566775244302,0.31921824104234536,0.18892508143322465,0.2996742671009772,0.14332247557003255,0.039087947882736174,0.19218241042345297,0.1758957654723128,0.14983713355048847
656550,"Holmes, Grant",2026,293,0.4197952218430034,0.5802047781569966,0.27303754266211605,0.2457337883959044,0.06143344709897612,0.3890784982935154,0.3447098976109214,0.26621160409556305,0.1877133105802048,0.17406143344709898,0.05802047781569967,0.20136518771331058,0.17064846416382243,0.2081911262798634
656849,"Peterson, David",2026,291,0.48453608247422686,0.5154639175257734,0.2199312714776633,0.26460481099656363,0.030927835051546396,0.3917525773195875,0.38487972508591056,0.22336769759450167,0.24398625429553264,0.1958762886597939,0.044673539518900345,0.14776632302405487,0.18900343642611667,0.17869415807560132
694297,"Pfaadt, Brandon",2026,211,0.5165876777251184,0.48341232227488146,0.19905213270142183,0.18483412322274875,0.09952606635071089,0.4075829383886255,0.3649289099526066,0.2274881516587678,0.2748815165876776,0.20379146919431276,0.037914691943127965,0.1327014218009479,0.1611374407582938,0.18957345971563982
669467,"Pallante, Andre",2026,348,0.5545977011494251,0.4454022988505747,0.18390804597701152,0.21264367816091953,0.048850574712643674,0.3764367816091954,0.37356321839080453,0.25,0.25000000000000006,0.23275862068965517,0.07183908045977011,0.12643678160919536,0.14080459770114936,0.1781609195402299
608718,"Suter, Brent",2026,177,0.48022598870056504,0.519774011299435,0.20903954802259886,0.25423728813559315,0.056497175141242924,0.37853107344632775,0.3728813559322034,0.2485875706214689,0.20903954802259886,0.19209039548022602,0.0790960451977401,0.1694915254237289,0.18079096045197737,0.1694915254237288
624133,"Suarez, Ranger",2026,251,0.41434262948207173,0.5856573705179282,0.22310756972111553,0.2908366533864542,0.07171314741035856,0.36653386454183273,0.3944223107569721,0.2390438247011952,0.17131474103585664,0.18326693227091637,0.05976095617529882,0.1952191235059761,0.21115537848605573,0.17928286852589637
519242,"Sale, Chris",2026,281,0.44839857651245557,0.5516014234875445,0.24555160142348753,0.24555160142348753,0.06049822064056939,0.38434163701067614,0.38790035587188615,0.22775800711743777,0.22064056939501778,0.16014234875444844,0.06761565836298938,0.16370106761565836,0.2277580071174377,0.16014234875444838
657746,"Ryan, Joe",2026,311,0.3569131832797427,0.643086816720257,0.29581993569131815,0.23794212218649513,0.10932475884244372,0.4533762057877812,0.30546623794212213,0.24115755627009655,0.21221864951768488,0.11575562700964634,0.02893890675241157,0.24115755627009633,0.1897106109324758,0.212218649517685
656605,"Keller, Mitch",2026,336,0.3779761904761906,0.6220238095238095,0.255952380952381,0.3035714285714286,0.06250000000000003,0.3422619047619047,0.3779761904761906,0.2797619047619047,0.15476190476190485,0.16666666666666669,0.05654761904761904,0.18749999999999986,0.2113095238095239,0.22321428571428567
623211,"Brazobán, Huascar",2026,129,0.5426356589147288,0.4573643410852713,0.21705426356589147,0.1705426356589147,0.06976744186046514,0.503875968992248,0.35658914728682173,0.1395348837209302,0.3023255813953489,0.17054263565891473,0.06976744186046513,0.20155038759689908,0.186046511627907,0.06976744186046507
688642,"Agnos, Zach",2026,214,0.3691588785046729,0.6308411214953271,0.308411214953271,0.2897196261682243,0.03271028037383178,0.40186915887850466,0.4018691588785046,0.19626168224299068,0.20093457943925233,0.13551401869158874,0.032710280373831786,0.20093457943925233,0.26635514018691586,0.1635514018691589
670970,"Morejon, Adrian",2026,147,0.619047619047619,0.3809523809523811,0.13605442176870747,0.21088435374149675,0.03401360544217686,0.35374149659863935,0.41496598639455806,0.23129251700680273,0.272108843537415,0.25170068027210885,0.09523809523809523,0.08163265306122436,0.16326530612244922,0.1360544217687075
691951,"Aldegheri, Sam",2026,111,0.3783783783783784,0.6216216216216215,0.31531531531531515,0.20720720720720726,0.09909909909909911,0.4234234234234232,0.3603603603603604,0.21621621621621626,0.20720720720720726,0.12612612612612614,0.045045045045045036,0.21621621621621595,0.23423423423423426,0.17117117117117123
650644,"Civale, Aaron",2026,266,0.27443609022556387,0.7255639097744363,0.33458646616541365,0.2969924812030076,0.09398496240601506,0.46240601503759404,0.3270676691729325,0.21052631578947373,0.15037593984962408,0.10150375939849625,0.02255639097744361,0.31203007518797,0.22556390977443624,0.18796992481203012
593974,"Peralta, Wandy",2026,161,0.48447204968944113,0.5155279503105589,0.18012422360248453,0.26708074534161474,0.06832298136645962,0.3664596273291925,0.40993788819875765,0.22360248447204972,0.21118012422360247,0.2236024844720497,0.0496894409937888,0.15527950310559005,0.18633540372670795,0.17391304347826092
696270,"Johnson, Ryan",2026,136,0.38235294117647056,0.6176470588235294,0.33088235294117646,0.22058823529411772,0.06617647058823531,0.37500000000000006,0.3529411764705882,0.2720588235294117,0.1985294117647059,0.13970588235294118,0.044117647058823525,0.17647058823529416,0.21323529411764702,0.22794117647058815
702070,"Cameron, Noah",2026,334,0.3772455089820359,0.6227544910179641,0.2604790419161677,0.3023952095808383,0.059880239520958105,0.440119760479042,0.32634730538922146,0.23353293413173648,0.22455089820359278,0.10778443113772453,0.044910179640718556,0.21556886227544922,0.21856287425149695,0.18862275449101792
672335,"Pérez, Cionel",2026,119,0.5714285714285716,0.42857142857142855,0.19327731092436978,0.1848739495798319,0.05042016806722689,0.3949579831932773,0.36134453781512604,0.24369747899159672,0.226890756302521,0.2605042016806722,0.08403361344537816,0.1680672268907563,0.10084033613445387,0.15966386554621856
801139,"Tolle, Payton",2026,242,0.35537190082644615,0.6446280991735535,0.2975206611570246,0.2190082644628099,0.128099173553719,0.409090909090909,0.309917355371901,0.2809917355371901,0.19421487603305793,0.11570247933884298,0.045454545454545456,0.21487603305785108,0.19421487603305804,0.23553719008264462
605540,"Woodruff, Brandon",2026,116,0.2758620689655173,0.7241379310344828,0.42241379310344823,0.20689655172413798,0.09482758620689657,0.30172413793103453,0.3620689655172414,0.3362068965517241,0.09482758620689656,0.13793103448275865,0.04310344827586206,0.20689655172413796,0.22413793103448273,0.29310344827586204
607536,"Freeland, Kyle",2026,321,0.3925233644859813,0.6074766355140184,0.31152647975077874,0.261682242990654,0.034267912772585674,0.4205607476635514,0.3925233644859813,0.18691588785046737,0.2367601246105919,0.1370716510903426,0.018691588785046724,0.1838006230529595,0.25545171339563866,0.16822429906542063
607259,"Martinez, Nick",2026,383,0.362924281984334,0.6370757180156659,0.28720626631853774,0.255874673629243,0.09399477806788512,0.4543080939947781,0.32375979112271547,0.22193211488250655,0.216710182767624,0.10966057441253264,0.03655352480417756,0.23759791122715412,0.21409921671018284,0.185378590078329
608379,"Wacha, Michael",2026,391,0.391304347826087,0.6086956521739132,0.28644501278772383,0.24040920716112543,0.08184143222506393,0.3759590792838875,0.4066496163682865,0.21739130434782614,0.17647058823529407,0.17902813299232742,0.03580562659846548,0.19948849104859342,0.22762148337595908,0.18158567774936066
527048,"Pérez, Martín",2026,246,0.4796747967479675,0.5203252032520324,0.21951219512195125,0.2560975609756096,0.04471544715447154,0.508130081300813,0.32113821138211374,0.1707317073170732,0.2926829268292682,0.15853658536585363,0.02845528455284555,0.21544715447154483,0.1626016260162601,0.14227642276422767
670280,"Bednar, David",2026,117,0.5726495726495727,0.42735042735042733,0.17094017094017094,0.15384615384615383,0.10256410256410259,0.4273504273504274,0.41025641025641024,0.16239316239316237,0.28205128205128205,0.24786324786324784,0.04273504273504274,0.14529914529914534,0.1623931623931624,0.11965811965811962
641743,"Kay, Anthony",2026,305,0.4327868852459016,0.5672131147540984,0.21967213114754094,0.2721311475409836,0.07540983606557378,0.4721311475409835,0.3475409836065575,0.18032786885245905,0.2295081967213115,0.1672131147540984,0.036065573770491806,0.242622950819672,0.1803278688524591,0.14426229508196725
673540,"Senga, Kodai",2026,113,0.3097345132743363,0.6902654867256636,0.3185840707964601,0.3097345132743362,0.06194690265486726,0.4336283185840707,0.3185840707964602,0.24778761061946905,0.1769911504424779,0.11504424778761065,0.01769911504424779,0.25663716814159276,0.20353982300884954,0.23008849557522126
680573,"Woods Richardson, Simeon",2026,200,0.4000000000000001,0.6,0.285,0.22000000000000003,0.09499999999999997,0.35000000000000014,0.37500000000000017,0.275,0.19,0.15999999999999998,0.049999999999999996,0.16000000000000014,0.2150000000000002,0.22500000000000003
640448,"Finnegan, Kyle",2026,130,0.4846153846153845,0.5153846153846153,0.24615384615384614,0.2,0.06923076923076925,0.3923076923076923,0.4000000000000001,0.20769230769230773,0.23076923076923075,0.20769230769230776,0.04615384615384616,0.16153846153846155,0.19230769230769232,0.16153846153846158
666277,"Soriano, George",2026,128,0.4296875,0.5703125,0.265625,0.20312499999999997,0.1015625,0.4609374999999999,0.34374999999999994,0.19531250000000008,0.24218750000000006,0.16406250000000003,0.023437500000000003,0.21874999999999983,0.17968749999999992,0.17187500000000008
684007,"Imanaga, Shota",2026,342,0.39473684210526305,0.6052631578947368,0.3040935672514619,0.1988304093567252,0.10233918128654972,0.4385964912280701,0.3128654970760234,0.24853801169590647,0.23976608187134507,0.11403508771929824,0.0409356725146199,0.19883040935672502,0.19883040935672516,0.20760233918128657
642547,"Peralta, Freddy",2026,331,0.41993957703927487,0.580060422960725,0.26283987915407847,0.2326283987915408,0.08459214501510573,0.3836858006042294,0.3413897280966768,0.27492447129909364,0.20241691842900308,0.16314199395770398,0.05438066465256798,0.18126888217522633,0.1782477341389728,0.22054380664652568
695505,"Burns, Chase",2026,269,0.37546468401487,0.6245353159851301,0.2936802973977695,0.2267657992565056,0.10408921933085497,0.37174721189591076,0.34944237918215604,0.27881040892193304,0.1895910780669145,0.14498141263940525,0.040892193308550207,0.18215613382899626,0.20446096654275078,0.23791821561338283
669461,"Liberatore, Matthew",2026,300,0.37000000000000005,0.6299999999999999,0.29,0.26999999999999996,0.06999999999999999,0.44999999999999996,0.27999999999999986,0.27000000000000013,0.21000000000000002,0.1066666666666667,0.05333333333333332,0.23999999999999994,0.17333333333333317,0.2166666666666668
671737,"Bradley, Taj",2026,304,0.3388157894736842,0.6611842105263155,0.31249999999999994,0.26315789473684187,0.08552631578947369,0.38815789473684226,0.32894736842105265,0.2828947368421053,0.19407894736842102,0.12499999999999997,0.01973684210526315,0.19407894736842124,0.20394736842105268,0.26315789473684215
694973,"Skenes, Paul",2026,304,0.4177631578947367,0.582236842105263,0.2302631578947368,0.25328947368421045,0.09868421052631582,0.37828947368421034,0.3322368421052631,0.28947368421052644,0.2236842105263158,0.14144736842105263,0.05263157894736843,0.15460526315789455,0.19078947368421048,0.23684210526315802
676917,"Cavalli, Cade",2026,305,0.48852459016393446,0.5114754098360654,0.23278688524590158,0.23934426229508196,0.03934426229508197,0.38688524590163953,0.3311475409836064,0.28196721311475403,0.2557377049180328,0.17377049180327866,0.059016393442622966,0.1311475409836067,0.15737704918032772,0.22295081967213107
670990,"Ramírez, Yohan",2026,138,0.49999999999999994,0.5000000000000002,0.2173913043478261,0.22463768115942043,0.05797101449275364,0.3840579710144927,0.4130434782608696,0.2028985507246378,0.2246376811594203,0.21014492753623193,0.06521739130434784,0.1594202898550724,0.2028985507246377,0.13768115942028997
641835,"Mayza, Tim",2026,133,0.5037593984962406,0.4962406015037593,0.20300751879699253,0.2706766917293232,0.02255639097744362,0.2781954887218046,0.4586466165413534,0.2631578947368421,0.1729323308270677,0.27819548872180455,0.05263157894736844,0.10526315789473692,0.18045112781954886,0.21052631578947364
641302,"Alexander, Tyler",2026,136,0.5294117647058824,0.4705882352941177,0.2205882352941177,0.19852941176470593,0.05147058823529411,0.4338235294117646,0.33088235294117646,0.23529411764705882,0.3235294117647059,0.1397058823529412,0.06617647058823528,0.11029411764705871,0.19117647058823525,0.16911764705882354
813349,"Early, Connelly",2026,254,0.4409448818897638,0.5590551181102362,0.3031496062992126,0.19685039370078736,0.05905511811023622,0.4251968503937008,0.38582677165354345,0.18897637795275593,0.24803149606299205,0.17716535433070868,0.015748031496062992,0.17716535433070876,0.20866141732283477,0.17322834645669294
642701,"Santana, Dennis",2026,126,0.30158730158730157,0.6984126984126985,0.34126984126984133,0.27777777777777785,0.07936507936507935,0.46031746031746024,0.32539682539682524,0.21428571428571425,0.17460317460317465,0.07142857142857145,0.05555555555555555,0.2857142857142856,0.2539682539682538,0.1587301587301587
669711,"Weissert, Greg",2026,119,0.4201680672268908,0.5798319327731093,0.31932773109243695,0.19327731092436984,0.06722689075630252,0.37815126050420184,0.40336134453781514,0.21848739495798322,0.2100840336134454,0.15966386554621853,0.050420168067226906,0.16806722689075643,0.2436974789915966,0.16806722689075632
679358,"Orze, Eric",2026,130,0.43846153846153846,0.5615384615384617,0.1923076923076924,0.27692307692307694,0.09230769230769229,0.4384615384615384,0.37692307692307686,0.18461538461538465,0.1846153846153846,0.20000000000000007,0.05384615384615386,0.25384615384615383,0.1769230769230768,0.1307692307692308
663567,"Lambert, Peter",2026,266,0.38345864661654133,0.6165413533834588,0.33458646616541365,0.19924812030075187,0.08270676691729328,0.36842105263157887,0.34210526315789463,0.2894736842105262,0.18421052631578957,0.15789473684210534,0.041353383458646656,0.1842105263157893,0.1842105263157893,0.24812030075187957
677865,"Bruihl, Justin",2026,159,0.5094339622641509,0.49056603773584917,0.17610062893081765,0.26415094339622647,0.05031446540880504,0.35220125786163514,0.38364779874213834,0.2641509433962266,0.18867924528301888,0.220125786163522,0.1006289308176101,0.16352201257861626,0.16352201257861634,0.16352201257861648
805673,"Matthews, Zebby",2026,234,0.41025641025641024,0.5897435897435896,0.2692307692307692,0.24786324786324787,0.07264957264957266,0.423076923076923,0.3290598290598291,0.24786324786324787,0.23076923076923078,0.11965811965811965,0.05982905982905983,0.19230769230769224,0.20940170940170946,0.18803418803418803
677960,"Weathers, Ryan",2026,301,0.4551495016611297,0.5448504983388704,0.22923588039867115,0.2691029900332225,0.04651162790697674,0.3754152823920266,0.41528239202657813,0.20930232558139533,0.20265780730897012,0.1960132890365449,0.05647840531561462,0.17275747508305647,0.21926910299003322,0.1528239202657807
543135,"Eovaldi, Nathan",2026,341,0.4985337243401759,0.5014662756598239,0.2551319648093841,0.1935483870967742,0.05278592375366567,0.4692082111436949,0.38123167155425214,0.14956011730205282,0.2873900293255134,0.1847507331378299,0.026392961876832835,0.1818181818181815,0.19648093841642225,0.12316715542521998
593958,"Rodriguez, Eduardo",2026,375,0.4213333333333333,0.5786666666666667,0.28533333333333327,0.24266666666666672,0.05066666666666665,0.3546666666666666,0.37866666666666654,0.26666666666666666,0.19466666666666665,0.16799999999999993,0.05866666666666668,0.15999999999999992,0.2106666666666666,0.208
669199,"Bachar, Lake",2026,136,0.3676470588235294,0.6323529411764707,0.3750000000000001,0.16911764705882354,0.08823529411764708,0.4705882352941175,0.3455882352941177,0.18382352941176475,0.22794117647058826,0.12500000000000006,0.01470588235294117,0.24264705882352922,0.22058823529411764,0.16911764705882357
681347,"Burrows, Mike",2026,309,0.37864077669902924,0.6213592233009706,0.2847896440129449,0.2556634304207118,0.08090614886731395,0.42394822006472493,0.3365695792880261,0.23948220064724926,0.20711974110032372,0.13268608414239483,0.03883495145631071,0.21682847896440122,0.20388349514563128,0.20064724919093854
656464,"Ginkel, Kevin",2026,116,0.42241379310344823,0.5775862068965518,0.26724137931034486,0.2413793103448276,0.06896551724137931,0.44827586206896547,0.3275862068965518,0.22413793103448276,0.2931034482758621,0.09482758620689657,0.034482758620689655,0.15517241379310337,0.23275862068965525,0.1896551724137931
668941,"Romero, JoJo",2026,123,0.4878048780487804,0.5121951219512195,0.21951219512195125,0.2520325203252032,0.040650406504065054,0.37398373983739835,0.42276422764227645,0.20325203252032523,0.1869918699186992,0.24390243902439032,0.05691056910569107,0.18699186991869915,0.17886178861788612,0.14634146341463417
645261,"Alcantara, Sandy",2026,443,0.44920993227990963,0.5507900677200903,0.24604966139954854,0.2302483069977427,0.07449209932279913,0.37246049661399544,0.36794582392776515,0.2595936794582393,0.2099322799097065,0.1670428893905192,0.07223476297968397,0.16252821670428894,0.20090293453724595,0.18735891647855535
676962,"Brown, Ben",2026,179,0.4469273743016761,0.5530726256983242,0.25139664804469275,0.23463687150837995,0.0670391061452514,0.36312849162011174,0.4134078212290504,0.22346368715083803,0.20111731843575423,0.20111731843575423,0.044692737430167606,0.1620111731843575,0.21229050279329617,0.17877094972067042
669194,"Nelson, Ryne",2026,265,0.3245283018867925,0.6754716981132074,0.37358490566037733,0.22264150943396221,0.07924528301886792,0.3396226415094338,0.37358490566037733,0.28679245283018867,0.18113207547169807,0.11698113207547166,0.026415094339622656,0.1584905660377357,0.25660377358490566,0.26037735849056604
815083,"Farris, Mitch",2026,117,0.36752136752136744,0.6324786324786325,0.25641025641025644,0.30769230769230765,0.06837606837606838,0.44444444444444464,0.3675213675213674,0.18803418803418803,0.17094017094017094,0.1623931623931624,0.03418803418803419,0.2735042735042737,0.20512820512820498,0.15384615384615385
656427,"Flaherty, Jack",2026,238,0.3151260504201681,0.6848739495798318,0.3151260504201681,0.26470588235294107,0.10504201680672268,0.4201680672268907,0.31932773109243695,0.2605042016806723,0.18907563025210086,0.09663865546218486,0.029411764705882356,0.23109243697478984,0.2226890756302521,0.23109243697478993
663460,"Bubic, Kris",2026,129,0.4573643410852713,0.5426356589147286,0.27906976744186046,0.22480620155038764,0.03875968992248061,0.434108527131783,0.37984496124031014,0.18604651162790697,0.25581395348837216,0.13953488372093023,0.06201550387596898,0.17829457364341084,0.2403100775193799,0.124031007751938
680755,"Fisher, Braydon",2026,131,0.46564885496183195,0.5343511450381679,0.28244274809160297,0.1908396946564886,0.061068702290076333,0.5419847328244273,0.33587786259541974,0.12213740458015268,0.2748091603053435,0.1603053435114504,0.030534351145038174,0.26717557251908375,0.17557251908396934,0.0916030534351145
663687,"Harris, Hogan",2026,113,0.4778761061946902,0.5221238938053099,0.2300884955752213,0.1858407079646018,0.10619469026548672,0.2743362831858406,0.4336283185840707,0.2920353982300884,0.15929203539823006,0.24778761061946902,0.07079646017699112,0.11504424778761052,0.18584070796460167,0.22123893805309727