"id","name","bat_side","side","avg_batter_y_position","avg_batter_x_position","avg_foot_sep","avg_stance_angle","avg_intercept_y_vs_batter","avg_intercept_y_vs_plate"
683002,"Henderson, Gunnar","L","L",27.1904438672028,24.095674789831723,32.110403059519356,-5.860766590073556,33.61183994722546,6.4213960800226495
687263,"Neto, Zach","R","R",16.93351591785265,20.683711260054217,39.57615178430708,-6.154520844073205,38.55796377265076,21.624447854798113
518692,"Freeman, Freddie","L","L",29.719649971390062,30.978106694598964,33.71461253155218,2.508662051397814,26.08949454310649,-3.6301554282835635
666176,"Adell, Jo","R","R",25.731619354623632,27.092513040056296,40.2508169485475,-9.876799022403413,26.770617154091024,1.0389977994673933
621566,"Olson, Matt","L","L",30.515174578964388,29.875351785309558,25.05319638752732,-16.551536580781796,36.367102236045376,5.851927657080966
547180,"Harper, Bryce","L","L",24.335923578916628,29.457628305590063,31.664255880407428,-14.177515659312194,33.0589123129996,8.722988734082978
607208,"Turner, Trea","R","R",26.78198011387307,30.785971332584694,42.028642013193746,2.3438108031715332,30.284561396833638,3.502581282960566
664040,"Lowe, Brandon","L","L",27.231320650914018,25.066331553008556,20.707459213507736,-2.866157652123187,34.71852108673232,7.487200435818293
646240,"Devers, Rafael","L","L",25.035018991446545,25.548709350325048,34.720098039057575,-64.97467832330298,28.877278379033857,3.8422593875873075
521692,"Perez, Salvador","R","R",29.345338670299405,27.369896339845063,34.374064363781635,-23.944258065795598,29.93189211613474,0.5865534458353374
681624,"Pages, Andy","R","R",30.18274932232836,28.101836926565998,23.45333943561556,-19.595007454140845,28.79704316130653,-1.385706161021833
691718,"Crow-Armstrong, Pete","L","L",31.71276293995034,25.447068262899737,25.623590289386943,0.15789348879920612,37.916669313696225,6.203906373745895
701538,"Merrill, Jackson","L","L",26.515186349142404,28.22155210136664,23.325889950631975,0.06621809037633046,29.835266369281573,3.3200800201391623
677800,"Abreu, Wilyer","L","L",29.857113876508972,27.173235160950938,33.77550838323061,-26.770810054024583,28.13196980658465,-1.7251440699243115
666182,"Bichette, Bo","R","R",27.66099912008098,25.049943702009635,32.846343267494895,-0.17692580704760466,25.86143344344932,-1.7995656766316555
656941,"Schwarber, Kyle","L","L",20.0757090860472,25.186194526528396,30.01598835370168,-7.902934069549398,35.27097380728084,15.195264721233647
572233,"Walker, Christian","R","R",29.175929603628987,27.01066828820181,23.826711767177066,-16.35784019512979,31.575045639553938,2.399116035924945
695734,"Lile, Daylen","L","L",30.476811213597397,25.021603999316827,25.387199413362993,-13.815559002638485,29.844325632240672,-0.6324855813567274
682928,"Abrams, CJ","L","L",28.376222772281324,29.57522081978358,32.90543907220811,-7.864994162139171,32.37973680996894,4.003514037687619
624413,"Alonso, Pete","R","R",24.240344949606268,26.836215390336747,33.0183327374236,-0.6865034603093093,27.93843488272808,3.698089933121811
701398,"Stewart, Sal","R","R",20.957304357487057,29.564577684135287,34.29163236156744,-13.2026337758635,28.743263648913835,7.7859592914267814
682985,"Greene, Riley","L","L",30.83291012568818,24.561947479451966,27.138229443519258,-8.853513677499155,33.353999605307685,2.5210894796194947
678882,"Rafaela, Ceddanne","R","R",29.72916344328389,25.927836128907,23.691742231509533,-11.049913662451736,31.335434146430828,1.6062707031469348
672960,"Okamoto, Kazuma","R","R",26.467209110822477,27.521048919811417,23.085547805070675,2.981352571216136,30.094755149015093,3.6275460381926172
663586,"Riley, Austin","R","R",28.964253041151643,28.861312072340418,29.700201362530763,-7.744443498964565,35.701585781005626,6.737332739853974
676475,"Burleson, Alec","L","L",32.16280350847453,21.940414527690134,21.986848774350698,-26.815382032867404,31.53930614542847,-0.6234973630460683
691023,"Walker, Jordan","R","R",26.687236172295254,32.199479403866995,21.92930658468973,-2.741250244881996,31.407649729415347,4.720413557120087
677594,"Rodríguez, Julio","R","R",20.8558721562495,29.794175217078617,33.369315975997026,-1.0018099907344191,33.7168022520177,12.860930095768198
695657,"Montgomery, Colson","L","L",28.61865005347121,27.78349742812131,26.275364212932868,-11.924432363029931,33.25281620463694,4.634166151165726
666018,"Aranda, Jonathan","L","L",26.538895521424738,29.37446007884704,32.09053127835793,-14.37675831546571,25.982285245282398,-0.5566102761423461
643289,"Dubón, Mauricio","R","R",31.159599234429017,27.451392260424807,30.12059266369333,-40.64626033549749,27.45634683801843,-3.7032523964105923
695578,"Wood, James","L","L",30.811638884980496,27.524752795191624,30.83401041486938,-21.239843112284923,35.03225739130397,4.220618506323472
642715,"Adames, Willy","R","R",30.131955287292676,29.05227161559275,32.334912522437655,-0.04269984856382202,30.51049561600455,0.37854032871188
683737,"Busch, Michael","L","L",29.56889421879531,27.823478074597496,29.782810230746772,-0.07030099312342486,33.330351787515966,3.761457568720648
592518,"Machado, Manny","R","R",27.926003569072464,30.98759690691906,27.806119966416464,-40.30471032953596,31.12595181887732,3.1999482498048595
693304,"Gonzales, Nick","R","R",32.3163117640708,26.56186129499968,26.783095613837396,-22.08843641984276,27.264000665929373,-5.052311098141426
663656,"Tucker, Kyle","L","L",29.761557589961665,27.378338093896094,35.27541605092721,-1.1237535844844317,28.350135024948788,-1.4114225650128704
671056,"Herrera, Iván","R","R",30.819264918864587,26.645668648811455,35.899318073733966,-45.62179165229359,34.213607460999995,3.394342542135415
678246,"Vargas, Miguel","R","R",31.746073708451043,27.53328522730283,23.51569588654515,-6.981136603835571,35.22951129794799,3.48343758949694
696100,"Goodman, Hunter","R","R",28.208532818661155,30.160473672623425,19.684324597622833,-17.866789986026866,38.73871992949029,10.530187110829134
671739,"Harris II, Michael","L","L",29.9334967024403,28.37051701615216,21.510676911310345,-26.25575179380119,31.632432196901767,1.6989354944614667
678662,"Tovar, Ezequiel","R","R",28.598116381784834,24.375290051959617,37.23886372262079,1.2066907615894542,30.408681549377295,1.8105651675924586
668930,"Turang, Brice","L","L",31.63570058762892,24.93634798817579,24.65163072230816,0.9831855419244706,31.002926794257853,-0.6327737933710696
702284,"Young, Cole","L","L",29.988027310889496,21.76851516438476,21.739449137059623,-29.28400660224907,30.07172760518722,0.08370029429773469
669016,"Marsh, Brandon","L","L",27.71614325722414,31.39563255705734,34.007012898444096,-8.440683260740403,28.293668044401915,0.577524787177783
607043,"Nimmo, Brandon","L","L",26.76037114873578,29.614772179392283,27.360358931368477,-13.593485540044952,29.153689089926672,2.393317941190903
805808,"McGonigle, Kevin","L","L",28.98170389742218,28.17802922968523,37.18387611038249,2.6477222588101696,35.645634647938785,6.663930750516589
682998,"Carroll, Corbin","L","L",30.403542958054068,31.006302088630278,24.125207032812156,-8.29306597400447,33.90206840874605,3.4985254506919783
669477,"Schmitt, Casey","R","R",27.240300269389348,24.034115078070197,27.69526006542606,4.842471849090239,31.87616699807943,4.635866728690079
680776,"Duran, Jarren","L","L",28.653195569423747,29.552069955658702,25.83864121949037,-0.026599293787398295,34.051994709183504,5.398799139759753
650490,"Díaz, Yandy","R","R",28.265006508050256,30.218655840147946,28.537562497986496,-27.576009935994968,28.809550160217007,0.5445436521667516
668227,"Arozarena, Randy","R","R",22.684930216664227,24.010162025233168,19.92253104430548,5.20884514661389,28.782758684229,6.097828467564772
660271,"Ohtani, Shohei","L","L",30.816149158119188,31.317717199089408,33.73928302315871,-8.649760222581625,26.387932712656692,-4.428216445462491
608324,"Bregman, Alex","R","R",29.86314455304233,24.58984084176772,29.464250233088027,3.5639260546443423,32.7782189991903,2.9150744461479805
670623,"Paredes, Isaac","R","R",30.778026414588133,24.542072878258455,29.741541615994564,-37.77948785394191,35.937075677409865,5.1590492628217275
641355,"Bellinger, Cody","L","L",33.33886810884024,21.558380138895966,23.297971989267527,-21.339807409042372,29.267189409488044,-4.071678699352188
650333,"Arraez, Luis","L","L",34.37734691505529,26.122220369069694,27.476709875411018,-26.640779554921586,33.30082543498883,-1.076521480066469
670541,"Alvarez, Yordan","L","L",27.235881726217265,28.961250576543804,39.00973207636806,-9.27038672920881,35.078596115542155,7.84271438932488
679529,"Torkelson, Spencer","R","R",30.95036602353225,28.70012393045354,27.394850255610727,-9.641174849612302,30.65734537914114,-0.29302064439111075
802139,"Wetherholt, JJ","L","L",33.27656973769563,27.634652990978996,22.430390675165008,-29.932804603495867,28.977045794648213,-4.299523943047413
701807,"Benge, Carson","L","L",28.275703597878696,26.11265360495075,34.08203522205803,-9.645179248720119,33.429404542463054,5.1537009445843545
669394,"Burger, Jake","R","R",22.36513942228716,31.286682158065094,25.609575196331093,4.81104584976523,32.61100432614595,10.2458649038588
665487,"Tatis Jr., Fernando","R","R",26.660693703224375,29.43010466275707,26.031858335929375,-23.200592657315738,30.062600165655667,3.401906462431292
575929,"Contreras, Willson","R","R",26.691111601990247,27.27851447350101,32.11402315674343,-10.474586911098495,32.01292086015754,5.321809258167299
701358,"Smith, Cam","R","R",29.875626475244587,31.22156802549474,33.846939200132574,-2.295367716405652,33.09395632111537,3.21832984587079
681198,"Rumfield, TJ","L","L",28.538120976807075,24.430041261012956,33.68572360580781,-30.038128576258536,32.80012339988077,4.262002423073674
663538,"Hoerner, Nico","R","R",28.17269813343001,28.81478277085724,32.9826218508142,-10.305849779425685,25.81227287874577,-2.360425254684243
691406,"Caminero, Junior","R","R",27.635613902762472,29.120743097739883,27.707855194637556,-32.01707599284916,37.58829127608392,9.952677373321444
700250,"Rice, Ben","L","L",32.949323200698004,28.057659425703456,35.080458617324744,-30.03351717043139,28.28599906544516,-4.663324135252842
676391,"Clement, Ernie","R","R",23.029547418568317,27.39252151170714,27.53018366422146,-0.5440443298045442,33.02540333149016,9.995855912921844
693307,"Dingler, Dillon","R","R",28.03208055314229,27.86305993662378,37.47706688517323,-20.74668056328674,30.334360685444256,2.3022801323019593
695506,"Caglianone, Jac","L","L",22.325311186285184,29.97114494688496,40.42007694138342,-10.60533537002178,29.724356304097398,7.399045117812206
665489,"Guerrero Jr., Vladimir","R","R",28.640673198352513,28.95566763388351,29.163630141720127,-9.806809184428463,33.89458404866871,5.253910850316206
669127,"Langeliers, Shea","R","R",28.555146190564873,30.94097526139339,34.2231053023226,-26.67632265061403,34.8245795079502,6.269433317385306
621020,"Swanson, Dansby","R","R",31.800308975045173,27.266231166299935,22.89732487083332,-13.690474926159864,33.87589647599599,2.075587500950825
695600,"Jensen, Carter","L","L",26.297997502295544,26.363182833716696,34.08530648044546,-8.129542812567001,37.78413951879609,11.486142016500542
677649,"Duran, Ezequiel","R","R",28.550183352744504,26.48723434155605,26.807710755414043,-9.745795714620847,28.846857735429637,0.2966743826851382
701762,"Kurtz, Nick","L","L",22.95985943642133,29.277796761913272,30.153587485219624,-17.22820821296014,23.85847030322203,0.898610866800705
665019,"Clemens, Kody","L","L",32.779268962797346,26.088995599109367,31.967883500796002,-31.630939064886633,33.545828521790305,0.7665595589929626
677951,"Witt Jr., Bobby","R","R",26.38984359288755,25.807519868127077,32.428411453528255,-16.43134120616693,28.590528201476626,2.200684608589078
672640,"Lopez, Otto","R","R",27.678711987250427,27.747265507577733,32.2678734360349,-3.289294010422572,32.66102568034748,4.982313693097059
665862,"Chisholm Jr., Jazz","L","L",30.664837281569532,26.182528993087782,25.511681467790726,-2.210123884194471,32.533071626405594,1.8682343448360519
647304,"Naylor, Josh","L","L",26.77528223085837,25.238394503688195,41.88333665530602,-1.3295715111951556,25.732150654294248,-1.0431315765641318
805367,"Meidroth, Chase","R","R",29.417791931440345,28.631085955472827,29.880107102358902,-24.527732311802115,28.968018537062253,-0.4497733943780889
686948,"Baldwin, Drake","L","L",27.879177110002967,28.490482479832274,30.458452604634278,-15.670548938368405,29.328475603532357,1.4492984935293867
656811,"O'Hearn, Ryan","L","L",24.965689629638774,30.771670943341892,26.91294723870137,-3.1765413817723243,27.315442378926743,2.3497527492879695
668715,"Steer, Spencer","R","R",28.155962027824124,25.818190872131375,31.688384058270362,-3.522187960974024,30.08527323281037,1.929311204986245
664761,"Bohm, Alec","R","R",25.29549899951756,29.478174038936746,38.88839888592114,-6.169271285089987,25.712278026678423,0.41677902716086346
621439,"Buxton, Byron","R","R",24.021806812540614,27.136620835743408,31.639247086247174,3.65100397621608,28.72713353823864,4.705326725698031
681082,"Stott, Bryson","L","L",27.234523423785742,24.39487437015074,32.76241770940754,-11.527102610264977,33.13927106911763,5.904747645331878
669065,"Stowers, Kyle","L","L",29.60639103357086,29.603970567554896,35.77084363281474,-15.604100651173386,34.069079191874934,4.462688158304071
673548,"Suzuki, Seiya","R","R",28.6292464281111,27.383174511429473,29.473486935055973,-3.3201821567122507,34.316174460552006,5.686928032440914
671277,"García Jr., Luis","L","L",29.339876390219793,27.567254677713485,29.59998720845435,-13.745882496951209,33.74400206698815,4.4041256767683645
683146,"Baty, Brett","L","L",28.477349322663336,28.941354148455048,29.551640266576186,-7.779991724472242,29.773874691680636,1.2965253690172964
621493,"Ward, Taylor","R","R",32.326233542207845,26.23100710118968,17.04602591838504,-46.94549389698269,31.570463271786455,-0.7557702704213781
661388,"Contreras, William","R","R",28.544008683570667,29.26546409468094,31.3053932374816,7.3746160788406145,30.983752910895213,2.439744227324554
571448,"Arenado, Nolan","R","R",31.694464279224743,30.329476830805195,29.428093647402253,1.5053800467993208,35.729043084981896,4.034578805757141
624585,"Soler, Jorge","R","R",27.437296740560573,29.608769292873973,39.861396712826476,-18.03536972470604,29.06629495411694,1.6289982135563603
656775,"Mullins, Cedric","L","L",31.264442883944895,24.96373575366023,34.864867248366195,-12.077101713997724,27.877776619974913,-3.3866662639699894
665926,"Giménez, Andrés","L","L",25.86175074382818,28.481903963814744,35.41740178464536,-5.5840873483908124,28.920231680169724,3.0584809363415437
673962,"Jung, Josh","R","R",21.48883184462284,25.27455641446722,24.511435580545573,-2.3386544179977875,31.577341035060453,10.088509190437613
691026,"Winn, Masyn","R","R",33.383850401760135,24.115547155289406,18.134651438683207,-38.03872071441612,33.884682666659664,0.5008322648995375
543760,"Semien, Marcus","R","R",27.619177290543174,23.160788104755127,32.86242307789619,-3.2603414265241244,29.513851244533914,1.8946739539907442
808982,"Lee, Jung Hoo","L","L",28.45806379631124,20.311827427120335,26.431658368723102,-38.17494425224135,29.342334761062926,0.8842709647516811
662139,"Varsho, Daulton","L","L",28.23583292459209,27.820163540815585,28.21066556121991,3.714588969483512,26.318471903420598,-1.917361021171493
545361,"Trout, Mike","R","R",27.879618385801006,24.509526643885,30.296909730363925,-6.152080230806208,26.00729160722665,-1.8723267785743516
700932,"Manzardo, Kyle","L","L",23.126725814743125,31.424614486742243,34.44701296079363,-2.1713654544179968,34.80267542256747,11.675949607824359
643446,"McNeil, Jeff","L","L",31.85664146948197,24.922394580979326,30.905722105446326,-0.5159721807705441,28.055322305576784,-3.8013191639051995
805300,"Marsee, Jakob","L","L",30.773906983029107,27.084795167587203,25.4615240239024,-0.8591728734754047,34.599837699855655,3.8259307168265564
543807,"Springer, George","R","R",26.683364909971388,26.7037619295021,30.09573761429118,-2.654031018510204,21.81825640493848,-4.865108505032913
571970,"Muncy, Max","L","L",28.60924327232136,28.98279850374083,21.45967112581123,-9.19869073324151,38.443612084027336,9.834368811705973
686469,"Pasquantino, Vinnie","L","L",29.09993588089793,31.409987772625346,37.727894217606455,-19.105369601738953,32.260393996328744,3.1604581154308207
676609,"Caballero, José","R","R",17.343338060162235,23.81991836229502,29.980759386200948,-23.117473014874797,32.785266171765045,15.441928111602813
656305,"Chapman, Matt","R","R",27.294884692720302,28.482295236550026,25.568589472353768,-14.105462602704733,26.205401759975114,-1.089482932745193
691016,"Soderstrom, Tyler","L","L",27.887630007325726,30.88401315992838,34.24526004245617,-4.444108638118314,29.054788680498536,1.167158673172809
641343,"Bauers, Jake","L","L",32.82065546960425,27.8356398270147,19.32943587092399,-27.422868962884603,28.416534825095763,-4.404120644508479
694212,"Basallo, Samuel","L","L",33.2453863169708,24.535567176030703,27.682402504766475,-23.03248205891531,34.34870183927814,1.103315522307323
643217,"Benintendi, Andrew","L","L",28.750406437750836,23.54377625493574,24.45140239699246,-10.161287087015083,35.555878637276976,6.805472199526124
664983,"McCarthy, Jake","L","L",29.644503659073447,30.790486198015795,22.437236010279435,-28.026881002636586,29.323918209484557,-0.32058544958888546
657757,"Sheets, Gavin","L","L",29.83480183178831,27.775636074923597,15.804746884485041,-43.99087322051064,31.34508141684085,1.5102795850525415
691720,"Karros, Kyle","R","R",22.824417825824177,27.595835570718297,36.582302212458956,-11.095225957304965,28.165978374094163,5.341560548269981
701675,"Church, Nathan","L","L",29.18068742967019,28.947217181918983,32.73934445909962,-10.030733940466693,30.598143141529263,1.417455711859072
669003,"Mitchell, Garrett","L","L",29.63108159140596,29.01451619671546,29.42215397832228,-20.222750463751808,28.53001167860098,-1.1010699128049712
702222,"Crawford, Justin","L","L",25.703082207552264,33.94525354380239,43.75122977982443,-0.5605961233384932,21.321960519122417,-4.381121688429839
800050,"DeLauter, Chase","L","L",26.154663684414775,29.088621579961163,31.436894976420298,-19.366615791499804,29.023316353265,2.8686526688502227
687859,"Johnston, Troy","L","L",33.44494760750849,26.189601523464095,20.04047456113714,-55.65400990402696,34.11004669994559,0.6650990924371155
702332,"Durbin, Caleb","R","R",30.653922934291547,26.136454302619402,27.658889834452136,-9.609076042036785,29.48060758360973,-1.1733153506818184
672724,"Peraza, Oswald","R","R",29.554095605432682,28.869187709453023,34.325173637948104,-5.366848965257315,29.14668645367721,-0.4074091517554736
694384,"Schanuel, Nolan","L","L",29.12888143894964,24.14699016346189,29.433956810976955,-3.55151983169644,33.69965356033408,4.57077212138445
664023,"Happ, Ian","L","L",30.70076856122756,25.736808894892402,25.952016864191467,-0.8661601896245067,34.17059163411332,3.4698230728857444
671976,"Peters, Tristan","L","L",25.30542879189175,29.482546072929782,30.738404834380606,-5.02701047686152,31.339856438744008,6.034427646852257
802415,"Simpson, Chandler","L","L",25.37353341877688,31.06663280681481,31.801073209011438,-8.208174779964411,20.760862617498454,-4.612670801278422
668709,"Bleday, JJ","L","L",27.905355792714584,32.01129533373108,34.63088184881244,-27.30467880681152,32.96079666984943,5.055440877134853
807712,"Keaschall, Luke","R","R",25.425619046764144,27.188964004244383,36.19915113177014,-15.331773727580176,33.21289653897342,7.7872774922092765
670042,"Raley, Luke","L","L",29.31836335712929,28.353912384679937,29.819934730662773,-6.173566441265883,32.654889449709636,3.336526092580353
672515,"Moreno, Gabriel","R","R",29.253047091196365,25.88012398810997,29.478149280349214,-20.178322241504873,35.006915583589034,5.753868492392684
641487,"Crawford, J.P.","L","L",33.67377409208835,27.602162513540062,32.34144317508144,-29.748302813191916,37.76727654210574,4.0935024500173895
694192,"Chourio, Jackson","R","R",25.473447727067008,31.689807905236314,41.15539552383413,2.6490037147933383,29.64361730876555,4.170169581698544
514888,"Altuve, Jose","R","R",11.146593795773992,32.487414116115154,29.299331241149005,-13.0359491876636,27.814225463592116,16.667631667818128
803011,"Antonacci, Sam","L","L",30.332499149937828,24.573221127865818,39.22824893903715,-6.201426605761112,31.0537371642289,0.7212380142910757
592626,"Pederson, Joc","L","L",30.310017331149467,23.436692749199366,23.569508667515382,-18.097866242312563,28.925882384961167,-1.3841349461882935
605137,"Bell, Josh","L","L",28.761864034332294,28.433069820752905,37.05294364382601,-12.722073667439172,27.02093199092856,-1.7409320434037425
664034,"France, Ty","R","R",29.244358657747,26.828722633959206,30.561625167001715,-32.95945511133088,26.931127198135652,-2.3132314596113424
553993,"Suárez, Eugenio","R","R",18.46576655756717,24.088005938155106,20.558349775767603,-26.055742141192386,34.391626379904395,15.925859822337218
606466,"Marte, Ketel","L","L",30.796505550318166,20.289812251893636,18.26129103796338,-15.423259558484485,37.60645768078925,6.809952130471078
671218,"Ramos, Heliot","R","R",28.1567231194684,29.173691064677996,25.830665004362626,-6.171049696284514,26.211996616446267,-1.9447265030221386
593428,"Bogaerts, Xander","R","R",24.429210396796066,29.309806328969866,31.811988452801202,-4.265513459543159,33.85867807913917,9.429467682343113
669364,"Edwards, Xavier","L","L",25.27006472692256,24.265295454412612,31.6830213948425,-13.26187658415124,30.991727599748135,5.721662872825579
678554,"Mead, Curtis","R","R",33.95133051185464,26.278192639133756,15.596540412969867,-16.316920126486153,31.3899081201577,-2.561422391696928
689414,"Hicks, Liam","L","L",28.843087370853553,24.08932145255604,21.634730345474843,-36.20072046621156,30.464469218748594,1.621381847895034
683953,"Bazzana, Travis","L","L",30.614715208467082,27.456541500844917,26.63526034800906,-0.6672701291434727,34.2783480557853,3.6636328473182185
682177,"Schneemann, Daniel","L","L",31.973247387165323,24.26257468254157,32.598079070122374,-14.962696134162705,35.270745578875335,3.297498191710012
502671,"Goldschmidt, Paul","R","R",20.22521003485841,34.75849402500286,36.78239699811018,-2.5161634292963213,20.032689641038854,-0.1925203938195581
665742,"Soto, Juan","L","L",23.65443064345666,28.65562170844691,43.402126890483586,-11.993441846132983,25.383022454997285,1.7285918115406191
668904,"Lewis, Royce","R","R",27.554108181678206,29.54301363090967,28.29130340590753,4.103533598340982,32.352692757910035,4.798584576231838
592885,"Yelich, Christian","L","L",27.482999685335685,29.83467914148972,33.201144906636344,0.43854472298195635,26.031468044134375,-1.4515316412013077
645277,"Albies, Ozzie","L","L",35.56335742663242,23.046018189215477,39.92389029789035,-34.654968114521196,37.611933419986066,2.048575993353636
663616,"Larnach, Trevor","L","L",29.50953449670675,25.3246644906473,36.747398134423825,-0.40464108474460564,38.21524153552977,8.705707038823022
671732,"Butler, Lawrence","L","L",26.07557817754211,31.017999597241715,34.027950787832985,3.1119664811954464,26.28702810594548,0.21144992840337157
808959,"Murakami, Munetaka","L","L",28.84983971013325,27.506732097126818,28.135784061810444,-7.453633618002764,33.72819259098554,4.878352880852283
668804,"Reynolds, Bryan","L","L",25.505377983450632,26.785664136732674,42.2456306984376,-2.5691558566717445,25.169319235694168,-0.3360587477564718
686797,"Lee, Brooks","L","L",24.88701269667412,27.857645537461067,36.29254601026606,-3.1807747422101325,30.494997574457873,5.607984877783753
680757,"Kwan, Steven","L","L",30.17660848786245,23.003936736782922,8.35990672888185,-8.723104001641815,28.989508125694226,-1.1871003621682192
680574,"McLain, Matt","R","R",23.76538967918432,26.83949840557258,27.491276468918127,-10.483117037268867,31.162986136093128,7.397596456908815
657041,"Thomas, Lane","R","R",24.15910876216793,29.059932165828627,39.86371372531484,-11.046681238234532,28.236777715410064,4.0776689532421315
663837,"Vierling, Matt","R","R",36.53423350365285,26.568652803600422,25.0639077763048,-18.09825761774831,31.866596644559657,-4.667636859093204
686681,"Massey, Michael","L","L",23.63484422743543,30.086887311121714,31.07450488655927,-5.704498949707545,30.36555234195211,6.730708114516687
663757,"Grisham, Trent","L","L",33.51815519461281,31.10951635566263,26.348135167522017,-15.344260878334604,26.0752878092123,-7.44286738540051
686527,"Canzone, Dominic","L","L",31.38536690118255,29.97462644768635,26.319925219266384,-5.976076546497184,38.60840779946662,7.223040898284069
681481,"Carpenter, Kerry","L","L",31.93261853071799,30.457689530478266,22.80648536430531,-4.152750875014954,27.549824573692323,-4.382793957025677
666160,"Moniak, Mickey","L","L",25.94065679678135,30.239921562113036,32.663970165230694,-3.9914463046075186,30.822975173486437,4.882318376705094
677942,"Alexander, Blaze","R","R",30.148074083260337,29.737762113179468,32.05661108818031,-13.24718467476415,23.775915492514333,-6.372158590746009
606192,"Hernández, Teoscar","R","R",31.698387732675513,30.32591162485411,28.368574283949084,-3.8064599589762493,29.89499295109016,-1.8033947815853477
677587,"Rocchio, Brayan","L","L",26.855116923860148,22.72125918047116,39.82798162134451,-8.78650904590815,33.419166599123905,6.564049675263765
542303,"Ozuna, Marcell","R","R",34.58635977082987,25.830574687296714,33.06403175701802,-25.87485772338284,34.357035583147876,-0.22932418768200843
665833,"Cruz, Oneil","L","L",28.035470329876162,26.5751906438879,38.77278624547407,-11.335369151546047,34.62383562546546,6.58836529558929
668901,"Vientos, Mark","R","R",27.16863731416246,27.55491866369454,26.07165180827176,-3.715005153482151,29.727810754407898,2.559173440245446
592663,"Realmuto, J.T.","R","R",31.116738651933858,28.16338697890661,25.266119724842856,-23.440857873700665,29.059975004730465,-2.0567636472033906
656555,"Hoskins, Rhys","R","R",30.82059433188371,28.407517075057807,24.09164922582264,-5.8478578920889905,32.99875013273924,2.1781558008555293
665161,"Peña, Jeremy","R","R",28.321653674921055,27.444549387737034,35.45687854928921,-21.584577009849024,31.64183885756666,3.3201851826456075
656716,"McKinstry, Zach","L","L",29.071633362662002,25.458223738724968,31.53175152241011,-3.125335821763592,28.087048490188995,-0.9845848724730079
696285,"Young, Jacob","R","R",30.397534792746054,31.031063413065603,32.2833096447201,-9.908456386974603,28.084659243318395,-2.3128755494276727
666969,"García, Adolis","R","R",29.93991023505779,26.847697798763104,28.700415559830972,-17.561366181016723,32.46161770393566,2.5217074688778673
663728,"Raleigh, Cal","L","L",30.433718698162913,24.917535487502754,28.517011207678973,-1.1627551237610059,32.81793942185977,2.384220723696869
672695,"Perdomo, Geraldo","L","L",18.310589870416948,25.376000004526414,44.42746831404463,-13.00297303576771,24.672566315599077,6.361976445182126
663886,"Stephenson, Tyler","R","R",28.03065210601168,28.516321367242558,32.79919272347984,0.2774802255448259,29.776548032556107,1.7458959265444216
804606,"Griffin, Konnor","R","R",29.3090106623544,30.510373218366098,31.502991027731277,-7.639964316282894,32.641819084560915,3.3328084222065195
690993,"Keith, Colt","L","L",23.89410448367842,28.135846414118095,34.20804110346092,-3.841797382120073,30.359454316555055,6.465349832876632
609280,"Andujar, Miguel","R","R",28.123254302992514,30.600172002696386,24.654862070531138,5.348300590310029,33.346968386562516,5.223714083570002
805779,"Wilson, Jacob","R","R",28.777065983267615,23.898735336807633,25.59195386516662,-17.75828066345469,33.19811317305643,4.421047189788821
682626,"Alvarez, Francisco","R","R",25.969405167556282,28.588652872640477,34.21910190136688,-11.495440551199808,27.188925164845603,1.2195199972893112
664770,"Lukes, Nathan","L","L",27.389336720640536,29.925131772691056,30.821927165039575,2.337578565473163,26.643564708677594,-0.7457720119629432
683357,"Caissie, Owen","L","L",28.678559789961046,28.52684610831355,28.73969195354822,-5.142751791303227,33.37202116334479,4.693461373383749
669357,"Gorman, Nolan","L","L",28.38285475506956,28.860607263091417,33.06515447552885,-9.636992574552856,34.704292769746,6.321438014676454
573262,"Yastrzemski, Mike","L","L",31.544807094015052,23.81787869922801,24.396021623525463,-5.4146842423776365,32.826103456547635,1.2812963625325844
592450,"Judge, Aaron","R","R",25.289357749132517,33.865597394877156,30.26875313943267,-6.488721538220376,29.217458808664663,3.9281010595321413
650489,"Castro, Willi","L","L",31.380018725219518,22.767672333003052,30.793942342184423,-6.149965172954465,30.9350849066745,-0.4449338185450193
663968,"Mangum, Jake","L","L",29.530442738501673,29.865213832676954,28.809957297941637,1.2025898135568789,19.508762252692453,-10.021680485809226
682829,"De La Cruz, Elly","L","L",28.47248811815117,28.820807685270456,35.25469811011468,-16.43202140387642,36.70058146597023,8.22809334781905
608070,"Ramírez, José","L","L",30.71858351114959,21.67616699376089,27.721829673222658,-17.181929310029307,33.00112904133595,2.28254553018637
683083,"Nuñez, Nasim","L","L",27.161801521919735,28.889707915017055,32.82014558729084,4.620850902274051,28.528126432515002,1.366324910595273
665750,"Taveras, Leody","L","L",26.710902514153894,25.961699108120733,29.31976826301401,-13.179997830779751,32.93571774395528,6.22481522980139
545121,"Vargas, Ildemaro","L","L",9.15081502174099,24.38339053930095,33.50693923111735,-14.503323184436784,25.84020210884442,16.689387087103434
645277,"Albies, Ozzie","R","R",32.32635625261874,16.66653777407673,30.13263284712518,-56.52644876340604,38.301903644854434,5.975547392235693
686555,"Collins, Isaac","L","L",28.47432723302098,28.243121178578296,33.250498071171805,-10.9527375589035,30.684137066124784,2.2098098331038027
682657,"Martínez, Angel","L","L",32.440817463492806,25.208280740533088,30.424820505378463,-18.82998807512673,35.18116070216155,2.740343238668728
668939,"Rutschman, Adley","L","L",27.777982571201218,25.63832153582582,37.40778453773679,-19.861515836210287,27.08338448561658,-0.6945980855846428
668804,"Reynolds, Bryan","R","R",28.245080177804258,28.362760258703123,30.78098570997716,-0.4760878095711147,26.99710383516493,-1.247976342639329
650489,"Castro, Willi","R","R",30.625490846743315,27.038024108276133,28.53749937858652,2.806027540786388,29.990349762335796,-0.6351410844075154
605137,"Bell, Josh","R","R",30.509322206978563,27.158824419861954,33.85134477750753,-12.163247372076581,26.191469664417994,-4.317852542560572
686797,"Lee, Brooks","R","R",24.49313351909862,30.361926910110267,38.183905461163604,1.5678405758857408,31.631258933643565,7.13812541454495
677587,"Rocchio, Brayan","R","R",25.802084385780294,24.261029182766915,40.36651664066886,-2.1677464174837797,31.09412939639608,5.292045010615777
664023,"Happ, Ian","R","R",29.816759324658417,26.759843154722134,24.319375703509817,-6.701281608435318,34.00918660935932,4.19242728470091
663728,"Raleigh, Cal","R","R",27.73491983697805,24.942309252867098,28.46435013397729,-3.562869425170379,36.8113075586635,9.076387721685457
606466,"Marte, Ketel","R","R",28.342364903232315,24.86559798832272,18.85554291009245,6.0321398616124595,36.76002821584115,8.417663312608845
683083,"Nuñez, Nasim","R","R",30.00566127558185,29.83570365451608,30.56402039430893,3.9397627334572554,28.608582256128376,-1.3970790194534615
672695,"Perdomo, Geraldo","R","R",22.032662246174812,24.637424684895496,45.32904406520901,-10.897271334988416,28.154401234194637,6.121738988019823
686555,"Collins, Isaac","R","R",29.36129588879561,28.911847430003466,34.50985890465974,-23.608886063873555,36.40491479922844,7.043618910432817
682829,"De La Cruz, Elly","R","R",30.536205912221924,30.11023697286551,32.6458193890916,-12.773419970601182,36.901327103753246,6.365121191531329
665750,"Taveras, Leody","R","R",28.217559773182945,29.897900381757406,29.091642799398155,-2.110103293763976,30.592456428440567,2.374896655257624
545121,"Vargas, Ildemaro","R","R",25.91645267395161,25.90431505910593,27.43621043477081,-11.093543191733387,31.8165693140126,5.9001166400609835
668939,"Rutschman, Adley","R","R",26.896273096882695,26.540693991774095,39.26715359694917,-8.072659489955342,28.250069099441134,1.3537960025584526
608070,"Ramírez, José","R","R",29.822677803713514,24.835000987187097,28.607740975773503,-10.227594553140912,32.88222858329958,3.0595507795860724
669364,"Edwards, Xavier","R","R",19.431325484942125,22.854512313545964,28.860038499886386,-9.010526091500216,33.52042927541504,14.089103790472926
663968,"Mangum, Jake","R","R",28.878283837611793,27.400203579985803,28.74441085281832,-0.17344056592808288,24.83108644864856,-4.047197388963236
682657,"Martínez, Angel","R","R",31.07204857872955,23.673573772333118,30.336232732545252,-20.598340649798324,40.96708717134799,9.895038592618441