"player","player_id","team_abbrev","year","type","avg_hr_trot","doubters","mostly_gone","no_doubters","no_doubter_per","hr_total","xhr","xhr_diff"
"Springs, Jeffrey","605488","ATH","2026","adj_xhr","24.1",8,12,11,"40.7","27",19.8,"7.2"
"Nola, Aaron","605400","PHI","2026","adj_xhr","25.05",10,21,4,"16","25",20.6,"4.4"
"Littell, Zack","641793","WSH","2026","adj_xhr","24.26",12,20,9,"36","25",25.7,"-0.7"
"Kelly, Merrill","518876","AZ","2026","adj_xhr","24.02",7,18,8,"36.4","22",21.9,"0.1"
"Eovaldi, Nathan","543135","TEX","2026","adj_xhr","23.77",7,15,8,"36.4","22",17.3,"4.7"
"Imanaga, Shota","684007","CHC","2026","adj_xhr","23.42",7,12,9,"40.9","22",19.1,"2.9"
"Taillon, Jameson","592791","CHC","2026","adj_xhr","23.45",5,10,12,"54.5","22",19.3,"2.7"
"Burrows, Mike","681347","HOU","2026","adj_xhr","24.64",4,13,9,"42.9","21",18.4,"2.6"
"Mikolas, Miles","571945","WSH","2026","adj_xhr","23.92",12,13,9,"42.9","21",20.3,"0.7"
"Singer, Brady","663903","CIN","2026","adj_xhr","24.53",4,11,10,"47.6","21",18.9,"2.1"
"Lauer, Eric","641778","LAD","2026","adj_xhr","23.12",3,10,10,"50","20",17,"3.0"
"Freeland, Kyle","607536","COL","2026","adj_xhr","23.74",10,10,8,"40","20",16,"4.0"
"Sasaki, Roki","808963","LAD","2026","adj_xhr","23.42",3,18,5,"25","20",17.2,"2.8"
"Sugano, Tomoyuki","608372","COL","2026","adj_xhr","23.54",7,13,9,"45","20",18.2,"1.8"
"Bibee, Tanner","676440","CLE","2026","adj_xhr","23.5",6,11,10,"50","20",18.3,"1.7"
"Williams, Gavin","668909","CLE","2026","adj_xhr","24.88",5,11,11,"55","20",19,"1.0"
"Nelson, Ryne","669194","AZ","2026","adj_xhr","23.27",5,10,7,"38.9","18",15,"3.0"
"Elder, Bryce","693821","ATL","2026","adj_xhr","25.15",6,11,7,"38.9","18",15.2,"2.8"
"Gallen, Zac","668678","AZ","2026","adj_xhr","24.61",10,10,8,"44.4","18",16.9,"1.1"
"Liberatore, Matthew","669461","STL","2026","adj_xhr","23.78",6,13,9,"50","18",17.8,"0.2"
"Peralta, Freddy","642547","NYM","2026","adj_xhr","23.6",8,12,3,"17.6","17",13.5,"3.5"
"Civale, Aaron","650644","CHC","2026","adj_xhr","23.23",6,12,8,"47.1","17",15.8,"1.2"
"Griffin, Foster","656492","WSH","2026","adj_xhr","24.25",3,9,9,"52.9","17",15.1,"1.9"
"Bradley, Taj","671737","MIN","2026","adj_xhr","26.03",10,7,9,"52.9","17",15.3,"1.7"
"Rea, Colin","607067","CHC","2026","adj_xhr","23.58",8,14,5,"29.4","17",14.7,"2.3"
"Sheehan, Emmet","686218","LAD","2026","adj_xhr","23.36",5,6,9,"52.9","17",12.8,"4.2"
"Weathers, Ryan","677960","NYY","2026","adj_xhr","23.92",6,9,9,"52.9","17",15.6,"1.4"
"Alcantara, Sandy","645261","MIA","2026","adj_xhr","24.02",8,13,7,"41.2","17",16.8,"0.2"
"Fedde, Erick","607200","CWS","2026","adj_xhr","24.79",6,14,3,"18.8","16",15.2,"0.8"
"Ryan, Joe","657746","MIN","2026","adj_xhr","24.49",9,10,6,"37.5","16",14.5,"1.5"
"deGrom, Jacob","594798","TEX","2026","adj_xhr","24.57",4,15,6,"37.5","16",15.3,"0.7"
"Wacha, Michael","608379","KC","2026","adj_xhr","23.56",6,12,7,"43.8","16",15.5,"0.5"
"Lorenzen, Michael","547179","COL","2026","adj_xhr","23.95",6,11,8,"50","16",16,"0.0"
"Abbott, Andrew","671096","CIN","2026","adj_xhr","24.32",11,7,8,"50","16",13.8,"2.2"
"Sproat, Brandon","687075","MIL","2026","adj_xhr","23.44",9,7,5,"31.3","16",11.4,"4.6"
"Ashcraft, Braxton","677952","PIT","2026","adj_xhr","24.49",10,9,5,"31.3","16",12.9,"3.1"
"Early, Connelly","813349","BOS","2026","adj_xhr","23.88",6,8,8,"53.3","15",14.3,"0.7"
"Houser, Adrian","605288","SF","2026","adj_xhr","23.8",12,9,8,"53.3","15",14.6,"0.4"
"McGreevy, Michael","700241","STL","2026","adj_xhr","24.36",9,14,6,"40","15",17.2,"-2.2"
"Ray, Robbie","592662","SF","2026","adj_xhr","25.38",3,10,7,"46.7","15",13,"2.0"
"Feltner, Ryan","663372","COL","2026","adj_xhr","24.31",7,4,12,"80","15",16.5,"-1.5"
"Gilbert, Logan","669302","SEA","2026","adj_xhr","22.69",3,17,4,"26.7","15",15.7,"-0.7"
"Cecconi, Slade","677944","CLE","2026","adj_xhr","23.45",8,13,7,"46.7","15",16,"-1.0"
"Holmes, Grant","656550","ATL","2026","adj_xhr","24.46",10,11,5,"33.3","15",14.6,"0.4"
"Matthews, Zebby","805673","MIN","2026","adj_xhr","23.74",6,14,7,"46.7","15",16.7,"-1.7"
"Gausman, Kevin","592332","TOR","2026","adj_xhr","24.56",8,14,5,"33.3","15",15.8,"-0.8"
"Lugo, Seth","607625","KC","2026","adj_xhr","24.58",8,6,10,"66.7","15",13.8,"1.2"
"Cabrera, Edward","665795","CHC","2026","adj_xhr","22.48",9,6,6,"42.9","14",11.2,"2.8"
"Leiter, Jack","683004","TEX","2026","adj_xhr","25.73",4,11,3,"21.4","14",10,"4.0"
"Kay, Anthony","641743","CWS","2026","adj_xhr","25.09",6,9,6,"42.9","14",13.1,"0.9"
"Vásquez, Randy","681190","SD","2026","adj_xhr","23.37",15,11,7,"50","14",16.8,"-2.8"
"Painter, Andrew","691725","PHI","2026","adj_xhr","24.76",4,7,8,"57.1","14",12.7,"1.3"
"Warren, Will","701542","NYY","2026","adj_xhr","24.57",4,12,6,"42.9","14",14.5,"-0.5"
"Gore, MacKenzie","669022","TEX","2026","adj_xhr","24.99",8,10,3,"21.4","14",11.9,"2.1"
"Castillo, Luis","622491","SEA","2026","adj_xhr","25.05",3,12,6,"42.9","14",15.5,"-1.5"
"Cameron, Noah","702070","KC","2026","adj_xhr","24.14",6,6,9,"64.3","14",13.3,"0.7"
"Pérez, Eury","691587","MIA","2026","adj_xhr","25.26",7,7,8,"61.5","13",13.4,"-0.4"
"Cantillo, Joey","676282","CLE","2026","adj_xhr","23.55",8,9,6,"46.2","13",13.3,"-0.3"
"Jax, Griffin","643377","TB","2026","adj_xhr","23.91",5,13,5,"38.5","13",14.7,"-1.7"
"Ober, Bailey","641927","MIN","2026","adj_xhr","23.04",3,8,6,"46.2","13",12.5,"0.5"
"Gordon, Tanner","685299","COL","2026","adj_xhr","24",6,8,4,"30.8","13",10.2,"2.8"
"Hancock, Emerson","676106","SEA","2026","adj_xhr","24",2,10,8,"61.5","13",15.9,"-2.9"
"Detmers, Reid","672282","LAA","2026","adj_xhr","23.24",7,7,6,"46.2","13",10.9,"2.1"
"Rodriguez, Eduardo","593958","AZ","2026","adj_xhr","22.63",6,10,8,"61.5","13",15.9,"-2.9"
"Keller, Mitch","656605","PIT","2026","adj_xhr","23.26",8,10,7,"53.8","13",14.7,"-1.7"
"Yamamoto, Yoshinobu","808967","LAD","2026","adj_xhr","23.21",7,10,3,"23.1","13",10,"3.0"
"Ginn, J.T.","669372","ATH","2026","adj_xhr","24.02",4,11,2,"15.4","13",10.9,"2.1"
"Mahle, Tyler","641816","SF","2026","adj_xhr","24.53",5,12,1,"7.7","13",11.2,"1.8"
"Burke, Sean","680732","CWS","2026","adj_xhr","23.5",8,9,7,"53.8","13",13,"0.0"
"Bradish, Kyle","680694","BAL","2026","adj_xhr","24.56",5,9,5,"41.7","12",10.4,"1.6"
"Canning, Griffin","656288","SD","2026","adj_xhr","24.7",2,11,3,"25","12",12.2,"-0.2"
"Woo, Bryan","693433","SEA","2026","adj_xhr","23.61",5,8,5,"41.7","12",10.9,"1.1"
"Schlittler, Cam","693645","NYY","2026","adj_xhr","22.79",6,14,3,"25","12",11.2,"0.8"
"Arrighetti, Spencer","681293","HOU","2026","adj_xhr","23.5",3,10,5,"41.7","12",13.2,"-1.2"
"Soriano, José","667755","LAA","2026","adj_xhr","23.41",8,9,5,"41.7","12",11.2,"0.8"
"Manaea, Sean","640455","NYM","2026","adj_xhr","23.92",10,5,7,"58.3","12",11.4,"0.6"
"Sánchez, Cristopher","650911","PHI","2026","adj_xhr","22.93",4,16,2,"16.7","12",12.2,"-0.2"
"Burns, Chase","695505","CIN","2026","adj_xhr","25.66",7,11,4,"33.3","12",12.3,"-0.3"
"Rocker, Kumar","677958","TEX","2026","adj_xhr","23.87",1,10,4,"33.3","12",10.6,"1.4"
"Senga, Kodai","673540","NYM","2026","adj_xhr","24.22",3,7,5,"41.7","12",11.2,"0.8"
"Corbin, Patrick","571578","TOR","2026","adj_xhr","24.38",5,6,7,"58.3","12",11.7,"0.3"
"Rasmussen, Drew","656876","TB","2026","adj_xhr","24.99",4,8,4,"33.3","12",10.9,"1.1"
"Assad, Javier","665871","CHC","2026","adj_xhr","24.12",3,7,6,"50","12",10.9,"1.1"
"Buehler, Walker","621111","SD","2026","adj_xhr","23.9",5,7,7,"58.3","12",12.3,"-0.3"
"Márquez, Germán","608566","SD","2026","adj_xhr","23.25",3,7,6,"50","12",11.1,"0.9"
"Seymour, Ian","693855","TB","2026","adj_xhr","23.75",4,5,7,"58.3","12",11.2,"0.8"
"Gray, Sonny","543243","BOS","2026","adj_xhr","22.25",4,10,4,"33.3","12",11.6,"0.4"
"Cole, Gerrit","543037","NYY","2026","adj_xhr","23.43",4,9,4,"36.4","11",11.1,"-0.1"
"Valdez, Framber","664285","DET","2026","adj_xhr","24.36",8,6,4,"36.4","11",9.9,"1.1"
"Lambert, Peter","663567","HOU","2026","adj_xhr","23.95",5,8,4,"36.4","11",10.2,"0.8"
"Kirby, George","669923","SEA","2026","adj_xhr","23.83",3,8,4,"36.4","11",9.2,"1.8"
"Junk, Janson","676083","MIA","2026","adj_xhr","25.88",2,8,5,"45.5","11",10.3,"0.7"
"King, Michael","650633","SD","2026","adj_xhr","24.55",8,8,6,"54.5","11",12.4,"-1.4"
"Sterner, Justin","686993","ATH","2026","adj_xhr","23.86",3,6,3,"27.3","11",8.9,"2.1"
"Bello, Brayan","678394","BOS","2026","adj_xhr","24.06",2,8,7,"63.6","11",12.3,"-1.3"
"Lopez, Jacob","682052","ATH","2026","adj_xhr","24.09",2,8,2,"18.2","11",7.6,"3.4"
"Flaherty, Jack","656427","DET","2026","adj_xhr","24.06",8,9,3,"27.3","11",10.3,"0.7"
"Johnson, Ryan","696270","LAA","2026","adj_xhr","22.74",1,7,5,"45.5","11",10.3,"0.7"
"Wheeler, Zack","554430","PHI","2026","adj_xhr","23.85",4,11,1,"9.1","11",10.6,"0.4"
"Matz, Steven","571927","TB","2026","adj_xhr","23.43",6,8,5,"45.5","11",11.2,"-0.2"
"Luzardo, Jesús","666200","PHI","2026","adj_xhr","22.34",5,6,3,"27.3","11",7,"4.0"
"Gasser, Robert","688107","MIL","2026","adj_xhr","25.26",5,6,3,"27.3","11",7.7,"3.3"
"Skenes, Paul","694973","PIT","2026","adj_xhr","22.52",5,8,5,"45.5","11",10.9,"0.1"
"Martinez, Nick","607259","TB","2026","adj_xhr","24.88",10,14,5,"45.5","11",14.2,"-3.2"
"Messick, Parker","800048","CLE","2026","adj_xhr","23.41",5,5,7,"63.6","11",11.4,"-0.4"
"Perkins, Jack","678022","ATH","2026","adj_xhr","25.45",2,12,3,"27.3","11",11.3,"-0.3"
"Meyer, Max","676974","MIA","2026","adj_xhr","23.64",6,8,5,"45.5","11",10.8,"0.2"
"Miller, Bryce","682243","SEA","2026","adj_xhr","23.2",2,10,3,"27.3","11",9.8,"1.2"
"McLean, Nolan","690997","NYM","2026","adj_xhr","22.56",6,6,4,"36.4","11",9.5,"1.5"
"Strahm, Matt","621381","KC","2026","adj_xhr","24.1",3,7,3,"30","10",8.2,"1.8"
"Chandler, Bubba","696149","PIT","2026","adj_xhr","24.29",9,8,5,"50","10",10.9,"-0.9"
"López, Reynaldo","625643","ATL","2026","adj_xhr","23.29",2,7,5,"50","10",10.9,"-0.9"
"Leahy, Kyle","681517","STL","2026","adj_xhr","25.74",6,15,3,"30","10",12.9,"-2.9"
"Kremer, Dean","665152","BAL","2026","adj_xhr","23.55",5,5,4,"40","10",8.1,"1.9"
"Pérez, Martín","527048","ATL","2026","adj_xhr","24.23",2,5,7,"70","10",10.4,"-0.4"
"Yesavage, Trey","702056","TOR","2026","adj_xhr","23.97",4,6,4,"40","10",9.1,"0.9"
"Teng, Kai-Wei","678906","HOU","2026","adj_xhr","23.97",8,7,2,"20","10",7.9,"2.1"
"Rogers, Trevor","669432","BAL","2026","adj_xhr","24.18",7,4,6,"60","10",9.1,"0.9"
"Harrison, Kyle","690986","MIL","2026","adj_xhr","24.35",3,12,2,"20","10",9.2,"0.8"
"Montero, Keider","672456","DET","2026","adj_xhr","22.17",5,8,4,"40","10",9.6,"0.4"
"Marinaccio, Ron","676760","PIT","2026","adj_xhr","24.52",3,3,7,"70","10",9.9,"0.1"
"Ragans, Cole","666142","KC","2026","adj_xhr","24.47",2,7,3,"30","10",8,"2.0"
"Skubal, Tarik","669373","DET","2026","adj_xhr","23.15",3,3,6,"60","10",8.1,"1.9"
"Cruz, Steven","674444","KC","2026","adj_xhr","22.38",2,8,1,"10","10",7.2,"2.8"
"Pallante, Andre","669467","STL","2026","adj_xhr","24.6",7,9,5,"50","10",11.8,"-1.8"
"Myers, Tobias","668964","NYM","2026","adj_xhr","23.63",2,8,1,"11.1","9",6.8,"2.2"
"Tolle, Payton","801139","BOS","2026","adj_xhr","23.84",7,6,4,"44.4","9",8.6,"0.4"
"Schultz, Noah","702273","CWS","2026","adj_xhr","23.25",7,4,6,"66.7","9",9.4,"-0.4"
"Scherzer, Max","453286","TOR","2026","adj_xhr","22.95",2,3,4,"44.4","9",6.3,"2.7"
"Sewald, Paul","623149","AZ","2026","adj_xhr","24",4,5,6,"66.7","9",10.2,"-1.2"
"Santillan, Tony","663574","CIN","2026","adj_xhr","23.87",1,5,4,"44.4","9",7.4,"1.6"
"Anderson, Drew","623454","DET","2026","adj_xhr","23.06",2,5,3,"33.3","9",7,"2.0"
"Cavalli, Cade","676917","WSH","2026","adj_xhr","23.69",6,9,2,"22.2","9",9.4,"-0.4"
"Young, Brandon","687064","BAL","2026","adj_xhr","23.66",3,5,4,"44.4","9",8.6,"0.4"
"Ritchie, JR","702275","ATL","2026","adj_xhr","25.22",1,7,4,"44.4","9",9.1,"-0.1"
"Lawrence, Justin","664875","WSH","2026","adj_xhr","23.77",2,6,3,"33.3","9",7.5,"1.5"
"Lodolo, Nick","666157","CIN","2026","adj_xhr","24.44",2,4,5,"55.6","9",8.3,"0.7"
"Parker, Mitchell","680730","WSH","2026","adj_xhr","24.87",2,3,6,"66.7","9",8.6,"0.4"
"Woods Richardson, Simeon","680573","TOR","2026","adj_xhr","25.45",0,6,5,"55.6","9",9.5,"-0.5"
"Englert, Mason","669438","TB","2026","adj_xhr","25.79",4,4,6,"66.7","9",9.7,"-0.7"
"Severino, Luis","622663","ATH","2026","adj_xhr","22.93",4,8,2,"22.2","9",7.9,"1.1"
"Strider, Spencer","675911","ATL","2026","adj_xhr","23.94",3,7,3,"33.3","9",8.8,"0.2"
"Imai, Tatsuya","837227","HOU","2026","adj_xhr","24.94",2,7,4,"44.4","9",10.3,"-1.3"
"Baz, Shane","669358","BAL","2026","adj_xhr","23.63",6,8,2,"22.2","9",8.9,"0.1"
"Peterson, David","656849","CHC","2026","adj_xhr","23.64",7,8,1,"11.1","9",7.8,"1.2"
"Paddack, Chris","663978","TEX","2026","adj_xhr","25.6",7,8,3,"33.3","9",9.9,"-0.9"
"Lowder, Rhett","695076","CIN","2026","adj_xhr","24.81",8,4,6,"66.7","9",9.8,"-0.8"
"Phillips, Tyler","663969","MIA","2026","adj_xhr","23.09",7,8,3,"33.3","9",8.4,"0.6"
"Misiorowski, Jacob","694819","MIL","2026","adj_xhr","24.29",0,6,4,"44.4","9",8.3,"0.7"
"Webb, Logan","657277","SF","2026","adj_xhr","25.58",8,7,2,"22.2","9",8.1,"0.9"
"Blubaugh, AJ","805123","HOU","2026","adj_xhr","24.88",5,5,4,"50","8",8,"0.0"
"Melton, Troy","675512","DET","2026","adj_xhr","22.72",6,4,2,"25","8",5.2,"2.8"
"Kinley, Tyler","641755","ATL","2026","adj_xhr","25.16",1,4,4,"50","8",7.2,"0.8"
"Pfaadt, Brandon","694297","AZ","2026","adj_xhr","24.28",2,4,3,"37.5","8",6.5,"1.5"
"Shugart, Chase","663767","PHI","2026","adj_xhr","24.84",1,4,3,"37.5","8",5.9,"2.1"
"Kolek, Stephen","663568","KC","2026","adj_xhr","22.1",5,5,2,"25","8",5.4,"2.6"
"Quantrill, Cal","615698","TEX","2026","adj_xhr","23.82",3,4,4,"50","8",6.6,"1.4"
"Weiss, Ryan","680802","HOU","2026","adj_xhr","24.98",3,4,4,"50","8",6.9,"1.1"
"Patrick, Chad","694477","MIL","2026","adj_xhr","24.65",4,5,4,"50","8",8.4,"-0.4"
"Richards, Trevor","670950","CWS","2026","adj_xhr","23.96",3,7,3,"37.5","8",8.1,"-0.1"
"Thielbar, Caleb","573204","CHC","2026","adj_xhr","23.89",2,2,8,"100","8",8.9,"-0.9"
"Scholtens, Jesse","669947","TB","2026","adj_xhr","24.85",6,2,5,"62.5","8",7.3,"0.7"
"Wrobleski, Justin","680736","LAD","2026","adj_xhr","24.36",3,7,3,"37.5","8",7.2,"0.8"
"Garcia, Rico","670329","BAL","2026","adj_xhr","25.15",6,4,3,"37.5","8",6.9,"1.1"
"Roupp, Landen","694738","SF","2026","adj_xhr","24.06",3,7,3,"37.5","8",6.8,"1.2"
"Agnos, Zach","688642","COL","2026","adj_xhr","23.91",5,8,2,"25","8",7.1,"0.9"
"Sale, Chris","519242","ATL","2026","adj_xhr","23.41",6,6,3,"37.5","8",6.2,"1.8"
"Watson, Ryan","670245","BOS","2026","adj_xhr","23.99",6,5,5,"62.5","8",9.9,"-1.9"
"Farris, Mitch","815083","LAA","2026","adj_xhr","25.11",1,5,6,"75","8",8.3,"-0.3"
"Fairbanks, Pete","664126","MIA","2026","adj_xhr","27.84",3,5,2,"25","8",6.7,"1.3"
"Walker, Taijuan","592836","PHI","2026","adj_xhr","22.17",4,4,2,"25","8",5.4,"2.6"
"Santana, Dennis","642701","PIT","2026","adj_xhr","22.67",3,7,4,"50","8",9.4,"-1.4"
"Prielipp, Connor","687570","MIN","2026","adj_xhr","24.76",5,4,5,"62.5","8",8.8,"-0.8"
"Schreiber, John","670167","KC","2026","adj_xhr","23.37",2,4,2,"28.6","7",5.8,"1.2"
"Barlow, Scott","605130","ATH","2026","adj_xhr","24.58",1,2,5,"71.4","7",6.2,"0.8"
"Banks, Tanner","621383","PHI","2026","adj_xhr","25.53",1,5,2,"28.6","7",6.2,"0.8"
"Jump, Gage","695611","ATH","2026","adj_xhr","24.01",1,2,5,"71.4","7",6.7,"0.3"
"Suter, Brent","608718","LAA","2026","adj_xhr","22.67",2,5,4,"57.1","7",7.8,"-0.8"
"Bieber, Shane","669456","TOR","2026","adj_xhr","26.92",2,4,5,"71.4","7",7.6,"-0.6"
"Rodriguez, Grayson","680570","LAA","2026","adj_xhr","23.01",2,4,5,"71.4","7",7.4,"-0.4"
"Cease, Dylan","656302","TOR","2026","adj_xhr","24.09",4,4,3,"42.9","7",5.8,"1.2"
"Mlodzinski, Carmen","669387","PIT","2026","adj_xhr","24.46",9,5,3,"42.9","7",6.6,"0.4"
"May, Dustin","669160","STL","2026","adj_xhr","22.67",7,7,3,"42.9","7",7.1,"-0.1"
"Weissert, Greg","669711","BOS","2026","adj_xhr","27.12",0,5,2,"28.6","7",6.4,"0.6"
"Pomeranz, Drew","519141","CHC","2026","adj_xhr","24.17",4,2,4,"57.1","7",5.3,"1.7"
"McDonald, Trevor","686790","SF","2026","adj_xhr","22.82",2,6,2,"28.6","7",5.4,"1.6"
"Waldron, Matt","663362","SD","2026","adj_xhr","23.48",3,5,2,"28.6","7",6.3,"0.7"
"Lord, Brad","695418","WSH","2026","adj_xhr","25.19",3,3,4,"57.1","7",6.6,"0.4"
"Pérez, Cionel","672335","NYM","2026","adj_xhr","25.63",2,5,3,"42.9","7",6.9,"0.1"
"Hill, Tim","657612","NYY","2026","adj_xhr","23.77",2,5,3,"42.9","7",7,"0.0"
"Abreu, Bryan","650556","HOU","2026","adj_xhr","23.26",1,8,1,"14.3","7",7.1,"-0.1"
"McCullers Jr., Lance","621121","MIL","2026","adj_xhr","24.7",1,3,3,"42.9","7",5.7,"1.3"
"Scott, Christian","681035","NYM","2026","adj_xhr","25.47",4,5,3,"42.9","7",6,"1.0"
"Alvarado, Elvis","665660","ATH","2026","adj_xhr","24.31",3,6,3,"42.9","7",7.1,"-0.1"
"Bachar, Lake","669199","MIA","2026","adj_xhr","23.78",1,9,2,"28.6","7",7.5,"-0.5"
"Kochanowicz, Jack","686799","LAA","2026","adj_xhr","24.32",3,4,5,"71.4","7",8,"-1.0"
"McClanahan, Shane","663556","TB","2026","adj_xhr","22.8",3,12,4,"57.1","7",10.8,"-3.8"
"Irvin, Jake","663623","WSH","2026","adj_xhr","23.32",5,3,5,"71.4","7",7,"0.0"
"Suárez, Albert","544150","BAL","2026","adj_xhr","24.35",5,5,3,"42.9","7",6.2,"0.8"
"Gibson, Trey","694346","BAL","2026","adj_xhr","24",1,7,1,"14.3","7",5.8,"1.2"
"King, Bryan","687911","HOU","2026","adj_xhr","23.36",2,5,2,"33.3","6",5.6,"0.4"
"Jones, Jared","683003","PIT","2026","adj_xhr","24.13",3,8,2,"33.3","6",8.1,"-2.1"
"Dollander, Chase","801403","COL","2026","adj_xhr","24.2",2,5,2,"33.3","6",5.6,"0.4"
"Stanek, Ryne","592773","STL","2026","adj_xhr","23.82",2,5,2,"33.3","6",6.5,"-0.5"
"Soroka, Michael","647336","AZ","2026","adj_xhr","24.01",7,7,2,"33.3","6",7.1,"-1.1"
"Leasure, Jordan","673929","CWS","2026","adj_xhr","24.37",1,5,3,"50","6",6.4,"-0.4"
"Martin, Davis","663436","CWS","2026","adj_xhr","24.33",3,7,2,"33.3","6",7.1,"-1.1"
"Bassitt, Chris","605135","BAL","2026","adj_xhr","25.77",2,5,2,"33.3","6",5,"1.0"
"Eisert, Brandon","685126","PIT","2026","adj_xhr","23.94",0,2,4,"66.7","6",5.6,"0.4"
"Webb, Jacob","657097","CHC","2026","adj_xhr","23.94",2,5,1,"16.7","6",5.3,"0.7"
"Bummer, Aaron","607481","ATL","2026","adj_xhr","24.8",2,4,2,"33.3","6",5.5,"0.5"
"Paredes, Mike","702474","MIN","2026","adj_xhr","24.85",1,4,3,"50","6",5.8,"0.2"
"Kuhnel, Joel","669270","MIL","2026","adj_xhr","22.69",3,5,1,"16.7","6",4.5,"1.5"
"Boyd, Matthew","571510","CHC","2026","adj_xhr","24.39",2,4,4,"66.7","6",7.2,"-1.2"
"Gil, Luis","661563","NYY","2026","adj_xhr","26.49",0,2,4,"66.7","6",5.7,"0.3"
"Quintana, Jose","500779","COL","2026","adj_xhr","23.79",2,4,4,"66.7","6",6.2,"-0.2"
"Drohan, Shane","675660","MIL","2026","adj_xhr","26.92",7,2,2,"33.3","6",3.6,"2.4"
"Gómez, Yoendrys","672782","MIN","2026","adj_xhr","24.4",5,2,4,"66.7","6",5.3,"0.7"
"Finnegan, Kyle","640448","DET","2026","adj_xhr","25.24",4,3,4,"66.7","6",6,"0.0"
"Festa, Matt","670036","CLE","2026","adj_xhr","24.41",5,2,4,"66.7","6",6.4,"-0.4"
"Sulser, Cole","642121","TB","2026","adj_xhr","24.84",1,8,2,"33.3","6",7.6,"-1.6"
"Gage, Matt","657424","SF","2026","adj_xhr","25.78",1,2,4,"66.7","6",5.7,"0.3"
"Domínguez, Seranthony","622554","CWS","2026","adj_xhr","23.24",1,4,2,"33.3","6",5.5,"0.5"
"Beeks, Jalen","656222","TEX","2026","adj_xhr","24.88",1,2,4,"66.7","6",5.4,"0.6"
"Gordon, Colton","676467","HOU","2026","adj_xhr","24.73",1,3,3,"50","6",5.2,"0.8"
"Doval, Camilo","666808","NYY","2026","adj_xhr","24.08",1,3,3,"50","6",4.8,"1.2"
"Wells, Tyler","669330","BAL","2026","adj_xhr","24.72",1,4,2,"33.3","6",4.6,"1.4"
"Bachman, Sam","696147","LAA","2026","adj_xhr","24.28",4,4,2,"33.3","6",5.3,"0.7"
"Fisher, Braydon","680755","TOR","2026","adj_xhr","25.08",5,3,2,"33.3","6",4.8,"1.2"
"Soriano, George","666277","STL","2026","adj_xhr","21.5",1,5,3,"50","6",6.5,"-0.5"
"Johnson, Pierce","572955","CIN","2026","adj_xhr","26.4",2,2,4,"66.7","6",5.9,"0.1"
"Varland, Gus","681402","WSH","2026","adj_xhr","23.33",5,4,5,"83.3","6",7.9,"-1.9"
"Dreyer, Jack","676263","LAD","2026","adj_xhr","25.47",2,2,4,"66.7","6",6,"0.0"
"Avila, Luinder","679883","KC","2026","adj_xhr","23.5",4,7,2,"33.3","6",5.7,"0.3"
"Roycroft, Chris","688297","TB","2026","adj_xhr","25.88",1,5,2,"33.3","6",6.1,"-0.1"
"Kilian, Caleb","668873","SF","2026","adj_xhr","23.56",1,3,3,"60","5",5.3,"-0.3"
"Graceffo, Gordon","700669","STL","2026","adj_xhr","22.92",4,6,1,"20","5",5.2,"-0.2"
"Mize, Casey","663554","DET","2026","adj_xhr","23.34",2,7,2,"40","5",6.9,"-1.9"
"Erceg, Lucas","668674","KC","2026","adj_xhr","25.14",1,3,1,"20","5",2.9,"2.1"
"Henderson, Logan","701656","MIL","2026","adj_xhr","22.6",0,5,0,"0","5",3,"2.0"
"Woodruff, Brandon","605540","MIL","2026","adj_xhr","24.26",3,1,3,"60","5",3.9,"1.1"
"Adams, Travis","701519","MIN","2026","adj_xhr","24.06",3,2,2,"40","5",3.3,"1.7"
"Ureña, Walbert","700712","LAA","2026","adj_xhr","25.79",3,6,1,"20","5",6,"-1.0"
"Harris, Hogan","663687","ATH","2026","adj_xhr","23.3",0,5,0,"0","5",3.3,"1.7"
"Jansen, Kenley","445276","DET","2026","adj_xhr","23.73",1,2,2,"40","5",3.7,"1.3"
"Morales, Luis","806960","ATH","2026","adj_xhr","24.08",0,4,1,"20","5",3.8,"1.2"
"Ferguson, Tyler","621053","CHC","2026","adj_xhr","27.59",0,2,3,"60","5",4,"1.0"
"Barnett, Mason","686930","ATH","2026","adj_xhr","23.77",0,5,0,"0","5",4.1,"0.9"
"Okert, Steven","595345","HOU","2026","adj_xhr","25.19",5,1,2,"40","5",3.6,"1.4"
"Anderson, Grant","681982","MIL","2026","adj_xhr","23.63",3,1,4,"80","5",4.7,"0.3"
"Warren, Austin","681810","NYM","2026","adj_xhr","26.14",2,4,2,"40","5",5,"0.0"
"Crochet, Garrett","676979","BOS","2026","adj_xhr","23.55",2,2,4,"80","5",5.2,"-0.2"
"Schultz, Paxton","687606","WSH","2026","adj_xhr","24.94",2,4,2,"40","5",5.2,"-0.2"
"Suarez, Ranger","624133","BOS","2026","adj_xhr","24.94",3,0,5,"100","5",5.2,"-0.2"
"Maton, Phil","664208","CHC","2026","adj_xhr","24.35",2,5,1,"20","5",5.4,"-0.4"
"Glasnow, Tyler","607192","LAD","2026","adj_xhr","21.95",2,5,1,"20","5",5.5,"-0.5"
"Fluharty, Mason","689254","TOR","2026","adj_xhr","24.25",0,6,2,"40","5",5.6,"-0.6"
"Soto, Gregory","642397","PIT","2026","adj_xhr","24.21",1,6,1,"20","5",5.7,"-0.7"
"Zeferjahn, Ryan","666171","LAA","2026","adj_xhr","25.32",0,3,2,"40","5",4.5,"0.5"
"Moll, Sam","594580","CIN","2026","adj_xhr","23.39",0,2,3,"60","5",4.6,"0.4"
"Morgan, Eli","669212","KC","2026","adj_xhr","24.25",0,3,2,"40","5",4.7,"0.3"
"Romero, JoJo","668941","STL","2026","adj_xhr","26.68",4,4,2,"40","5",5.6,"-0.6"
"Bellozo, Valente","678368","COL","2026","adj_xhr","25.67",0,2,4,"80","5",5.3,"-0.3"
"Winn, Cole","668390","TEX","2026","adj_xhr","25.7",1,1,4,"80","5",5,"0.0"
"Bidois, Brandan","684049","PIT","2026","adj_xhr","24.04",0,2,4,"80","5",5,"0.0"
"Holton, Tyler","663947","DET","2026","adj_xhr","24.7",1,2,3,"60","5",5,"0.0"
"Peralta, Wandy","593974","SD","2026","adj_xhr","23.92",1,2,3,"60","5",4.9,"0.1"
"Brown, Hunter","686613","HOU","2026","adj_xhr","27.23",1,2,3,"60","5",4.8,"0.2"
"Beeter, Clayton","690925","WSH","2026","adj_xhr","27.24",0,4,2,"40","5",4.7,"0.3"
"Sears, JP","676664","SD","2026","adj_xhr","25.16",1,1,4,"80","5",4.5,"0.5"
"Morán, Jovani","663558","BOS","2026","adj_xhr","22.32",0,4,2,"40","5",4.3,"0.7"
"Svanson, Matt","694335","STL","2026","adj_xhr","23.16",2,3,1,"20","5",3.9,"1.1"
"Ashby, Aaron","676879","MIL","2026","adj_xhr","25.23",2,2,2,"40","5",3.5,"1.5"
"Matsui, Yuki","673513","SD","2026","adj_xhr","23.71",2,6,1,"20","5",5.9,"-0.9"
"De Los Santos, Enyel","660853","HOU","2026","adj_xhr","23.26",3,3,3,"60","5",5.2,"-0.2"
"Nunez, Anthony","689296","BAL","2026","adj_xhr","24.74",2,4,3,"60","5",5.1,"-0.1"
"Sullivan, Sean","807743","COL","2026","adj_xhr","26.82",3,5,1,"20","5",4.8,"0.2"
"Kittredge, Andrew","552640","BAL","2026","adj_xhr","24.88",4,3,2,"40","5",4.5,"0.5"
"Herget, Jimmy","623474","COL","2026","adj_xhr","23.85",4,4,1,"20","5",4.2,"0.8"
"Miles, Spencer","693686","TOR","2026","adj_xhr","22.89",0,3,4,"80","5",5.6,"-0.6"
"Aldegheri, Sam","691951","LAA","2026","adj_xhr","23.48",1,4,2,"40","5",5.5,"-0.5"
"Brogdon, Connor","641401","CLE","2026","adj_xhr","22.72",1,5,1,"20","5",5.2,"-0.2"
"Nance, Tommy","667297","MIN","2026","adj_xhr","24.09",2,2,3,"60","5",4.9,"0.1"
"Adam, Jason","592094","SD","2026","adj_xhr","22.7",1,4,2,"40","5",4.1,"0.9"
"Burke, Brock","656271","CIN","2026","adj_xhr","25.57",2,4,2,"50","4",4.2,"-0.2"
"Mejia, Juan","675848","COL","2026","adj_xhr","23.7",1,3,2,"50","4",3.7,"0.3"
"Herrin, Tim","682120","CLE","2026","adj_xhr","26.14",2,2,2,"50","4",3.7,"0.3"
"Taylor, Grant","691799","CWS","2026","adj_xhr","23.51",5,3,0,"0","4",2.6,"1.4"
"Cleavinger, Garrett","664076","TB","2026","adj_xhr","25.13",2,1,3,"75","4",4.1,"-0.1"
"Williamson, Brandon","682227","CIN","2026","adj_xhr","24.88",0,4,2,"50","4",4.2,"-0.2"
"Lovelady, Richard","663992","WSH","2026","adj_xhr","22.27",0,2,3,"75","4",4.8,"-0.8"
"Giolito, Lucas","608337","SD","2026","adj_xhr","22.82",0,3,2,"50","4",4.3,"-0.3"
"Beck, Brendan","694341","NYY","2026","adj_xhr","21.68",0,3,2,"50","4",4.2,"-0.2"
"Topa, Justin","623437","MIN","2026","adj_xhr","24.85",1,1,3,"75","4",4.2,"-0.2"
"Armstrong, Shawn","542888","CLE","2026","adj_xhr","23.81",1,4,2,"50","4",5.2,"-1.2"
"Gaddis, Hunter","683769","CLE","2026","adj_xhr","24.88",2,2,3,"75","4",5,"-1.0"
"Minter, A.J.","621345","NYM","2026","adj_xhr","24.25",1,4,2,"50","4",4.6,"-0.6"
"Lange, Alex","656638","KC","2026","adj_xhr","22.96",0,6,1,"25","4",4.6,"-0.6"
"Hoffman, Jeff","656546","TOR","2026","adj_xhr","23.16",2,3,2,"50","4",4.5,"-0.5"
"Nardi, Andrew","677053","MIA","2026","adj_xhr","23.69",2,3,2,"50","4",4.4,"-0.4"
"Booser, Cam","592155","TB","2026","adj_xhr","23.22",3,2,2,"50","4",4.3,"-0.3"
"Bird, Jake","656234","NYY","2026","adj_xhr","22.54",1,4,2,"50","4",4.2,"-0.2"
"Rangel, Alan","660604","PHI","2026","adj_xhr","25.25",2,3,2,"50","4",4.1,"-0.1"
"Sandlin, David","689818","CWS","2026","adj_xhr","21.84",2,4,1,"25","4",3.9,"0.1"
"Smith, Cade","671922","CLE","2026","adj_xhr","24",3,3,2,"50","4",3.8,"0.2"
"Ginkel, Kevin","656464","AZ","2026","adj_xhr","24.05",5,2,1,"25","4",3.1,"0.9"
"Way, Beck","694360","KC","2026","adj_xhr","28",1,1,3,"75","4",4,"0.0"
"Slaten, Justin","686580","BOS","2026","adj_xhr","23.9",1,2,2,"50","4",4,"0.0"
"Waldichuk, Ken","686610","WSH","2026","adj_xhr","23.53",1,4,0,"0","4",3.9,"0.1"
"Antone, Tejay","622088","CIN","2026","adj_xhr","24.54",0,3,2,"50","4",3.8,"0.2"
"Ohtani, Shohei","660271","LAD","2026","adj_xhr","24.59",0,3,2,"50","4",3.6,"0.4"
"Walker, Ryan","676254","SF","2026","adj_xhr","24.25",1,2,2,"50","4",3.6,"0.4"
"Medina, Luis","665622","ATH","2026","adj_xhr","25.62",1,2,2,"50","4",3.5,"0.5"
"Alvarado, José","621237","PHI","2026","adj_xhr","25.75",1,1,3,"75","4",3.4,"0.6"
"Tolbert, Tyler","686475","KC","2026","adj_xhr","26.79",1,2,2,"50","4",3.3,"0.7"
"Rolison, Ryan","669020","CHC","2026","adj_xhr","25.13",1,3,1,"25","4",3.3,"0.7"
"Petty, Chase","695534","CIN","2026","adj_xhr","24.41",1,2,2,"50","4",3.2,"0.8"
"Muñoz, Andrés","662253","SEA","2026","adj_xhr","22.82",1,3,1,"25","4",3.1,"0.9"
"Legumina, Casey","668984","TB","2026","adj_xhr","26.79",2,2,1,"25","4",3.1,"0.9"
"Bazardo, Eduard","660825","SEA","2026","adj_xhr","24.03",5,3,0,"0","4",3,"1.0"
"Iglesias, Raisel","628452","ATL","2026","adj_xhr","23.65",1,2,2,"50","4",3,"1.0"
"Suarez, José","660761","ATH","2026","adj_xhr","25.23",2,2,1,"25","4",2.7,"1.3"
"Kelly, Kevin","687330","TB","2026","adj_xhr","23.43",2,2,1,"25","4",2.6,"1.4"
"Milner, Hoby","571948","CHC","2026","adj_xhr","23.64",2,2,1,"25","4",2.5,"1.5"
"Poulin, PJ","676571","WSH","2026","adj_xhr","24.32",0,7,1,"25","4",5.9,"-1.9"
"Bubic, Kris","663460","KC","2026","adj_xhr","23.93",1,0,3,"75","4",3,"1.0"
"Martin, Chris","455119","TEX","2026","adj_xhr","24.17",1,1,2,"50","4",2.8,"1.2"
"Woodford, Jake","663765","CHC","2026","adj_xhr","23.96",1,2,1,"25","4",2.6,"1.4"
"Montgomery, Mason","682254","PIT","2026","adj_xhr","25.69",1,2,3,"75","4",4.4,"-0.4"
"Henry, Cole","669371","WSH","2026","adj_xhr","24.77",1,3,2,"50","4",4.4,"-0.4"
"Morris, Kade","695034","ATH","2026","adj_xhr","25.72",1,2,1,"25","4",2.3,"1.7"
"Pagán, Emilio","641941","CIN","2026","adj_xhr","24.99",1,2,3,"75","4",4.7,"-0.7"
"Ramírez, Yohan","670990","PIT","2026","adj_xhr","25.03",0,3,3,"75","4",4.8,"-0.8"
"Hernández, Jonathan","642546","LAD","2026","adj_xhr","25.34",2,0,2,"50","4",2.3,"1.7"
"Castaño, Blas","680604","COL","2026","adj_xhr","24.68",0,1,3,"75","4",4,"0.0"
"Bratt, Mitch","683352","AZ","2026","adj_xhr","23.93",0,1,3,"75","4",3.9,"0.1"
"Zuber, Tyler","676604","MIA","2026","adj_xhr","22.48",0,3,1,"25","4",3.7,"0.3"
"Martin, Trevor","694680","TB","2026","adj_xhr","24.49",0,3,1,"25","4",3.6,"0.4"
"Falter, Bailey","663559","KC","2026","adj_xhr","22.92",0,2,2,"50","4",3.5,"0.5"
"Knack, Landon","689017","LAD","2026","adj_xhr","24.15",0,3,1,"25","4",3.5,"0.5"
"Little, Brendon","663893","TOR","2026","adj_xhr","22.5",0,2,2,"50","4",3.4,"0.6"
"Blackburn, Paul","621112","NYY","2026","adj_xhr","24.98",2,6,1,"25","4",5.9,"-1.9"
"Hart, Kyle","606996","SD","2026","adj_xhr","24.72",3,4,2,"50","4",4.6,"-0.6"
"Petersen, Michael","656848","MIA","2026","adj_xhr","26.22",5,2,3,"75","4",4.8,"-0.8"
"Clarke, Taylor","664199","AZ","2026","adj_xhr","24.03",5,3,3,"75","4",5.6,"-1.6"
"Bennett, Jake","687562","BOS","2026","adj_xhr","24.96",2,8,1,"25","4",6.2,"-2.2"
"Scott, Tanner","656945","LAD","2026","adj_xhr","27.77",2,1,3,"75","4",3.5,"0.5"
"Povich, Cade","700249","BAL","2026","adj_xhr","25.7",2,4,0,"0","4",3.4,"0.6"
"Keller, Brad","641745","PHI","2026","adj_xhr","21.91",0,3,1,"25","4",2.5,"1.5"
"Mayza, Tim","641835","PHI","2026","adj_xhr","23.04",3,1,2,"50","4",3,"1.0"
"Kimbrel, Craig","518886","TB","2026","adj_xhr","25.81",3,1,2,"50","4",3,"1.0"
"Senzatela, Antonio","622608","COL","2026","adj_xhr","22.61",2,3,1,"25","4",3.4,"0.6"
"Thornton, Trent","663423","CHC","2026","adj_xhr","23.02",2,2,2,"50","4",3.6,"0.4"
"Brubaker, JT","664141","SF","2026","adj_xhr","26.97",3,1,4,"100","4",4.9,"-0.9"
"King, John","667463","MIA","2026","adj_xhr","21.24",3,3,2,"50","4",4.9,"-0.9"
"Alexander, Jason","669920","HOU","2026","adj_xhr","25.7",2,5,1,"25","4",4.3,"-0.3"
"Anderson, Shaun","641312","LAA","2026","adj_xhr","24.24",2,1,2,"66.7","3",3.1,"-0.1"
"Murray, Jayden","681151","CHC","2026","adj_xhr","25.91",4,2,1,"33.3","3",2.4,"0.6"
"Yarbrough, Ryan","642232","NYY","2026","adj_xhr","24.78",3,4,0,"0","3",2.8,"0.2"
"Holmes, Clay","605280","NYM","2026","adj_xhr","21.95",3,2,2,"66.7","3",3.3,"-0.3"
"Vodnik, Victor","680767","COL","2026","adj_xhr","24.89",3,2,2,"66.7","3",3.5,"-0.5"
"Cruz, Fernando","518585","NYY","2026","adj_xhr","22.31",1,5,1,"33.3","3",4.1,"-1.1"
"Cabrera, Jose","703615","AZ","2026","adj_xhr","26.31",1,5,1,"33.3","3",4.4,"-1.4"
"Ribalta, Orlando","687377","WSH","2026","adj_xhr","24.11",1,4,2,"66.7","3",4.5,"-1.5"
"Dobbins, Hunter","690928","STL","2026","adj_xhr","23.6",0,6,1,"33.3","3",4.6,"-1.6"
"Barco, Hunter","682995","PIT","2026","adj_xhr","24.37",1,3,0,"0","3",1.3,"1.7"
"Yoho, Craig","684974","MIL","2026","adj_xhr","24.03",2,2,0,"0","3",1.9,"1.1"
"Curvelo, Luis","681168","TEX","2026","adj_xhr","22.85",2,2,0,"0","3",2,"1.0"
"Muñoz, Roddery","682610","HOU","2026","adj_xhr","24.97",1,2,1,"33.3","3",2.5,"0.5"
"Ferrer, José A.","678606","SEA","2026","adj_xhr","26.11",1,1,2,"66.7","3",2.6,"0.4"
"Rucker, Michael","621074","SEA","2026","adj_xhr","21.86",1,3,0,"0","3",2.7,"0.3"
"Rodón, Carlos","607074","NYY","2026","adj_xhr","24.7",1,2,1,"33.3","3",2.7,"0.3"
"Greene, Hunter","668881","CIN","2026","adj_xhr","25.03",0,3,1,"33.3","3",2.7,"0.3"
"Roberts, Ethan","681799","CHC","2026","adj_xhr","24.09",1,2,1,"33.3","3",2.8,"0.2"
"Maxwell, Zach","687209","CIN","2026","adj_xhr","26.7",0,3,1,"33.3","3",2.9,"0.1"
"Bido, Osvaldo","674370","CWS","2026","adj_xhr","24.51",1,2,1,"33.3","3",2.9,"0.1"
"Hanifee, Brenan","669724","DET","2026","adj_xhr","24.63",0,3,1,"33.3","3",3,"0.0"
"Helsley, Ryan","664854","BAL","2026","adj_xhr","24.24",1,2,1,"33.3","3",3,"0.0"
"Banda, Anthony","607455","MIN","2026","adj_xhr","24.26",1,2,1,"33.3","3",3,"0.0"
"Phillips, Evan","623465","LAD","2026","adj_xhr","26.58",1,1,2,"66.7","3",3,"0.0"
"Brazobán, Huascar","623211","NYM","2026","adj_xhr","28.39",0,2,2,"66.7","3",3.3,"-0.3"
"Tur, Yunior","814305","ATH","2026","adj_xhr","26.81",0,1,3,"100","3",3.3,"-0.3"
"Akin, Keegan","669211","BAL","2026","adj_xhr","22.08",3,1,1,"33.3","3",1.8,"1.2"
"Kerkering, Orion","689147","PHI","2026","adj_xhr","22.5",2,3,0,"0","3",2.1,"0.9"
"Laweryson, Cody","689520","MIN","2026","adj_xhr","23.21",2,2,1,"33.3","3",2.4,"0.6"
"Bolton, Cody","675989","HOU","2026","adj_xhr","22.95",2,3,0,"0","3",2.4,"0.6"
"Gray, Peyton","682608","TEX","2026","adj_xhr","23.8",2,1,2,"66.7","3",2.5,"0.5"
"Ross, Joe","605452","TEX","2026","adj_xhr","27.63",2,2,1,"33.3","3",2.7,"0.3"
"Voth, Austin","608723","MIN","2026","adj_xhr","23.61",2,2,1,"33.3","3",2.8,"0.2"
"Criswell, Cooper","681867","SEA","2026","adj_xhr","23.61",2,1,2,"66.7","3",2.9,"0.1"
"Latz, Jacob","656641","TEX","2026","adj_xhr","25.84",2,2,1,"33.3","3",3,"0.0"
"Morris, Andrew","702193","MIN","2026","adj_xhr","24.74",1,2,2,"66.7","3",3.1,"-0.1"
"Carrasco, Carlos","471911","ATL","2026","adj_xhr","22.07",2,1,2,"66.7","3",3.2,"-0.2"
"Halvorsen, Seth","678020","COL","2026","adj_xhr","22.55",1,3,1,"33.3","3",3.4,"-0.4"
"Fermin, José","820862","LAA","2026","adj_xhr","23.23",1,3,1,"33.3","3",3.5,"-0.5"
"Speier, Gabe","642100","SEA","2026","adj_xhr","22.43",1,3,1,"33.3","3",3.5,"-0.5"
"Rogers, Taylor","573124","MIN","2026","adj_xhr","27.28",0,3,2,"66.7","3",3.5,"-0.5"
"Sabrowski, Erik","681870","CLE","2026","adj_xhr","22.29",1,3,1,"33.3","3",3.6,"-0.6"
"Dodd, Dylan","689266","ATL","2026","adj_xhr","23.6",4,2,0,"0","3",2.2,"0.8"
"Phillips, Connor","683175","CIN","2026","adj_xhr","24.9",3,2,1,"33.3","3",2.7,"0.3"
"Gusto, Ryan","687473","MIA","2026","adj_xhr","24.08",3,2,1,"33.3","3",2.7,"0.3"
"Whitlock, Garrett","676477","BOS","2026","adj_xhr","22.82",1,4,1,"33.3","3",2.8,"0.2"
"Silseth, Chase","681217","LAA","2026","adj_xhr","23.15",3,2,1,"33.3","3",3.2,"-0.2"
"Bowlan, Jonathan","680742","PHI","2026","adj_xhr","24.01",2,2,2,"66.7","3",3.2,"-0.2"
"Kent, Zak","687849","WSH","2026","adj_xhr","23.93",2,3,1,"33.3","3",3.3,"-0.3"
"Hurt, Kyle","669165","LAD","2026","adj_xhr","26.13",1,3,2,"66.7","3",3.5,"-0.5"
"Weaver, Luke","596133","NYM","2026","adj_xhr","25.5",1,3,2,"66.7","3",3.8,"-0.8"
"Mattson, Isaac","676755","PIT","2026","adj_xhr","25.12",0,4,2,"66.7","3",3.9,"-0.9"
"Kikuchi, Yusei","579328","LAA","2026","adj_xhr","26.45",1,3,2,"66.7","3",4.6,"-1.6"
"Javier, Cristian","664299","HOU","2026","adj_xhr","22.93",2,6,0,"0","3",2.9,"0.1"
"Black, Mason","696131","KC","2026","adj_xhr","22.25",2,1,0,"0","3",0.9,"2.1"
"Shook, TJ","669298","COL","2026","adj_xhr","24.23",1,1,1,"33.3","3",1.6,"1.4"
"Uribe, Abner","682842","MIL","2026","adj_xhr","22.44",1,2,0,"0","3",1.7,"1.3"
"Backhus, Kyle","679775","PHI","2026","adj_xhr","24.43",1,1,1,"33.3","3",1.8,"1.2"
"Cortes, Carlos","666126","ATH","2026","adj_xhr","28.21",0,2,1,"33.3","3",1.8,"1.2"
"Gastelum, Luis","703725","STL","2026","adj_xhr","24.19",1,1,1,"33.3","3",2,"1.0"
"Hoffmann, Andrew","694851","AZ","2026","adj_xhr","23.03",1,1,1,"33.3","3",2,"1.0"
"Thompson, Ryan","657044","AZ","2026","adj_xhr","20.23",1,0,2,"66.7","3",2.1,"0.9"
"Franco, Jose","683742","CIN","2026","adj_xhr","24.86",1,1,1,"33.3","3",2.1,"0.9"
"Spence, Mitch","687765","KC","2026","adj_xhr","23.91",0,3,0,"0","3",2.2,"0.8"
"Lazar, Max","676661","PHI","2026","adj_xhr","22.9",0,1,2,"66.7","3",2.3,"0.7"
"Garcia, Julian","670062","CIN","2026","adj_xhr","25.12",0,2,1,"33.3","3",2.3,"0.7"
"Williams, Devin","642207","NYM","2026","adj_xhr","23.71",0,3,0,"0","3",2.3,"0.7"
"Dion, Will","702021","CLE","2026","adj_xhr","24.5",0,2,1,"33.3","3",2.5,"0.5"
"Waldrep, Hurston","694462","ATL","2026","adj_xhr","27.26",0,3,0,"0","3",2.6,"0.4"
"Borucki, Ryan","621366","SF","2026","adj_xhr","20.73",0,1,2,"66.7","3",2.6,"0.4"
"Waguespack, Jacob","621097","DET","2026","adj_xhr","25.46",0,1,2,"66.7","3",2.7,"0.3"
"Sanmartin, Reiver","665665","SF","2026","adj_xhr","23.1",0,1,2,"66.7","3",2.7,"0.3"
"Pintaro, Jonathan","702752","NYM","2026","adj_xhr","26.58",0,1,2,"66.7","3",2.8,"0.2"
"Brieske, Beau","689225","DET","2026","adj_xhr","24.51",0,2,1,"33.3","3",2.9,"0.1"
"Morejon, Adrian","670970","SD","2026","adj_xhr","23.93",0,1,2,"66.7","3",2.9,"0.1"
"Wilson, Bryse","669060","MIL","2026","adj_xhr","26",0,2,1,"33.3","3",2.9,"0.1"
"Barnes, Charlie","656212","LAD","2026","adj_xhr","22.73",0,0,3,"100","3",3,"0.0"
"Ferguson, Caleb","657571","CIN","2026","adj_xhr","24.19",0,1,2,"66.7","3",3,"0.0"
"Kahnle, Tommy","592454","BOS","2026","adj_xhr","23.26",2,1,1,"50","2",1.9,"0.1"
"Kelly, Antwone","699008","PIT","2026","adj_xhr","23.78",1,0,1,"50","2",1,"1.0"
"Rodriguez, Bradgley","699134","SD","2026","adj_xhr","27.57",3,2,1,"50","2",2.7,"-0.7"
"Bruihl, Justin","677865","STL","2026","adj_xhr","24.93",3,2,1,"50","2",2.9,"-0.9"
"Alvarez, Andrew","674841","WSH","2026","adj_xhr","28.71",4,1,1,"50","2",1.7,"0.3"
"Junis, Jakob","596001","TEX","2026","adj_xhr","26.94",3,1,0,"0","2",0.9,"1.1"
"Crow, Coleman","689441","MIL","2026","adj_xhr","21.63",3,2,1,"50","2",2.1,"-0.1"
"Bednar, David","670280","NYY","2026","adj_xhr","22.28",1,3,0,"0","2",1.2,"0.8"
"Lee, Dylan","669276","ATL","2026","adj_xhr","21.51",3,3,0,"0","2",2.3,"-0.3"
"Simpson, Josh","681006","SEA","2026","adj_xhr","25.93",1,0,1,"50","2",1,"1.0"
"Brown, Ben","676962","CHC","2026","adj_xhr","20.94",4,3,0,"0","2",2.9,"-0.9"
"Vest, Will","676684","DET","2026","adj_xhr","22.11",2,2,0,"0","2",1.5,"0.5"
"Macko, Adam","671936","TOR","2026","adj_xhr","27.78",0,1,2,"100","2",2.9,"-0.9"
"Miller, Erik","669062","SF","2026","adj_xhr","24.31",0,1,2,"100","2",2.7,"-0.7"
"Oviedo, Johan","670912","BOS","2026","adj_xhr","24.19",0,2,1,"50","2",2.6,"-0.6"
"Dobnak, Randy","677976","KC","2026","adj_xhr","23.55",0,2,1,"50","2",2.5,"-0.5"
"Leiter Jr., Mark","643410","ATH","2026","adj_xhr","24.55",1,0,1,"50","2",1,"1.0"
"Peoples, Ben","687239","TEX","2026","adj_xhr","22.31",1,0,1,"50","2",1.1,"0.9"
"Cerantola, Eric","672021","KC","2026","adj_xhr","25.12",1,1,0,"0","2",1.1,"0.9"
"Criswell, Jeff","676105","COL","2026","adj_xhr","20.85",0,2,0,"0","2",1.2,"0.8"
"Estrada, Jeremiah","669093","SD","2026","adj_xhr","23.47",0,1,1,"50","2",1.3,"0.7"
"Rodríguez, Yariel","684320","TOR","2026","adj_xhr","25.57",0,2,0,"0","2",1.4,"0.6"
"Richardson, Lyon","680689","CIN","2026","adj_xhr","26.25",0,1,1,"50","2",1.4,"0.6"
"Granillo, Andre","701552","WSH","2026","adj_xhr","23.56",0,1,1,"50","2",1.4,"0.6"
"Winn, Keaton","676775","SF","2026","adj_xhr","25.25",2,1,1,"50","2",2,"0.0"
"Smith, Burch","572143","DET","2026","adj_xhr","18.67",0,2,0,"0","2",1.6,"0.4"
"Estrada, Lazaro","681751","TOR","2026","adj_xhr","28.43",0,1,1,"50","2",1.6,"0.4"
"Gilbert, Tyler","656457","CWS","2026","adj_xhr","21.36",0,1,1,"50","2",1.6,"0.4"
"Lee, Chase","695445","TOR","2026","adj_xhr","26.69",0,2,0,"0","2",1.6,"0.4"
"Morillo, Juan","666661","AZ","2026","adj_xhr","23.75",0,1,1,"50","2",1.6,"0.4"
"Murphy, Chris","669684","CWS","2026","adj_xhr","22.55",1,2,1,"50","2",2.2,"-0.2"
"Harvey, Hunter","640451","CHC","2026","adj_xhr","24.88",0,1,1,"50","2",1.7,"0.3"
"Madden, Ty","680744","DET","2026","adj_xhr","21.89",0,2,0,"0","2",1.7,"0.3"
"Paez, Jedixson","699151","CWS","2026","adj_xhr","27.28",0,1,1,"50","2",1.7,"0.3"
"Stewart, Brock","592779","LAD","2026","adj_xhr","23.55",0,1,1,"50","2",1.8,"0.2"
"Treinen, Blake","595014","LAD","2026","adj_xhr","23.37",2,1,1,"50","2",2.2,"-0.2"
"Lynch IV, Daniel","663738","KC","2026","adj_xhr","23.2",2,2,1,"50","2",2.6,"-0.6"
"Klein, Will","694361","LAD","2026","adj_xhr","23.05",0,2,0,"0","2",1.9,"0.1"
"Fuentes, Didier","800311","ATL","2026","adj_xhr","24.28",0,1,1,"50","2",1.9,"0.1"
"Hiraldo, Yaramil","682274","BAL","2026","adj_xhr","22.29",0,1,1,"50","2",1.9,"0.1"
"Mey, Luis","682825","CIN","2026","adj_xhr","25.92",0,0,2,"100","2",2,"0.0"
"Krook, Matt","640454","WSH","2026","adj_xhr","26.75",0,0,2,"100","2",2,"0.0"
"Martin, Corbin","656686","CHC","2026","adj_xhr","23.05",0,0,2,"100","2",2,"0.0"
"Hollowell, Gavin","668970","CHC","2026","adj_xhr","24.64",1,3,1,"50","2",2.6,"-0.6"
"Raley, Brooks","548384","NYM","2026","adj_xhr","23.67",3,1,1,"50","2",2.3,"-0.3"
"Payamps, Joel","606303","ATL","2026","adj_xhr","25.11",0,0,2,"100","2",2,"0.0"
"Kelly, Carson","608348","CHC","2026","adj_xhr","20.23",0,0,2,"100","2",2,"0.0"
"Heasley, Jonathan","669169","TB","2026","adj_xhr","24.95",0,1,1,"50","2",2,"0.0"
"Sandlin, Nick","680704","LAA","2026","adj_xhr","23.04",0,0,2,"100","2",2,"0.0"
"Sands, Cole","663485","MIN","2026","adj_xhr","29.78",0,0,2,"100","2",2,"0.0"
"Blanco, Ronel","669854","HOU","2026","adj_xhr","27.08",0,0,2,"100","2",2,"0.0"
"Guerrero, Tyron","594027","BOS","2026","adj_xhr","21.98",0,0,2,"100","2",2,"0.0"
"Wilson, Weston","642215","SEA","2026","adj_xhr","22.43",0,0,2,"100","2",2,"0.0"
"Buttó, José","676130","SF","2026","adj_xhr","24.36",0,0,2,"100","2",2,"0.0"
"García, Luis","472610","MIN","2026","adj_xhr","26.28",3,2,0,"0","2",2,"0.0"
"Baker, Bryan","641329","TB","2026","adj_xhr","23.05",3,2,0,"0","2",1.3,"0.7"
"Headrick, Brent","687396","NYY","2026","adj_xhr","22.32",2,1,1,"50","2",2.3,"-0.3"
"Corniell, Jose","692030","TEX","2026","adj_xhr","24.54",1,1,2,"100","2",2.4,"-0.4"
"Hill, Jaden","677955","COL","2026","adj_xhr","25.74",1,1,2,"100","2",2.5,"-0.5"
"Leibrandt, Brandon","605335","CIN","2026","adj_xhr","21.36",0,3,0,"0","2",2.2,"-0.2"
"Allard, Kolby","663465","CLE","2026","adj_xhr","25.32",1,2,1,"50","2",2.6,"-0.6"
"Bernardino, Brennan","657514","COL","2026","adj_xhr","27.17",0,2,1,"50","2",2.2,"-0.2"
"Funderburk, Kody","681892","MIN","2026","adj_xhr","24.11",1,2,1,"50","2",2.7,"-0.7"
"Zerpa, Angel","672582","MIL","2026","adj_xhr","25.7",1,1,1,"50","2",2.2,"-0.2"
"Hudson, Bryan","663542","CWS","2026","adj_xhr","24",1,2,1,"50","2",2.7,"-0.7"
"Mears, Nick","683232","KC","2026","adj_xhr","24.56",1,0,2,"100","2",2.2,"-0.2"
"O'Brien, Riley","676617","STL","2026","adj_xhr","24.07",2,5,2,"100","2",6,"-4.0"
"Palencia, Daniel","694037","CHC","2026","adj_xhr","24.96",2,1,0,"0","2",0.7,"1.3"
"Rojas, Miguel","500743","LAD","2026","adj_xhr","23.49",2,1,0,"0","2",1,"1.0"
"Morgan, David","688158","SD","2026","adj_xhr","25.68",2,1,0,"0","2",1,"1.0"
"Dotel, Wilber","696062","PIT","2026","adj_xhr","23.86",1,0,2,"100","2",2.1,"-0.1"
"Ashcraft, Graham","668933","CIN","2026","adj_xhr","25.31",2,1,0,"0","2",1.1,"0.9"
"Alexander, Tyler","641302","TEX","2026","adj_xhr","26.54",2,0,1,"50","2",1.2,"0.8"
"Durán, Rodolfo","660710","SD","2026","adj_xhr","22.38",1,2,0,"0","2",1.3,"0.7"
"Yates, Kirby","489446","LAA","2026","adj_xhr","21.6",0,2,1,"50","2",2.1,"-0.1"
"Ahlstrom, Robby","695239","TEX","2026","adj_xhr","25.48",1,0,2,"100","2",2.1,"-0.1"
"Seabold, Connor","657756","KC","2026","adj_xhr","24.71",2,0,1,"50","2",1.3,"0.7"
"Vanasco, Ricky","676568","DET","2026","adj_xhr","25.33",1,1,1,"50","2",1.4,"0.6"
"Brebbia, John","605154","COL","2026","adj_xhr","27.48",1,0,2,"100","2",2.1,"-0.1"
"Jackson, Alex","656577","MIN","2026","adj_xhr","23.72",1,1,1,"50","2",2,"0.0"
"Davis, Tyler","699823","CWS","2026","adj_xhr","23.12",0,3,0,"0","2",2,"0.0"
"Smith, Dylan","681916","SF","2026","adj_xhr","23.69",1,1,1,"50","2",1.9,"0.1"
"Abner, Philip","691769","AZ","2026","adj_xhr","23.39",1,2,0,"0","2",1.8,"0.2"
"Pallette, Peyton","688883","CLE","2026","adj_xhr","23.72",0,3,0,"0","2",1.8,"0.2"
"Go, Woo-Suk","808970","MIN","2026","adj_xhr","24.2",1,2,0,"0","2",1.8,"0.2"
"Sisk, Evan","681895","PIT","2026","adj_xhr","21.7",1,1,1,"50","2",1.5,"0.5"
"Foster, Cameron","671382","BAL","2026","adj_xhr","29.57",0,1,0,"0","1",0.7,"0.3"
"McDermott, Chayce","694646","LAD","2026","adj_xhr","22.59",0,1,0,"0","1",0.7,"0.3"
"Martin, Riley","702303","CHC","2026","adj_xhr","29.94",0,1,0,"0","1",0.7,"0.3"
"Torrens, Luis","620443","NYM","2026","adj_xhr","25.42",0,1,0,"0","1",0.7,"0.3"
"Saucedo, Tayler","642048","LAA","2026","adj_xhr","20.45",0,1,0,"0","1",0.8,"0.2"
"Aleman, Franco","680916","CLE","2026","adj_xhr","21.54",0,1,0,"0","1",0.8,"0.2"
"Walker, Josh","677020","BAL","2026","adj_xhr","21.78",0,1,0,"0","1",0.8,"0.2"
"Brooks, Aaron","605156","TB","2026","adj_xhr","21.4",0,1,0,"0","1",0.8,"0.2"
"Basso, Brady","669620","ATH","2026","adj_xhr","23.83",0,1,0,"0","1",0.8,"0.2"
"Salazar, César","663967","HOU","2026","adj_xhr",,0,1,0,"0","1",0.8,"0.2"
"Foley, Jason","671345","SF","2026","adj_xhr","21.93",0,1,0,"0","1",0.9,"0.1"
"Molina, Anthony","683627","ATL","2026","adj_xhr","24",0,1,0,"0","1",0.9,"0.1"
"Estévez, Carlos","608032","KC","2026","adj_xhr","30.75",0,1,0,"0","1",0.9,"0.1"
"Devenski, Chris","606965","PIT","2026","adj_xhr","22",0,1,0,"0","1",0.9,"0.1"
"Baumler, Carter","691945","TEX","2026","adj_xhr","21.59",0,1,0,"0","1",0.9,"0.1"
"Wiemer, Joey","686894","WSH","2026","adj_xhr","26.07",0,1,0,"0","1",0.9,"0.1"
"Acuña, Luisangel","682668","CWS","2026","adj_xhr","23.3",0,1,0,"0","1",0.9,"0.1"
"Santa, Alimber","695001","HOU","2026","adj_xhr","25.24",0,1,0,"0","1",0.9,"0.1"
"Solesky, Chase","686678","TB","2026","adj_xhr","22.14",0,1,0,"0","1",0.9,"0.1"
"Raya, Marco","694397","MIN","2026","adj_xhr","24.99",0,1,0,"0","1",0.9,"0.1"
"Thomas, Connor","671162","ATL","2026","adj_xhr","26.93",0,1,0,"0","1",0.9,"0.1"
"La Sorsa, Joe","686747","BOS","2026","adj_xhr","26.83",0,0,1,"100","1",1,"0.0"
"Frazier, Adam","624428","LAA","2026","adj_xhr","23.78",0,0,1,"100","1",1,"0.0"
"Brito, Jhony","666745","SD","2026","adj_xhr","26.37",0,1,0,"0","1",1,"0.0"
"Fernández, Julian","642759","WSH","2026","adj_xhr","24.92",0,0,1,"100","1",1,"0.0"
"Sandoval, Patrick","663776","BOS","2026","adj_xhr","24.65",0,0,1,"100","1",1,"0.0"
"Jameson, Drey","686753","AZ","2026","adj_xhr","24.29",0,1,1,"100","1",1.4,"-0.4"
"Rashi, Taylor","688497","AZ","2026","adj_xhr","26.06",0,0,1,"100","1",1,"0.0"
"Henriquez, Edgardo","683618","LAD","2026","adj_xhr","24.37",0,0,1,"100","1",1,"0.0"
"Snelling, Robby","702281","MIA","2026","adj_xhr","23.4",0,0,1,"100","1",1,"0.0"
"Kranick, Max","668820","WSH","2026","adj_xhr","26.35",0,1,0,"0","1",1,"0.0"
"Little, Luke","681432","CHC","2026","adj_xhr","26.74",0,0,1,"100","1",1,"0.0"
"Wantz, Andrew","681806","TB","2026","adj_xhr",,0,0,1,"100","1",1,"0.0"
"White, Josh","687985","MIA","2026","adj_xhr","29.67",0,0,1,"100","1",1,"0.0"
"Santos, Winston","692437","TEX","2026","adj_xhr","27.69",0,0,1,"100","1",1,"0.0"
"Eflin, Zach","621107","BAL","2026","adj_xhr","20.36",0,0,1,"100","1",1,"0.0"
"Murphy, Owen","702566","ATL","2026","adj_xhr","30.01",0,0,1,"100","1",1,"0.0"
"Koenig, Jared","657649","MIL","2026","adj_xhr","28.25",0,0,1,"100","1",1,"0.0"
"Shuster, Jared","694363","STL","2026","adj_xhr","22.8",0,0,1,"100","1",1,"0.0"
"Nicolas, Kyle","693312","CIN","2026","adj_xhr","29.31",0,0,1,"100","1",1,"0.0"
"Klein, John","804619","MIN","2026","adj_xhr","24.02",0,1,0,"0","1",1,"0.0"
"Keller, Brian","662144","PHI","2026","adj_xhr","21.2",0,0,1,"100","1",1,"0.0"
"Peralta, Sammy","671111","COL","2026","adj_xhr","23.91",0,0,1,"100","1",1,"0.0"
"Fleming, Josh","676596","TOR","2026","adj_xhr","23.86",0,0,1,"100","1",1,"0.0"
"Rajcic, Max","691008","STL","2026","adj_xhr","24.88",0,1,1,"100","1",1.4,"-0.4"
"Williamson, Ben","810938","TB","2026","adj_xhr","28.59",0,1,1,"100","1",1.3,"-0.3"
"Wilcox, Cole","677961","SEA","2026","adj_xhr","30.74",0,1,1,"100","1",1.3,"-0.3"
"Espino, Daniel","682982","CLE","2026","adj_xhr","25.08",0,2,0,"0","1",1.3,"-0.3"
"Anderson, Jack","681252","MIN","2026","adj_xhr","24.54",0,1,1,"100","1",1.3,"-0.3"
"Romano, Jordan","605447","COL","2026","adj_xhr","24.04",1,0,1,"100","1",1.2,"-0.2"
"Rodríguez, Elmer","695684","NYY","2026","adj_xhr","22.9",1,0,1,"100","1",1.2,"-0.2"
"Pearson, Nate","663878","HOU","2026","adj_xhr","20.98",2,1,0,"0","1",0.8,"0.2"
"Coulombe, Danny","543056","BOS","2026","adj_xhr",,2,1,0,"0","1",0.8,"0.2"
"Suarez, Robert","663158","ATL","2026","adj_xhr","26.25",2,1,0,"0","1",1.2,"-0.2"
"Duran, Jhoan","661395","PHI","2026","adj_xhr","21.99",1,2,0,"0","1",1.2,"-0.2"
"Gibson, Cade","806188","MIA","2026","adj_xhr","25.2",2,0,1,"100","1",1.3,"-0.3"
"Fernandez, Ryan","681676","STL","2026","adj_xhr","24.38",1,2,0,"0","1",1.3,"-0.3"
"Mantiply, Joe","573009","TOR","2026","adj_xhr","19.52",1,2,0,"0","1",1.3,"-0.3"
"Rojas, Kendry","696070","MIN","2026","adj_xhr","22.59",1,1,1,"100","1",1.4,"-0.4"
"Palmquist, Carson","687223","WSH","2026","adj_xhr","20.21",1,2,0,"0","1",1.5,"-0.5"
"Urquidy, José","664353","PIT","2026","adj_xhr","22.92",0,2,1,"100","1",1.6,"-0.6"
"Natera Jr., Samy","696519","LAA","2026","adj_xhr","25.38",1,1,1,"100","1",1.7,"-0.7"
"Vivas, Jorbit","678391","WSH","2026","adj_xhr","23.16",1,1,1,"100","1",1.7,"-0.7"
"Sims, Lucas","608371","CWS","2026","adj_xhr","23.36",0,3,0,"0","1",1.9,"-0.9"
"Boyle, Joe","671212","TB","2026","adj_xhr","20.26",0,3,0,"0","1",1.9,"-0.9"
"Newcomb, Sean","656794","CWS","2026","adj_xhr","22.64",1,1,1,"100","1",2.1,"-1.1"
"Thornton, Zac","804267","NYM","2026","adj_xhr","25.44",4,3,0,"0","1",2.5,"-1.5"
"Hoppe, Alex","695380","SEA","2026","adj_xhr","24.22",1,0,1,"100","1",1.2,"-0.2"
"Karinchak, James","675916","ATL","2026","adj_xhr","27.06",1,0,1,"100","1",1.2,"-0.2"
"Sommers, Drew","805427","DET","2026","adj_xhr","22.31",0,2,0,"0","1",1.2,"-0.2"
"France, J.P.","641585","HOU","2026","adj_xhr","26.11",1,0,1,"100","1",1.1,"-0.1"
"Beck, Tristan","663941","SF","2026","adj_xhr","21.47",4,0,0,"0","1",0.3,"0.7"
"Vesia, Alex","681911","LAD","2026","adj_xhr","20.96",3,1,0,"0","1",0.6,"0.4"
"Bender, Anthony","669622","MIA","2026","adj_xhr","22.15",2,2,0,"0","1",1.4,"-0.4"
"Loáisiga, Jonathan","642528","AZ","2026","adj_xhr","27.14",1,3,0,"0","1",1.5,"-0.5"
"McCann, James","543510","AZ","2026","adj_xhr","22.39",1,3,0,"0","1",1.7,"-0.7"
"Seymour, Carson","693313","SF","2026","adj_xhr","22.07",2,2,0,"0","1",1.7,"-0.7"
"De Jesus, Enmanuel","646241","DET","2026","adj_xhr","26.29",2,1,1,"100","1",1.8,"-0.8"
"Fried, Max","608331","NYY","2026","adj_xhr","22.31",2,1,1,"100","1",1.8,"-0.8"
"Seelinger, Matt","676910","NYM","2026","adj_xhr","26.23",1,3,0,"0","1",2,"-1.0"
"Cornelio, Riley","683000","WSH","2026","adj_xhr","25.87",1,2,1,"100","1",2.1,"-1.1"
"Gonzalez, Domingo","682445","SEA","2026","adj_xhr","20.81",1,3,0,"0","1",2.5,"-1.5"
"Hurter, Brant","676428","DET","2026","adj_xhr","26.43",1,0,1,"100","1",1.1,"-0.1"
"Kempner, William","687531","MIA","2026","adj_xhr","29.44",0,2,0,"0","1",1.1,"-0.1"
"Holderman, Colin","670059","CLE","2026","adj_xhr","25.22",4,1,1,"100","1",2,"-1.0"
"Chapman, Aroldis","547973","BOS","2026","adj_xhr","25.39",4,0,1,"100","1",1.3,"-0.3"
"Wolfram, Grant","664991","BAL","2026","adj_xhr","23.57",3,1,1,"100","1",1.7,"-0.7"
"Whisenhunt, Carson","687931","SF","2026","adj_xhr","21.09",2,3,0,"0","1",2.2,"-1.2"
"Thompson, Keegan","624522","COL","2026","adj_xhr","23.16",3,1,1,"100","1",2.6,"-1.6"
"Schweitzer, Tyler","805326","CWS","2026","adj_xhr","22.1",1,0,1,"100","1",1.1,"-0.1"
"Raquet, Nick","675919","BAL","2026","adj_xhr","21.08",1,1,0,"0","1",1.1,"-0.1"
"Kelly, Michael","547184","ATH","2026","adj_xhr","27.73",1,0,1,"100","1",1.1,"-0.1"
"Johnson, Seth","686751","PHI","2026","adj_xhr","24.74",1,0,1,"100","1",1.1,"-0.1"
"Tidwell, Blade","694918","SF","2026","adj_xhr","24.02",1,1,0,"0","1",1.1,"-0.1"
"Manoah, Alek","666201","LAA","2026","adj_xhr","21.77",1,1,0,"0","1",1.1,"-0.1"
"Hartlieb, Geoff","664129","ATH","2026","adj_xhr","24.02",1,1,0,"0","1",1.1,"-0.1"
"Cano, Yennier","666974","BAL","2026","adj_xhr","25.14",1,0,1,"100","1",1.1,"-0.1"
"Varland, Louis","686973","TOR","2026","adj_xhr","25.28",1,0,1,"100","1",1.1,"-0.1"
"Verlander, Justin","434378","DET","2026","adj_xhr","24.83",1,0,1,"100","1",1,"0.0"
"Roa, Christian","685005","HOU","2026","adj_xhr","23.98",1,1,0,"0","1",1,"0.0"
"Heineman, Tyler","623168","LAA","2026","adj_xhr","21.16",0,2,0,"0","1",1,"0.0"
"Curry, Xzavion","675540","NYM","2026","adj_xhr","20.4",1,1,0,"0","1",1,"0.0"
"Wicks, Jordan","696136","CHC","2026","adj_xhr","25.05",1,0,1,"100","1",1,"0.0"
"Sanders, Cam","676742","BAL","2026","adj_xhr","19.85",1,0,1,"100","1",1,"0.0"
"Higashioka, Kyle","543309","TEX","2026","adj_xhr","23.62",1,0,1,"100","1",1,"0.0"
"Rodriguez, Carlos","692230","MIL","2026","adj_xhr","26.16",1,1,0,"0","1",1,"0.0"
"Collyer, Gavin","686560","TEX","2026","adj_xhr","23.63",1,0,1,"100","1",1,"0.0"
"Gamboa, Alec","687941","BOS","2026","adj_xhr","25.47",1,1,0,"0","1",1,"0.0"
"Lucchesi, Joey","664192","LAA","2026","adj_xhr","21.28",1,1,0,"0","1",0.9,"0.1"
"Muñoz, Rolddy","691548","ATL","2026","adj_xhr","24.49",1,1,0,"0","1",0.9,"0.1"
"Hicks, Jordan","663855","CWS","2026","adj_xhr","24.39",1,1,0,"0","1",0.9,"0.1"
"Gerber, Joey","680702","NYM","2026","adj_xhr","23.99",1,1,0,"0","1",0.8,"0.2"
"Davila, Nick","689546","SEA","2026","adj_xhr","22.61",0,2,0,"0","1",0.8,"0.2"
"Bigge, Hunter","685801","TB","2026","adj_xhr","22.83",1,1,0,"0","1",0.7,"0.3"
"Sullivan, Brett","664954","COL","2026","adj_xhr","23.57",1,1,0,"0","1",0.6,"0.4"
"Rom, Drew","680723","MIL","2026","adj_xhr","23.98",1,1,0,"0","1",0.5,"0.5"
"De los Santos, Yerry","660787","NYY","2026","adj_xhr","24.27",1,1,0,"0","1",0.5,"0.5"
"Hall, DL","669084","MIL","2026","adj_xhr","25.66",2,0,0,"0","1",0.4,"0.6"
"Klassen, George","691946","LAA","2026","adj_xhr","23.95",2,0,0,"0","1",0.3,"0.7"
"Estes, Joey","683155","ATH","2026","adj_xhr","21.81",1,0,0,"0","1",0,"1.0"
"Rivera, Eduardo","700842","BOS","2026","adj_xhr","32.24",1,0,0,"0","1",0,"1.0"
"Casparius, Ben","676508","LAD","2026","adj_xhr","24.8",1,0,0,"0","1",0,"1.0"
"Horton, Cade","690990","CHC","2026","adj_xhr","24.02",1,0,0,"0","1",0.1,"0.9"
"Trivino III, Lou","642152","PHI","2026","adj_xhr","24.12",1,0,0,"0","1",0.2,"0.8"
"Hader, Josh","623352","HOU","2026","adj_xhr","22.01",1,0,0,"0","1",0.2,"0.8"
"Edwards Jr., Carl","605218","NYM","2026","adj_xhr","22.4",0,1,0,"0","1",0.4,"0.6"
"Smith, Shane","681343","CWS","2026","adj_xhr","23.31",0,1,0,"0","1",0.5,"0.5"
"Díaz, Edwin","621242","LAD","2026","adj_xhr","21.32",0,1,0,"0","1",0.6,"0.4"
"Uberstine, Tyler","700413","BOS","2026","adj_xhr","19.77",0,1,0,"0","1",0.6,"0.4"
"Orze, Eric","679358","MIN","2026","adj_xhr","27.2",6,3,0,"0","1",2.8,"-1.8"
"Chivilli, Angel","683409","NYY","2026","adj_xhr","27.88",0,1,1,"100","1",1.8,"-0.8"
"Kelly, Zack","677161","BOS","2026","adj_xhr","24.09",0,1,1,"100","1",1.7,"-0.7"
"Jacob, Alek","689690","SD","2026","adj_xhr","24.46",0,2,0,"0","1",1.7,"-0.7"
"Samaniego, Tyler","701719","BOS","2026","adj_xhr","27.89",0,1,1,"100","1",1.6,"-0.6"
"Young, Danny","664849","ATL","2026","adj_xhr","20.63",0,2,0,"0","1",1.6,"-0.6"
"Díaz, Yilber","700270","AZ","2026","adj_xhr","24.41",0,2,0,"0","1",1.5,"-0.5"
"Tong, Jonah","804636","NYM","2026","adj_xhr","24.98",0,2,0,"0","1",1.5,"-0.5"
"Grove, Michael","675627","TB","2026","adj_xhr",,1,0,0,,"0",0.2,"-0.2"
"Allen, Logan","671106","CLE","2026","adj_xhr",,0,3,0,,"0",1.6,"-1.6"
"Faucher, Calvin","676534","MIA","2026","adj_xhr",,0,3,0,,"0",1.5,"-1.5"
"Eder, Jake","671109","LAD","2026","adj_xhr",,1,1,0,,"0",0.9,"-0.9"
"Sanoja, Javier","691594","MIA","2026","adj_xhr",,2,0,0,,"0",0.2,"-0.2"
"Hughes, Gabriel","687312","COL","2026","adj_xhr",,3,0,0,,"0",0.2,"-0.2"
"Megill, Trevor","656730","MIL","2026","adj_xhr",,1,0,0,,"0",0.2,"-0.2"
"Vargas, Ildemaro","545121","AZ","2026","adj_xhr",,1,0,0,,"0",0.2,"-0.2"
"Brash, Matt","666374","SEA","2026","adj_xhr",,1,0,0,,"0",0.2,"-0.2"
"Pivetta, Nick","601713","SD","2026","adj_xhr",,1,0,0,,"0",0.2,"-0.2"
"Trevino, Jose","624431","CIN","2026","adj_xhr",,0,1,0,,"0",0.7,"-0.7"
"Heuer, Codi","676051","CLE","2026","adj_xhr",,2,0,0,,"0",0.3,"-0.3"
"Sousa, Bennett","656986","HOU","2026","adj_xhr",,0,1,0,,"0",0.3,"-0.3"
"Hentges, Sam","656529","SF","2026","adj_xhr",,2,0,0,,"0",0.3,"-0.3"
"Juenger, Hayden","696522","ATH","2026","adj_xhr",,1,1,0,,"0",0.3,"-0.3"
"Rutledge, Jackson","671131","WSH","2026","adj_xhr",,0,1,0,,"0",0.3,"-0.3"
"Cosgrove, Tom","676680","WSH","2026","adj_xhr",,0,1,0,,"0",0.4,"-0.4"
"Miller, Mason","695243","SD","2026","adj_xhr",,2,1,0,,"0",0.6,"-0.6"
"Garrett, Braxton","666129","MIA","2026","adj_xhr",,1,1,0,,"0",0.6,"-0.6"
"Abel, Mick","690953","MIN","2026","adj_xhr",,2,1,0,,"0",0.7,"-0.7"
"Hedges, Austin","595978","CLE","2026","adj_xhr",,1,0,0,,"0",0,"0.0"
"Cuas, Jose","621016","KC","2026","adj_xhr",,1,0,0,,"0",0,"0.0"
"Rogers, Tyler","643511","TOR","2026","adj_xhr",,1,0,0,,"0",0,"0.0"
"Kennedy, Buddy","671083","SEA","2026","adj_xhr",,1,0,0,,"0",0.1,"-0.1"
"Fitzpatrick, Brian","702153","MIL","2026","adj_xhr",,1,0,0,,"0",0.1,"-0.1"
"Pop, Zach","647315","PHI","2026","adj_xhr",,1,0,0,,"0",0.1,"-0.1"
"Fulton, Dax","690978","MIA","2026","adj_xhr",,1,0,0,,"0",0.1,"-0.1"
"Enns, Dietrich","608650","BAL","2026","adj_xhr",,2,0,0,,"0",0.2,"-0.2"
"Andrews, Tanner","681084","TOR","2026","adj_xhr",,1,0,0,,"0",0.2,"-0.2"