"pitcher","pitcher_name","pitch_hand","n_pitches","team_id","ball_angle","relative_release_ball_x","release_ball_z","relative_shoulder_x","shoulder_z"
500779,"Quintana, Jose","L",687,115,"42.0",1.9226822370292915,5.75395924308588,0.2732525163009494,4.266312087222079
518585,"Cruz, Fernando","R",749,147,"47.4",-1.531680267810836,5.984619492656876,-0.04488084492930562,4.367545701577147
518876,"Kelly, Merrill","R",1651,109,"23.5",-2.304265750862283,5.413155663234403,-0.26270469676995845,4.523404132427708
519242,"Sale, Chris","L",1770,144,"10.7",3.212498481818818,4.825282485875706,0.8357841071230753,4.377174233763356
527048,"Pérez, Martín","L",1357,144,"44.7",1.6464867741760065,5.585475313190862,0.018773053172498312,3.9737063205639997
543037,"Cole, Gerrit","R",934,147,"37.0",-2.060604459726043,5.780449678800856,-0.2711616528682721,4.432654794989828
543135,"Eovaldi, Nathan","R",1736,140,"37.1",-2.3518372769098828,5.708064516129032,-0.4220010481612,4.2502269478465875
543243,"Gray, Sonny","R",1481,111,"47.2",-1.2797380732500379,5.53611748818366,0.15493050631829677,3.986893033384246
547179,"Lorenzen, Michael","R",1840,115,"39.3",-1.7891757321940558,5.687005434782609,0.014527309201348525,4.205965147397892
554430,"Wheeler, Zack","R",1546,143,"22.2",-2.7738511517743496,4.9766170763260025,-0.488178845470918,4.045358287271159
571510,"Boyd, Matthew","L",955,112,"23.7",2.630065746328891,5.378848167539267,0.36175776996948233,4.384267363440379
571578,"Corbin, Patrick","L",1397,141,"38.3",1.88093980902085,6.261868289191124,0.03419313361838521,4.804415312542665
571927,"Matz, Steven","L",914,139,"34.0",2.0803881999715923,5.744682713347921,0.1394075688341778,4.434255975184982
571945,"Mikolas, Miles","R",1537,120,"43.7",-1.8789305954391038,6.586968119713728,-0.03206267284579887,4.817424811338151
573124,"Rogers, Taylor","L",652,142,"28.8",1.905864903713058,5.5620245398773,-0.14416077611189484,4.435566518623624
592332,"Gausman, Kevin","R",1948,141,"37.3",-2.0172029900780024,5.770770020533881,-0.12075831475767458,4.32783780329567
592662,"Ray, Robbie","L",1895,137,"44.3",1.7557592460921816,6.112358839050132,0.1425877704250326,4.53820388130882
592773,"Stanek, Ryne","R",723,138,"46.2",-1.3503306880288217,6.352392807745505,0.32842374242794065,4.601482295742389
592791,"Taillon, Jameson","R",1204,112,"45.2",-1.5639936422566978,6.025639534883721,0.05540403519758855,4.390909381754816
593958,"Rodriguez, Eduardo","L",1952,109,"43.4",1.793315528977836,5.978073770491803,0.07750991875420063,4.356571693185471
593974,"Peralta, Wandy","L",811,135,"41.5",1.670108274714865,5.970616522811344,-0.07409031322875524,4.427314887542283
594580,"Moll, Sam","L",761,113,"12.6",2.293937892931797,4.821458607095926,0.13044684976845833,4.336880069614753
594798,"deGrom, Jacob","R",1702,140,"34.5",-2.0344905708114336,5.665605170387779,-0.023672138838443182,4.2815397977842995
595345,"Okert, Steven","L",786,117,"33.8",2.4231983093721725,5.864872773536896,0.4592915381928853,4.547260226649068
605135,"Bassitt, Chris","R",979,110,"29.9",-2.385199267627161,5.379111338100102,-0.13699162383311575,4.087153696885942
605280,"Holmes, Clay","R",828,121,"40.6",-1.9242611385366768,6.3689492753623185,-0.0380630795379197,4.752452097488095
605288,"Houser, Adrian","R",1347,137,"38.2",-2.02592773497379,5.801655530809206,-0.1484052273025023,4.323735730023939
605400,"Nola, Aaron","R",1882,143,"19.8",-2.3834864256797723,4.985276301806588,-0.22260677281346314,4.20925653389556
605488,"Springs, Jeffrey","L",1753,133,"47.0",1.4270411070151372,6.1090359383913295,-0.0852917509886286,4.487020964468347
605540,"Woodruff, Brandon","R",639,158,"42.4",-1.6522349895161275,5.940672926447574,0.012009636408269384,4.418738667118576
607067,"Rea, Colin","R",1753,112,"29.6",-2.1373523916301767,5.475573302909298,-0.21581341601308884,4.383325798351286
607074,"Rodón, Carlos","L",828,147,"45.3",1.7762515099174856,6.300942028985507,0.08547273513050369,4.592815527289089
607200,"Fedde, Erick","R",1593,145,"34.5",-1.9540848143109764,5.859843063402385,-0.012116325154726612,4.5228453588169275
607259,"Martinez, Nick","R",1558,139,"55.0",-1.035474394931513,6.068363286264441,0.2522500520572332,4.223304919980595
607536,"Freeland, Kyle","L",1542,115,"29.1",2.0987640901953406,5.803112840466926,0.12023875889820615,4.701509526542607
607625,"Lugo, Seth","R",1883,118,"29.3",-2.3262377396076954,5.5066224110462025,-0.23560136846898272,4.333198390278721
608331,"Fried, Max","L",974,147,"45.5",1.6843462469699724,5.904753593429158,-0.03870512367911511,4.155704781264755
608372,"Sugano, Tomoyuki","R",1540,115,"40.8",-1.9168581912293743,5.946246753246753,-0.20170462260110658,4.4674118321874206
608379,"Wacha, Michael","R",1874,118,"53.1",-1.1806792452013082,6.578783351120598,0.19720039417338683,4.7422139853079095
608566,"Márquez, Germán","R",745,135,"38.5",-1.926840659895986,6.037261744966443,-0.08558671428058716,4.569403866298197
608718,"Suter, Brent","L",979,108,"47.9",1.4788633928719261,6.038958120531154,0.06536000684608508,4.473173520307928
615698,"Quantrill, Cal","R",873,140,"43.7",-1.6293757343731632,6.257880870561283,0.12710802424895815,4.576255325847928
621111,"Buehler, Walker","R",1620,135,"45.5",-1.5194108328782716,5.595,-0.05308683881296626,4.101064495224577
621112,"Blackburn, Paul","R",753,147,"45.9",-1.6325360455748705,5.977277556440903,-0.015620096086243268,4.307883003103451
621121,"McCullers Jr., Lance","R",725,9999,"31.2",-2.1505357212593252,5.386510344827586,-0.2343534315569488,4.225632464933309
621237,"Alvarado, José","L",738,143,"57.1",0.9893483497116632,6.467032520325203,-0.37651123115420104,4.351130000144921
622491,"Castillo, Luis","R",1666,136,"16.2",-2.4810954183932803,5.08422569027611,-0.21403074550675885,4.425787363020074
622554,"Domínguez, Seranthony","R",665,145,"29.1",-2.109384042670343,5.5658796992481205,-0.09536159985525311,4.445898632275877
622608,"Senzatela, Antonio","R",781,115,"40.7",-2.096871861851823,5.916248399487836,-0.3175362142552284,4.385087628868332
622663,"Severino, Luis","R",1086,133,"39.1",-1.6259799324998905,5.807366482504604,0.031502241130840415,4.46173996792757
623211,"Brazobán, Huascar","R",760,121,"38.1",-2.069355485704199,5.981881578947369,0.001366906604747167,4.357194943709541
623454,"Anderson, Drew","R",1011,116,"41.3",-1.8872211004181256,5.672660731948566,-0.01832209263167546,4.026902634743314
624133,"Suarez, Ranger","L",1446,111,"41.5",1.758608350050702,5.884688796680498,0.05577620148273065,4.380524117425167
625643,"López, Reynaldo","R",1137,144,"41.3",-1.6648478100072326,5.719507475813544,-0.13350608482779056,4.375402428914318
640448,"Finnegan, Kyle","R",710,116,"51.9",-0.9779446034351937,5.672957746478874,0.3710907137656599,3.9489348707037233
640455,"Manaea, Sean","L",1519,121,"15.2",3.2317396281300925,5.131356155365372,0.9596030057770909,4.515206445921477
641302,"Alexander, Tyler","L",716,140,"33.3",2.168411728527846,5.450656424581005,0.24157806503251378,4.185664588997102
641743,"Kay, Anthony","L",1797,145,"35.4",1.9142010335244255,5.766093489148581,0.0491866288337564,4.440358959674324
641778,"Lauer, Eric","L",1319,9999,"36.9",1.681447335006254,6.089909021986354,-0.26065570585667586,4.627911256502049
641793,"Littell, Zack","R",1588,120,"39.5",-1.9427803947275333,6.137525188916877,-0.2014669759717489,4.701271401543214
641816,"Mahle, Tyler","R",1391,137,"41.8",-1.855621811908527,5.517907979870596,-0.21814410105196252,4.052945820983122
641835,"Mayza, Tim","L",732,143,"43.1",1.909298525344745,6.252527322404371,0.1565386867712808,4.6141103082415285
641927,"Ober, Bailey","R",1282,142,"28.4",-2.4671899504716235,5.911014040561622,-0.2899243417704623,4.732979921426804
642121,"Sulser, Cole","R",760,139,"42.4",-1.6649146450757708,5.7126052631578945,-0.11503078677643307,4.2952349834646775
642207,"Williams, Devin","R",639,121,"18.3",-2.5037809268000375,5.2214241001564945,-0.43895103590447415,4.541312445638377
642232,"Yarbrough, Ryan","L",647,147,"17.4",3.113835272053414,5.170989180834622,0.8859371397399763,4.472739839434439
642397,"Soto, Gregory","L",713,134,"33.6",2.2918936011007767,5.577068723702665,0.2912994572405017,4.247204035195616
642547,"Peralta, Freddy","R",2000,121,"32.7",-2.416185666317619,5.201715,-0.4725920658199644,3.951685903832442
642701,"Santana, Dennis","R",706,134,"30.6",-2.4427203820290955,5.640269121813032,-0.32970898145763583,4.389024713557841
643377,"Jax, Griffin","R",1227,139,"42.9",-1.4446318881094526,5.4840994295028525,0.22313224885123348,3.9345894327279702
643511,"Rogers, Tyler","R",651,141,"-60.7",-2.807106727420714,1.2582181259600613,-1.664689146685067,3.2958342803201437
645261,"Alcantara, Sandy","R",2160,146,"33.5",-2.3293969426647028,5.923537037037037,-0.17602251200732819,4.497961006717502
647336,"Soroka, Michael","R",1288,109,"26.8",-2.412532136652729,5.5313742236024845,-0.2516417490118577,4.439332943958216
650556,"Abreu, Bryan","R",644,117,"42.2",-1.7316031790903796,5.678307453416149,0.01929903759922941,4.08846892763034
650633,"King, Michael","R",1826,135,"24.6",-2.4312742900655273,5.400739320920044,-0.3673653909756674,4.455923608337092
650644,"Civale, Aaron","R",1343,9999,"43.7",-1.3564715252874153,6.277021593447506,0.2283766240876639,4.762979792294634
650911,"Sánchez, Cristopher","L",2002,143,"31.0",2.1384136108438634,6.036073926073926,0.16260912443171802,4.8515879963174084
656271,"Burke, Brock","L",782,113,"43.8",1.8014606730538938,6.339296675191816,0.08477722417495247,4.6873228878600965
656288,"Canning, Griffin","R",1108,135,"38.4",-1.8027024235187379,5.606335740072202,-0.04575404528401449,4.212602286965
656302,"Cease, Dylan","R",1817,141,"53.0",-1.3502758129452794,6.148079251513484,-0.014439674759181707,4.3729583156012195
656427,"Flaherty, Jack","R",1639,116,"28.3",-1.9701425856493753,5.357699816961562,-0.0074243834823851385,4.302854276389129
656464,"Ginkel, Kevin","R",658,109,"42.7",-1.636161647220428,6.537826747720365,0.1489698158954104,4.886973480243161
656492,"Griffin, Foster","L",1867,120,"45.1",1.6758786892751587,5.8333101231922875,0.06202299765989076,4.211632227486115
656546,"Hoffman, Jeff","R",833,141,"32.3",-2.1338488329166476,5.613601440576231,-0.011697876262804595,4.269550024501779
656550,"Holmes, Grant","R",1594,144,"39.5",-1.9318531521982976,5.815853199498118,-0.2233575715640425,4.409386636942903
656605,"Keller, Mitch","R",1735,134,"35.4",-1.825404653987663,5.687463976945245,-0.05938880914587475,4.4349269581901405
656638,"Lange, Alex","R",779,118,"41.1",-1.6436485324483494,5.821604621309371,0.14227819797308583,4.262411610250355
656641,"Latz, Jacob","L",733,140,"51.2",1.1253059907142324,5.9854024556616645,-0.2706489678098698,4.224848335169365
656794,"Newcomb, Sean","L",872,145,"25.9",2.6137267950227794,5.812006880733945,0.30511656016451616,4.689795484799424
656848,"Petersen, Michael","R",726,146,"51.9",-1.1100421592486918,6.585564738292011,0.39701077891211584,4.661187856322093
656849,"Peterson, David","L",1468,9999,"40.4",1.7962516845092524,6.116539509536785,-0.08647966250904622,4.514549893145269
656876,"Rasmussen, Drew","R",1573,139,"52.4",-1.228671529692862,5.844698029243483,0.1569807314383882,4.040197802149236
657097,"Webb, Jacob","R",778,112,"32.4",-2.285863654290364,5.496979434447301,-0.35555458394622164,4.272186257440579
657277,"Webb, Logan","R",1692,137,"20.9",-2.6908496064803202,4.890390070921986,-0.5393140530777107,4.067838839374134
657514,"Bernardino, Brennan","L",665,115,"12.7",2.5324655981739466,4.816857142857143,0.32612558535375874,4.320014707222602
657746,"Ryan, Joe","R",1896,142,"23.6",-2.0861059734848,4.734847046413502,0.012000591779673124,3.81518493676527
660271,"Ohtani, Shohei","R",1335,119,"33.7",-2.0849244636226687,5.654816479400749,-0.17932504890277529,4.386170387683844
660761,"Suarez, José","L",883,9999,"41.5",1.8224801906520525,5.747565118912798,0.207187908866831,4.3157116220831995
660825,"Bazardo, Eduard","R",727,136,"42.7",-1.5840487563566643,5.806987620357634,0.13417676677773774,4.222934198853982
660853,"De Los Santos, Enyel","R",745,117,"24.7",-2.5237551537630143,5.408322147651007,-0.3618151455335032,4.413051679168312
663372,"Feltner, Ryan","R",1075,115,"43.6",-1.68475140848245,5.5235720930232555,-0.03931287319155992,3.956901937404137
663436,"Martin, Davis","R",1748,145,"35.9",-2.151113671738599,5.833060640732265,-0.267349372086051,4.468123123447423
663460,"Bubic, Kris","L",811,118,"38.1",1.9822857782723105,5.609309494451295,0.18635789643735534,4.199350842800969
663542,"Hudson, Bryan","L",719,145,"13.0",2.8757697049926905,5.107621696801113,0.3909689320183757,4.539397376530585
663554,"Mize, Casey","R",1230,116,"43.8",-1.6816405193481054,5.792520325203252,-0.09602622516412329,4.274682678579192
663556,"McClanahan, Shane","L",1498,139,"39.4",1.7356829608222928,6.190033377837116,0.04074527278201,4.797677172415271
663558,"Morán, Jovani","L",644,111,"47.2",1.5751662520128435,5.799798136645963,0.11868873254835531,4.227986792800124
663567,"Lambert, Peter","R",1618,117,"48.5",-1.4631221175000257,6.062014833127318,0.058161250933680575,4.33970617138079
663568,"Kolek, Stephen","R",837,118,"34.3",-2.1109042635431194,5.408446833930705,-0.1329232312583989,4.060232888765368
663623,"Irvin, Jake","R",949,120,"26.8",-2.2210194394152962,5.4306006322444675,-0.16952514571112476,4.394532877557576
663687,"Harris, Hogan","L",870,133,"57.2",1.1365387077224147,6.053758620689655,-0.1271950514270494,4.094009589300715
663738,"Lynch IV, Daniel","L",632,118,"41.4",1.5362225180724753,6.047626582278481,-0.20396866933482252,4.511048435349399
663903,"Singer, Brady","R",1772,113,"23.3",-2.1421397658537544,5.1053047404063205,-0.21773397009532316,4.277141602688685
663947,"Holton, Tyler","L",746,116,"38.5",1.9496401376836743,5.823632707774799,0.15975725318155534,4.399156959637377
663969,"Phillips, Tyler","R",1281,146,"32.8",-1.9607535947016417,6.052185792349727,0.07053390002796947,4.748339207267606
663978,"Paddack, Chris","R",1015,9999,"46.3",-1.597926322990558,6.101192118226601,0.07602121580920769,4.348980365814037
664141,"Brubaker, JT","R",780,137,"45.7",-1.520773291565824,6.228038461538461,0.2115048015220074,4.447114879450615
664199,"Clarke, Taylor","R",638,109,"43.9",-1.6133113994360302,6.041159874608151,0.12874345227119063,4.35913324434647
664285,"Valdez, Framber","L",1725,116,"42.2",1.797965978638916,5.933188405797101,0.19562028132992326,4.4808989740370455
664875,"Lawrence, Justin","R",684,9999,"2.7",-3.0427121240903277,4.3510526315789475,-0.6217117309576675,4.236693960502861
665622,"Medina, Luis","R",801,133,"40.4",-1.9390406872648955,6.090898876404494,-0.10649823538313294,4.530546467316923
665795,"Cabrera, Edward","R",1203,112,"33.2",-2.2359386378353046,5.944488778054863,-0.1582824084322764,4.583471547883114
665871,"Assad, Javier","R",991,112,"51.1",-1.2134964489022162,5.900696266397579,0.17753311119145393,4.178767325357811
666142,"Ragans, Cole","L",637,118,"42.1",1.75935888092497,6.283500784929356,-0.0035183690259320546,4.6913906785091655
666157,"Lodolo, Nick","L",1087,113,"14.5",3.00966900590175,5.316182152713892,0.5977395993322477,4.691062856444744
666171,"Zeferjahn, Ryan","R",886,108,"36.3",-1.9531444616098785,5.651986455981941,-0.12984418363692696,4.313937324714413
666200,"Luzardo, Jesús","L",2024,143,"30.3",2.312264207712712,5.705662055335968,0.32607697778177025,4.544830908817893
666277,"Soriano, George","R",689,138,"34.0",-1.9355026234829038,5.5690856313497825,0.0038849531341762136,4.259640997958756
666661,"Morillo, Juan","R",641,109,"46.8",-1.5933811006546648,5.7410452418096725,0.0832884047875284,3.9535858783763116
667755,"Soriano, José","R",1957,108,"34.1",-2.2410877649676113,5.74274399591211,-0.3060095745242864,4.435759879112141
668674,"Erceg, Lucas","R",711,118,"43.0",-1.5917712178168082,5.970182841068917,0.1210640071602097,4.372995243198929
668678,"Gallen, Zac","R",1587,109,"43.6",-1.3211886872840168,5.972766225582861,0.2340128937546262,4.491031801052896
668873,"Kilian, Caleb","R",673,137,"46.5",-1.5052687710716244,5.9409361069836555,0.0390540324139922,4.310278591747384
668909,"Williams, Gavin","R",1947,114,"32.0",-2.2347996056436084,5.876050333846944,-0.23246827781119453,4.626393726762779
668941,"Romero, JoJo","L",721,138,"28.6",2.1624411508320445,5.265811373092927,0.16619554490816627,4.177098536766869
668964,"Myers, Tobias","R",710,121,"63.5",-0.6971782537072307,5.953464788732394,0.30250553714443523,3.9497836790439607
668984,"Legumina, Casey","R",677,9999,"16.9",-2.40250923041656,4.568493353028065,-0.3422843923201078,3.9428934430761697
669022,"Gore, MacKenzie","L",1971,140,"47.7",1.6161916929657354,5.635372907153729,0.08746107285587544,3.9539950143841494
669160,"May, Dustin","R",1680,138,"33.4",-2.1025039162059267,5.4264464285714284,-0.13947585338680926,4.127981330001698
669194,"Nelson, Ryne","R",1199,109,"54.6",-1.035185362862217,6.286313594662219,0.2582625266301835,4.464046988280489
669199,"Bachar, Lake","R",893,146,"39.2",-1.8348979282471767,5.812519596864502,0.019815301423430007,4.301603850007885
669276,"Lee, Dylan","L",705,144,"47.9",1.3931680578590506,6.536269503546099,-0.14481213979595706,4.836301877978786
669302,"Gilbert, Logan","R",1877,136,"43.4",-1.5602850553251617,6.011134789557805,0.1766856384681058,4.366411855969201
669330,"Wells, Tyler","R",768,110,"52.4",-1.3710476276812156,7.030546875,0.18652629662897358,5.010836873560978
669358,"Baz, Shane","R",1924,110,"37.3",-1.8062009326902237,5.765774428274428,0.03377954429645607,4.3599589759803
669372,"Ginn, J.T.","R",1728,133,"41.8",-1.8080212216944758,5.558865740740741,-0.08351145606390704,4.016167656033373
669373,"Skubal, Tarik","L",1339,116,"47.0",1.937085299063133,6.130911127707244,0.22814217643198226,4.300798517330756
669387,"Mlodzinski, Carmen","R",1463,134,"32.3",-2.0280944930445917,5.30246069719754,-0.11560472858129767,4.095075382366953
669432,"Rogers, Trevor","L",1662,110,"22.6",2.3828659420312035,5.779043321299639,0.14304182813482028,4.848561107410911
669461,"Liberatore, Matthew","L",1652,138,"46.5",1.5882762721018044,6.562887409200968,-0.022898717537862618,4.866941290198668
669467,"Pallante, Andre","R",1720,138,"57.5",-1.4445415384546334,5.982877906976745,-0.23996550465323552,4.095882243812959
669711,"Weissert, Greg","R",648,111,"13.5",-2.832001499896621,4.860231481481481,-0.584253173895821,4.321595597863163
669923,"Kirby, George","R",1734,136,"33.5",-1.8783066912187023,5.741418685121107,0.14989812736565739,4.3999213330126015
670036,"Festa, Matt","R",716,114,"33.5",-1.9359988412870857,5.082667597765363,-0.21145261081070316,3.939348199170476
670167,"Schreiber, John","R",656,118,"8.0",-2.942785049616781,4.50969512195122,-0.6838135676166254,4.191443789808052
670245,"Watson, Ryan","R",846,111,"35.3",-1.9840737056362494,5.497706855791963,-0.12449103003333291,4.179532522134149
670280,"Bednar, David","R",742,147,"39.0",-1.6973329920891664,5.897857142857143,-0.007009428557014575,4.528465493847625
670950,"Richards, Trevor","R",645,9999,"53.0",-1.081514985684926,6.300170542635659,0.33307206718346255,4.4230920620707765
670970,"Morejon, Adrian","L",838,135,"41.4",1.868424387093382,5.926038186157518,0.18131746508323443,4.436402256773832
670990,"Ramírez, Yohan","R",906,134,"25.8",-2.4752777118444276,5.196136865342163,-0.44419384357796904,4.21737277459047
671096,"Abbott, Andrew","L",1922,113,"51.4",1.5048996617572337,6.027367325702393,0.11835703385696347,4.291363021010126
671737,"Bradley, Taj","R",1946,142,"56.3",-1.2725124582148482,6.1479085303186025,0.006540746959346199,4.228663802342389
671922,"Smith, Cade","R",799,114,"38.4",-1.9202405796741224,5.679148936170213,-0.020810641421206096,4.174751752413333
672282,"Detmers, Reid","L",1959,108,"41.3",1.617725107640525,6.022434915773354,-0.05496938741527517,4.5509524286191345
672335,"Pérez, Cionel","L",650,9999,"35.1",2.0505401819154154,5.527646153846153,0.21799001851090086,4.240922424653777
672456,"Montero, Keider","R",1513,116,"42.7",-1.558348180794718,5.818565763384005,0.1060366685399149,4.278697394299906
672782,"Gómez, Yoendrys","R",742,9999,"31.5",-2.0035522932689074,5.374946091644205,-0.0018384160696868774,4.146269551027959
673540,"Senga, Kodai","R",786,121,"47.8",-1.4347755713957893,5.989529262086514,0.09672877075650986,4.2969843769985445
674841,"Alvarez, Andrew","L",929,120,"48.1",1.6364308097967244,6.412346609257266,0.020491282770080336,4.611501649177138
675512,"Melton, Troy","R",881,116,"38.8",-1.6992421766104124,5.620079455164586,0.06552182083234698,4.1989949194826
675660,"Drohan, Shane","L",1275,158,"34.1",2.235041457425996,5.483050980392157,0.24147794715319282,4.131455065953654
675848,"Mejia, Juan","R",822,115,"35.2",-2.2486327565746476,5.879890510948905,-0.29077375136075223,4.495929542960736
675911,"Strider, Spencer","R",691,144,"45.1",-1.5538041572921626,5.806483357452967,-0.044620308602325284,4.289863058653273
676083,"Junk, Janson","R",1114,146,"47.2",-1.3999769419312893,5.654874326750448,0.08530987448676224,4.051144677928296
676106,"Hancock, Emerson","R",1627,136,"11.6",-2.9013759521729425,5.050276582667486,-0.6071062334359905,4.578123010538517
676263,"Dreyer, Jack","L",646,119,"58.4",0.8843887235798069,5.993003095975232,-0.28170699974614105,4.095364797078415
676282,"Cantillo, Joey","L",1888,114,"51.4",1.1984228684459555,5.916811440677966,-0.2141078049469017,4.1450743991510315
676440,"Bibee, Tanner","R",1846,114,"55.4",-1.1621399263041443,6.289642470205851,0.06248510886379568,4.514263242005164
676534,"Faucher, Calvin","R",770,146,"44.0",-1.7934995285700464,5.724948051948052,-0.18263515510336367,4.1672826295807575
676571,"Poulin, PJ","L",633,120,"14.7",2.662376906812061,4.359778830963665,0.5017481811423407,3.791332041772619
676617,"O'Brien, Riley","R",694,138,"30.9",-2.2036434452085096,5.587002881844381,-0.14515801676709458,4.355849637200964
676760,"Marinaccio, Ron","R",792,135,"26.9",-2.3873339807648297,5.009078282828283,-0.3339014465060588,3.9681422417130303
676879,"Ashby, Aaron","L",1050,158,"52.6",1.046173420009931,6.512495238095238,-0.44576270138358376,4.559179980477039
676917,"Cavalli, Cade","R",1862,120,"36.2",-1.919939296934051,5.989586466165414,0.003106221053014506,4.580408984933686
676962,"Brown, Ben","R",1004,112,"40.8",-1.6271413657016804,6.336185258964143,0.09739062954953803,4.84350432467989
676974,"Meyer, Max","R",1789,146,"41.9",-1.58061442202293,5.851721632196758,0.16403604011043924,4.285531844934732
677865,"Bruihl, Justin","L",835,138,"26.3",2.5331386606963777,4.858287425149701,0.6352627286603264,3.921961828428704
677944,"Cecconi, Slade","R",1697,114,"38.7",-1.883415078112177,5.84570418385386,-0.06248177459015963,4.387462433864101
677952,"Ashcraft, Braxton","R",1775,134,"38.0",-1.9015779921483278,6.138174647887324,0.08333376500715524,4.586631527754764
677958,"Rocker, Kumar","R",1598,140,"35.4",-2.3504645462932467,5.885588235294118,-0.43624680153891116,4.528747896100072
677960,"Weathers, Ryan","L",1696,147,"33.2",1.9758660229319458,5.4549941037735845,0.07695110068148185,4.2122420027831025
678022,"Perkins, Jack","R",1087,133,"32.8",-2.0106721744655602,5.3766973321067155,-0.2836954546274477,4.265162706725243
678394,"Bello, Brayan","R",1187,111,"39.9",-1.904229859164713,5.634549283909014,-0.10790485893675844,4.134276934466825
678606,"Ferrer, José A.","L",692,136,"32.5",2.299028953664837,5.736705202312138,0.3960245243578251,4.523606806332622
678906,"Teng, Kai-Wei","R",1162,117,"23.6",-2.494028280982987,5.5156540447504305,-0.4649860799960729,4.628422204171921
679358,"Orze, Eric","R",677,142,"42.5",-1.307832320855658,5.7627917282127035,0.380413776043518,4.212988650515934
679883,"Avila, Luinder","R",1144,118,"51.6",-1.3861615913394265,6.148706293706294,0.08034620557695424,4.294625877008464
680570,"Rodriguez, Grayson","R",740,108,"36.9",-1.9633761472340974,5.62922972972973,-0.0364749767548297,4.183552402201667
680573,"Woods Richardson, Simeon","R",1007,9999,"47.2",-1.3229219764587554,6.4443098311817275,0.22479801239806205,4.776739307379538
680694,"Bradish, Kyle","R",1855,110,"53.0",-1.3154860757261537,6.26477628032345,0.00844905453776708,4.506121301632145
680730,"Parker, Mitchell","L",663,120,"56.8",1.1736159079508304,6.103815987933635,-0.11203183848062741,4.13895563043262
680732,"Burke, Sean","R",1806,145,"40.7",-1.5912551557907837,6.209451827242525,0.1159296489913795,4.740895132238942
680736,"Wrobleski, Justin","L",1524,119,"36.0",1.7699089595387152,5.587230971128609,0.021583558664458387,4.317028370668239
680755,"Fisher, Braydon","R",834,141,"48.9",-0.991344353472539,6.561594724220623,0.5649498830881818,4.777717356061674
681035,"Scott, Christian","R",1167,121,"29.7",-2.327647215920976,5.259211653813196,-0.3144030251097089,4.108935730509389
681190,"Vásquez, Randy","R",1482,135,"33.2",-2.0404383268509316,5.9426518218623485,-0.08132659116769024,4.661142913235715
681217,"Silseth, Chase","R",697,108,"35.3",-2.058481493536416,5.868020086083214,-0.21158641452929156,4.561407870501794
681293,"Arrighetti, Spencer","R",1501,117,"19.1",-2.4375415980040454,4.836548967355097,-0.3237061699211815,4.104513998154528
681347,"Burrows, Mike","R",1562,117,"39.6",-1.819926690649554,5.9451728553137,-0.07184498820014562,4.49742391456175
681517,"Leahy, Kyle","R",1568,138,"43.7",-1.581944091070785,5.603941326530612,0.07440773548055586,4.020226598252938
681810,"Warren, Austin","R",652,121,"25.8",-2.511133512563195,4.92420245398773,-0.45101227950745276,3.9279434131098063
681895,"Sisk, Evan","L",641,134,"21.7",2.2489311295752166,5.109563182527301,0.3103312728551923,4.339578200144048
681982,"Anderson, Grant","R",678,158,"6.9",-2.895818530726116,4.395634218289086,-0.7653097236025008,4.140040868208372
682052,"Lopez, Jacob","L",1228,133,"19.8",2.911509493419317,5.146677524429967,0.6174165398717971,4.320072785045318
682243,"Miller, Bryce","R",999,136,"45.5",-1.4963870440089884,5.588448448448449,0.1595842264724618,3.897742331011939
682254,"Montgomery, Mason","L",727,134,"57.7",0.9923541183009448,5.7058046767537824,-0.14225018793812386,3.9073137680306584
682842,"Uribe, Abner","R",638,158,"37.4",-2.174846090782545,5.881724137931035,-0.07385267491436584,4.271972882196481
683003,"Jones, Jared","R",732,134,"41.3",-1.7239550740948768,5.437868852459016,-0.0577840065310774,3.9723230427466567
683004,"Leiter, Jack","R",1396,140,"46.3",-1.694473032676859,5.6676074498567335,-0.2090530691203285,4.114514790667505
684007,"Imanaga, Shota","L",1785,112,"39.1",1.8776485089310109,5.490655462184874,0.13430854002206943,4.072142842213534
685299,"Gordon, Tanner","R",906,115,"43.4",-1.783991572504111,6.257527593818985,-0.02757831479973086,4.596265662959946
686218,"Sheehan, Emmet","R",1553,119,"32.8",-2.1548492301031987,5.461654861558275,-0.1743836211438272,4.183588611886831
686613,"Brown, Hunter","R",710,117,"54.0",-1.2235931375362412,6.080746478873239,0.07155006590344204,4.291277943938138
686790,"McDonald, Trevor","R",1137,137,"27.2",-2.633812575517089,5.062770448548813,-0.5250957754637795,3.976984213154359
686799,"Kochanowicz, Jack","R",1105,108,"36.4",-2.1381003109083507,6.241022624434389,-0.07431080673651608,4.7195999570095415
686973,"Varland, Louis","R",820,141,"39.2",-1.9989519982531048,5.389536585365854,-0.24872240489543931,3.9606455923655495
686993,"Sterner, Justin","R",726,133,"38.2",-1.83768616333862,5.435757575757576,-0.13612117381888894,4.095267278030671
687064,"Young, Brandon","R",1427,110,"42.7",-1.590672843693028,6.004043447792572,0.16996785316789645,4.377067916874338
687075,"Sproat, Brandon","R",1530,158,"33.1",-2.144665649741204,5.575124183006536,-0.20569591829482833,4.311075205457109
687330,"Kelly, Kevin","R",640,139,"0.9",-2.7705788244749505,3.66434375,-0.5864452573529412,3.6308324009859625
687396,"Headrick, Brent","L",803,147,"40.0",1.8788643235518785,6.297932752179327,-0.009056630660868446,4.712745214247819
687562,"Bennett, Jake","L",803,111,"32.2",2.208359872923637,5.66653798256538,0.09367152645049868,4.33450339080498
687570,"Prielipp, Connor","L",1156,142,"39.3",1.8329257157043,6.041487889273356,0.0010555349443961285,4.540994957641755
687911,"King, Bryan","L",728,117,"34.9",1.9353061637533489,5.578598901098901,0.13072641157861747,4.320029140589803
688107,"Gasser, Robert","L",867,158,"23.7",2.5055958466667545,5.046447520184544,0.4572676443860547,4.148039141054346
688642,"Agnos, Zach","R",1024,115,"38.9",-1.9866843901436158,5.762236328125,-0.2695302501114082,4.377804273635946
689147,"Kerkering, Orion","R",706,143,"33.7",-2.100023413422736,5.8232152974504245,-0.18145075984810613,4.550888038357243
689254,"Fluharty, Mason","L",716,141,"36.6",1.9935474548599244,5.885377094972067,0.2932266182196596,4.625393770103267
689296,"Nunez, Anthony","R",684,110,"37.4",-1.9939838633510738,5.661944444444444,-0.11679226162554336,4.22743966835538
690986,"Harrison, Kyle","L",1457,158,"32.1",2.1200286533283026,4.9949485243651335,0.20957274758159333,3.7941633472069802
690997,"McLean, Nolan","R",1882,121,"31.2",-2.393473337641452,5.301307120085016,-0.4975094665003476,4.154846789360127
691587,"Pérez, Eury","R",1500,146,"31.4",-2.2870012946415477,5.950446666666667,-0.03214956708259061,4.572429284432561
691725,"Painter, Andrew","R",1141,143,"46.4",-1.3929000610291005,6.460289219982472,0.22666750434697025,4.759599974769607
691799,"Taylor, Grant","R",840,145,"58.2",-0.758656543996243,5.9005833333333335,0.43934330404889227,3.9675184815592903
693433,"Woo, Bryan","R",1674,136,"23.9",-2.446994807254128,5.037753882915173,-0.38145901195169063,4.122408973457961
693645,"Schlittler, Cam","R",1980,147,"43.8",-1.8236663166963818,6.1544040404040405,-0.14107918629251517,4.543458370829507
693686,"Miles, Spencer","R",1066,141,"37.7",-1.8969784796807623,5.841594746716698,-0.028616398367295067,4.397679037449877
693821,"Elder, Bryce","R",1608,144,"48.3",-1.569139169383185,6.195074626865671,-0.036929645389363344,4.473665176124724
693855,"Seymour, Ian","L",1201,139,"42.2",1.8547873078476487,5.672564529558701,0.17669311298813675,4.151960788469502
694297,"Pfaadt, Brandon","R",960,109,"28.1",-2.4798094755550997,5.5053125,-0.4197593587529709,4.402871113060755
694335,"Svanson, Matt","R",757,138,"27.9",-2.3885901196056616,5.55449141347424,-0.3220431391386866,4.458346477911448
694361,"Klein, Will","R",692,119,"43.0",-1.7741237738673796,5.537731213872832,-0.16584862678124324,4.037714544630254
694477,"Patrick, Chad","R",1227,158,"32.2",-2.2068640423953294,5.483496332518337,-0.29005265033478755,4.277381505911989
694738,"Roupp, Landen","R",1906,137,"23.6",-2.4686007564369006,5.303431269674712,-0.36390048145176224,4.3807759179193955
694819,"Misiorowski, Jacob","R",1725,158,"29.8",-2.2761651563120235,5.224626086956522,-0.22281038394171898,4.048729263478777
694973,"Skenes, Paul","R",1910,134,"25.6",-2.8560011167773194,5.593434554973822,-0.6809584516243432,4.55118573653069
695076,"Lowder, Rhett","R",1324,113,"28.1",-2.4554950723744704,5.563972809667674,-0.38564807172937837,4.457822442929383
695243,"Miller, Mason","R",669,135,"40.6",-1.8497996222977555,6.224768310911808,-0.00876641087743699,4.6477427066763655
695418,"Lord, Brad","R",1026,120,"17.1",-2.8388283859577377,5.338206627680312,-0.47255449368122227,4.608503806381671
695505,"Burns, Chase","R",1751,113,"52.8",-0.901147218731668,6.480571102227299,0.5141273183849107,4.615341231442995
695611,"Jump, Gage","L",980,133,"43.2",1.6449329627598366,5.550887755102041,0.09236317254174398,4.092772762559569
696147,"Bachman, Sam","R",687,108,"34.2",-2.140377272371624,5.43018922852984,-0.13685170962125753,4.067348521952118
696149,"Chandler, Bubba","R",1715,134,"45.0",-1.5430950273691282,5.6977201166180755,0.14786391990562459,4.003298588370413
696270,"Johnson, Ryan","R",683,108,"17.8",-2.6728563404842034,5.665871156661786,-0.33623006501149644,4.916522565722682
699134,"Rodriguez, Bradgley","R",709,135,"42.8",-1.4591185103276663,5.946925246826516,0.19286477514714054,4.417962286643084
700241,"McGreevy, Michael","R",1777,138,"33.2",-2.163059693187889,5.722312886888013,-0.1709481096341949,4.419035458828746
700669,"Graceffo, Gordon","R",724,138,"48.6",-1.591454334673266,5.967348066298342,-0.07142206436316365,4.243733797800888
700712,"Ureña, Walbert","R",1510,108,"43.8",-1.8340782309584454,6.400503311258278,-0.04146736639869674,4.679311216075835
701542,"Warren, Will","R",1608,147,"29.0",-2.014234347574818,5.493588308457712,0.0033649398949991546,4.374744159882407
702056,"Yesavage, Trey","R",1425,141,"65.7",-0.6299904109144615,7.107536842105263,0.3928696305469556,4.838278091065454
702070,"Cameron, Noah","L",1842,118,"52.1",1.369176048809344,6.250206297502714,-0.06649310962663617,4.407443297411749
702193,"Morris, Andrew","R",850,142,"59.9",-1.0501977654315422,6.460941176470588,0.014343488518402007,4.620592557093426
702273,"Schultz, Noah","L",985,145,"20.9",2.7012815396931154,5.794253807106599,0.2621401435073337,4.863771545192143
702275,"Ritchie, JR","R",942,144,"25.3",-2.190295382218391,5.394002123142251,-0.10316889454681699,4.406592264060614
800048,"Messick, Parker","L",1815,114,"42.3",1.6097064097159095,5.441217630853995,0.027596422857647934,4.002240751462118
800311,"Fuentes, Didier","R",728,144,"23.9",-2.2909884142528263,4.954423076923077,-0.38420045640633876,4.111452112838142
801139,"Tolle, Payton","L",1353,111,"27.5",2.6472863938187534,5.454449371766445,0.5164396889858544,4.345979389170168
801403,"Dollander, Chase","R",743,115,"23.3",-2.4933216942231895,5.177698519515478,-0.3175230288395794,4.239420296384797
805123,"Blubaugh, AJ","R",1138,117,"42.5",-1.8308864675988699,6.051520210896309,-0.05595800353373496,4.42330603836358
805673,"Matthews, Zebby","R",1202,142,"36.7",-2.04297608833527,5.840399334442596,-0.317181356755378,4.554749876987552
808963,"Sasaki, Roki","R",1610,119,"49.4",-1.3848366514966688,6.2468074534161495,0.05692548072984134,4.56489598293863
808967,"Yamamoto, Yoshinobu","R",1758,119,"40.6",-1.6375329802912801,5.403037542662116,-0.11892632478164501,4.1050135707101125
813349,"Early, Connelly","L",1528,111,"30.3",2.0320327773099627,5.442107329842932,0.08464847119952217,4.303407229108921
815083,"Farris, Mitch","L",658,108,"49.1",1.3625902228399516,6.129772036474164,-0.21627382374613288,4.306026001387015
837227,"Imai, Tatsuya","R",1118,117,"25.3",-2.26312798097705,5.271520572450805,-0.3456882612030013,4.363106512058393