"last_name, first_name","pitcher","ff_avg_speed","si_avg_speed","fc_avg_speed","sl_avg_speed","ch_avg_speed","cu_avg_speed","fs_avg_speed","kn_avg_speed","st_avg_speed","sv_avg_speed"
"Alcantara, Sandy","645261","97.5","97.3","90","85.2","90.9","83.4",,,"84.4",
"Luzardo, Jesús","666200","97","95.9",,,"86.2",,,,"86.3",
"Schlittler, Cam","693645","97.8","97.7","94.6","89.6",,"85.4",,,,
"Skenes, Paul","694973","96.9","96.7",,"86.6","88.7","81.8","93.4",,"84.2",
"Sánchez, Cristopher","650911",,"95.2",,"86.2","87",,,,,
"Peralta, Freddy","642547","94.2",,,"83.1","87.3","78.8",,,"81.7",
"McLean, Nolan","690997","96.1","95.1","91.9","87.3","88.1","81.8",,,"84.9",
"Griffin, Foster","656492","91.4","91.3","88.3",,"82.2","77.8","81.2",,"79.9",
"Ray, Robbie","592662","93.2","92.4",,"85.9","86","79.5",,,,
"Gore, MacKenzie","669022","95.4","95.3","89.9","85.7","86.7","81.8",,,,
"Wacha, Michael","608379","93.1","93.2","89.3","85","80.5","76.1",,,,
"Detmers, Reid","672282","94.1","93.5",,"86.1","83.6","72.3",,,,
"Soriano, José","667755","97.2","96.4",,"90.2",,"85.3","92.3",,,
"Bibee, Tanner","676440","94","93.4","86",,"81.1","78",,,"82.8",
"Rodriguez, Eduardo","593958","92","91.5","88.6",,"85.9","79.6",,,,
"Gausman, Kevin","592332","93.9",,,"84.1",,,"84",,,
"Bradley, Taj","671737","96.9",,"89.7",,,"82.1","91.3",,,
"Williams, Gavin","668909","97.2","96.7","92.3",,,"82.7",,,"87.4",
"Cease, Dylan","656302","97.5","96.2",,"89.2","82.8","82.5",,,"83.9",
"King, Michael","650633","94","92.9",,"84.8","86.3",,,,"81.9",
"Abbott, Andrew","671096","92.6",,"88.5",,"85.9","79.7",,,"82.2",
"Roupp, Landen","694738","93","93.4","88.9",,"87.2","76.7",,,,
"Baz, Shane","669358","96.1","95.2","89.6",,"88.1","85.3",,,,
"Burke, Sean","680732","94.9","94.6","90.7","86.9","86","79.7",,,,
"Ryan, Joe","657746","93.5","93.1",,"85.9",,"78.9","87.9",,"80.5",
"Cantillo, Joey","676282","92.1",,"87.3","82.8","80.7","80",,,,
"Imanaga, Shota","684007","91.7","90.2",,"86.5",,"74.4","83",,"81.3",
"Lugo, Seth","607625","91.6","91.4","89.8","84.2","84.8","76",,,"79.1","77.3"
"Nola, Aaron","605400","92.2","91.6","86.2","83.2","85.6","78.2",,,,
"Gilbert, Logan","669302","96","93.1","91.1","86.4","85.4","80.7","81.6",,"76.5",
"Cavalli, Cade","676917","96.7","96.1","93.6",,"88.8","85.6",,,"85.8",
"Bradish, Kyle","680694","94","94.7",,"87.3",,"84.7",,,,
"Yamamoto, Yoshinobu","808967","96","95.4","91.4","87.1",,"77.1","91.5",,,
"Cameron, Noah","702070","92.4","91.5","89.7","85.2","80.9","81.8",,,,
"Lorenzen, Michael","547179","94","93.4","90.2","86.2","84.7","82.8",,,"82.7",
"Eovaldi, Nathan","543135","94.6","93.6","90.5","86.3",,"76.4","88.5",,,
"Pallante, Andre","669467","95.2","95.4",,"87.6",,"78.3","88.3",,,
"Messick, Parker","800048","94","92.5","90.5","86.8","85.7","79.1",,,,
"Weathers, Ryan","677960","95.8","94.2",,"87.1","85.7",,,,"81.3",
"Kay, Anthony","641743","95.8","95.1","91.3","86.2","86",,,,"82.6",
"Meyer, Max","676974","95.1","93.6",,"90.1","87.2",,,,"89",
"McGreevy, Michael","700241","91.7","90.6","87","83.5","86.8","78.2",,,"81.6",
"Ashcraft, Braxton","677952","97.2","96.9",,"91.8",,"85","91.8",,,
"Singer, Brady","663903","90.7","91.3","87.1","82.5",,,,,"81.7",
"Sale, Chris","519242","96.1","95.5",,"79.5","88.3",,,,,
"Woo, Bryan","693433","95.8","95.6",,"86.9","89.5","82.4",,,"84.4",
"Burns, Chase","695505","97.8",,,"90.4","90.1","81.9",,,,
"Rea, Colin","607067","93.7","92.3","87","86.1","87.6","79.8",,,"82.9",
"Springs, Jeffrey","605488","91.4",,"88.4","84","79.5",,,,"77",
"Martin, Davis","663436","94.1","92.8","89.7","87.2","90.3","81.8",,,,
"Kirby, George","669923","96.6","96.9","93.1",,"88.8","83.9",,,"87.2",
"Valdez, Framber","664285","95","93.9",,"85.9","89.1","78.6",,,,
"Keller, Mitch","656605","93.4","92.3","89.7","87.4","88.8","77.9",,,"82.1",
"Ginn, J.T.","669372","93.6","93.5","90.4","85.6","87.9",,,,,
"Misiorowski, Jacob","694819","100.5",,"96","92.2","92.5","88",,,,
"Chandler, Bubba","696149","98.6","98",,"90.3","91.8","85.5",,,"87.6",
"Elder, Bryce","693821","92.6","91.2","88.6","83.2","85.7",,,,,
"deGrom, Jacob","594798","97.2","96.2",,"91.1","89.8","80.7",,,,
"Cecconi, Slade","677944","93.2","93.3","88.2","83.4","82.9","75.8","84.4",,"81.6",
"Webb, Logan","657277","92.4","92.1","89.9",,"86",,,,"84.2",
"Rogers, Trevor","669432","93.5","93.2","82.9",,"87.2",,,,"78.2",
"May, Dustin","669160","96.9","96.6","93.4",,"90.5","83.4",,,"86",
"Warren, Will","701542","93.6","93.3",,,"86.9","81.1",,,"84.1",
"Castillo, Luis","622491","95.3","95.4","92.3","85.4","87.5",,,,,
"Liberatore, Matthew","669461","94.4","94.4","90.7","86.5","88.7","79.6","87",,"86.5",
"Kelly, Merrill","518876","92.2","92.5","91.1","86.5","88.6","82.6",,,,
"Martinez, Nick","607259","92.8","92.5","89.2","85.9","78.4","80",,,,
"Flaherty, Jack","656427","92.7","90.9",,"85","85.4","78.1",,,,
"Rasmussen, Drew","656876","96","95.5","90.1",,"90","80.4",,,"84.5",
"Gallen, Zac","668678","93.4","92.8",,"88.7","86.6","81.6",,,,
"Buehler, Walker","621111","94","94.1","90.2","87","89.1","78.3",,,"82.7",
"Hancock, Emerson","676106","95.4","94.8","85.5",,"87.3","75.8",,,"77.1",
"Lambert, Peter","663567","93.9","93.3","91.5","85.7","87.1","77.9",,,"82.5","79.8"
"Sasaki, Roki","808963","97.8",,,"86.6",,,"90.2",,,
"Littell, Zack","641793","91.7","91.3",,"88.1",,,"83.9",,"79.3",
"Pérez, Eury","691587","98.2","97.7",,"88","89.9","80.9",,,"83.4",
"Rocker, Kumar","677958","94.4","94.3","90.3","83.2","88.7",,"87.5",,,
"Fedde, Erick","607200","94.4","94","90.7",,"88.7",,,,"81.9",
"Holmes, Grant","656550","94.2","93.1","92.1","85.4","89.5","82.9",,,,
"Leahy, Kyle","681517","94.1","94",,"89.2","88.5","82.9",,,"84.9",
"Burrows, Mike","681347","95","94.5",,"89.5","86.7","79",,,,
"Gray, Sonny","543243","91.7","92.1","88.3",,"86.1","79.7",,,"85",
"Sheehan, Emmet","686218","94.5",,,"86.6","85.6","77.3",,,,
"Sugano, Tomoyuki","608372","92.3","92.3","88.8","85.2",,"79.8","86.8",,"83.7",
"Wheeler, Zack","554430","95.2","94.8","91",,,"79.9","87.4",,"81.3",
"Freeland, Kyle","607536","91.5","91.7","87.6",,"86.4","82.4",,,"82.7",
"Mikolas, Miles","571945","93.3","92.9",,"87.9","86","76.8",,,"82.1",
"Sproat, Brandon","687075","96.9","96.2","93",,"91.3","83",,,"86.3",
"Early, Connelly","813349","94","92.4",,"87.1","83.7","80",,,"82.5",
"Wrobleski, Justin","680736","94.3","93.5","90.7","86.2","85.5","74.5",,,"84.6",
"Young, Brandon","687064","94.3","93.6",,"84",,"75.1","84.7",,,
"Vásquez, Randy","681190","95","94.9","90.5","86.1","88.4","84",,,"84.3",
"Manaea, Sean","640455","90.7","90.2","84.2",,"83.3",,,,"75.6",
"Montero, Keider","672456","94.3","94.7",,"85.9","87","80.5",,,,
"Ureña, Walbert","700712","97.5","97.6",,,"90.3",,,,"86.4",
"Arrighetti, Spencer","681293","92.4","92.1","87.7","82.2","84.2","76.6",,,"79.5",
"McClanahan, Shane","663556","95.6",,,"88.2","87","82.1",,,,
"Peterson, David","656849","92.3","92",,"86.2","85.7","80.8",,,,
"Mlodzinski, Carmen","669387","95","94.4","92.3","90.6",,"83.9","85.6",,"83.5",
"Harrison, Kyle","690986","95","94.7",,,"86.3",,,,,"82.2"
"Suarez, Ranger","624133","91.7","90.5","88.1","78.2","81.1","75.4",,,,
"Yesavage, Trey","702056","94.4",,,"87.8",,,"82.9",,,
"Corbin, Patrick","571578","91.3","91.4","86.3","79","78.4","68.1",,,,
"Leiter, Jack","683004","96.7","95.7","93","86.5","90","81.9",,,,
"Mahle, Tyler","641816","92.5","91.9","87.9","84.9",,,"85.6",,,
"Tolle, Payton","801139","96","95","88.3",,"88.5","82.5",,,,
"Civale, Aaron","650644","91.4","91.3","87.6","82.4",,"77.1","83.9",,,
"Pérez, Martín","527048","89.9","89.1","85.2",,"82","76.9",,,,
"Houser, Adrian","605288","95.5","94.8",,"88.3","85.2","82.2",,,,
"Skubal, Tarik","669373","96.7","96.7",,"89.4","87.3","80.5",,,,
"Ohtani, Shohei","660271","98.1","96.5","92.4","88",,"75.2","89",,"85",
"Lowder, Rhett","695076","93.3","92.7",,"84.8","86.2","80.9",,,"81",
"Lauer, Eric","641778","91",,"87.2","82.6","84.3","75.7",,,,
"Mize, Casey","663554","93.5","93.6",,"87.7",,,"87.9",,,"81.4"
"Nelson, Ryne","669194","96.3","95.3","93","88.7",,"81",,,,
"Soroka, Michael","647336","93.7","93.3","89",,"85.9",,,,"82.9","80.6"
"Ober, Bailey","641927","88.3","88.6",,"82.4","82.8","72.8",,,"76.2",
"Phillips, Tyler","663969","96.3","95.7",,"88.7",,"83.5","87.3",,"84.2",
"Drohan, Shane","675660","94.9","94.7","90.5","86.1","85.8","80.2",,,,
"Patrick, Chad","694477","95.3","95.2","89.7",,"90.1",,,,,"85.6"
"Lopez, Jacob","682052","90.5","89.7","86.3","76.9","83.4",,,,,
"Jax, Griffin","643377","96.2","95.5","92.8",,"91.1","85",,,"87.9",
"Seymour, Ian","693855","91.6","90.2","87.1","82.7","83.5","72.7",,,"81.4",
"Taillon, Jameson","592791","91.8","92","86",,"84.4","79",,,"80.1",
"Cabrera, Edward","665795","96.1","96.4",,"89.1","92.9","84.8",,,,
"Matthews, Zebby","805673","95.2","95.3","90.5","87.1","86.2","79.8",,,,
"Bello, Brayan","678394","94.9","95","87.2",,"88.7","83.4",,,"85.7",
"Scott, Christian","681035","95.4","92","89.5","82.4",,"82.1","84.5",,"81.3",
"Teng, Kai-Wei","678906","93.3","93.3",,"85.5","87.1","82.4",,,"84.3",
"Feltner, Ryan","663372","94.9","94.4",,"89.1","85.5","79.6",,,"82.6",
"Prielipp, Connor","687570","95.4","95",,"87.4","86.3","82.4",,,,
"Avila, Luinder","679883","96.1","96.4",,"88","89.4","83",,,,
"Painter, Andrew","691725","96.5","95.2",,"88.1",,"81.1","87.4",,"83",
"Blubaugh, AJ","805123","95.6",,"88.9",,"85.6","80.5",,,"84.2",
"McDonald, Trevor","686790","94","93.4","90.3","85.8","83.8",,,,,
"López, Reynaldo","625643","94.4",,,"84.2","84.4","74.3",,,,
"Imai, Tatsuya","837227","94.8","94.5",,"86.7","86.6","77.6","84.7",,,
"Junk, Janson","676083","94.2","93.5",,"86.5","87.3","80.8",,,"80.2",
"Canning, Griffin","656288","94.4","93.6","89.9","87.5","90","81.5",,,"86.3",
"Kochanowicz, Jack","686799","96.2","95.7",,"85.6","89.9",,,,,
"Lodolo, Nick","666157","94","93.8",,,"88.2","82.2",,,,
"Perkins, Jack","678022","96","94.7","92.3","87.3","89.6",,,,"86.1",
"Severino, Luis","622663","96.9","96.3","94.3","86.9","86.6",,,,"84.9",
"Miles, Spencer","693686","96","96",,"87.3","86.5","80.7",,,,
"Ashby, Aaron","676879","97.3","97.6",,"85.1","91.7","83.4",,,,
"Lord, Brad","695418","94.5","94.3",,"85.2","86",,,,"83.2",
"Agnos, Zach","688642","94.5","93.7","91.8","84.8",,,"86.2",,"84",
"Assad, Javier","665871","93.2","93.2","88.4","85.2","85.9","77.7",,,"81.4",
"Suter, Brent","608718","87.4","88.8",,"77.9","76.2",,,,,
"Pfaadt, Brandon","694297","93.2","93.1","90.3",,"87.1","82.2",,,"84.4",
"Paddack, Chris","663978","92.9","92.9","86.4","82.3","84.8","76.9",,,"79.3",
"Anderson, Drew","623454","95.7","94.9",,"87.3","90.2","80.4",,,,
"Woods Richardson, Simeon","680573","92.6","91.7",,"86.1",,"76.6","86.7",,,
"Brown, Ben","676962","96.3","96.4",,,"90.1","86.8",,,,
"Miller, Bryce","682243","96.1","95.5","90.8","87.7",,"83","85",,"84",
"Schultz, Noah","702273","95.2","95.1","89.7",,"89.2","81.5",,,"82.7",
"Jump, Gage","695611","96.3","95.3",,"87.4","88.1","82.7",,,"84.1",
"Bassitt, Chris","605135","91.5","91.9","89.6","79.4","85","71",,,"72.9",
"Fried, Max","608331","94.9","93.2","92","85.6","85.5","73.9",,,"79.9",
"Boyd, Matthew","571510","92.7","91.5",,"82.8","78.9","73.2",,,,
"Irvin, Jake","663623","92.9","91.9","88.4",,"84.3","77.5",,,"81.2",
"Gasser, Robert","688107","92.5","92.2","88",,"87.6",,,,"80.2",
"Gordon, Tanner","685299","92.7","92.2",,"86.9","84.5","80.5",,,,
"Ritchie, JR","702275","94.5","94.2","89.2","85.1","88.3","82.9",,,,
"Cole, Gerrit","543037","96.9","96.1",,"89.5","86.4","83",,,,
"Alvarez, Andrew","674841","92.4","91.9",,"84","86.1","82.9",,,,
"Suarez, José","660761","92.8","91.8","87.6","81.7","83",,,,"78",
"Matz, Steven","571927",,"93.3",,"82.5","82.8","78.4",,,,
"Ramírez, Yohan","670990","96.6","96.4",,,"88.7","84.3",,,"84.3",
"Bachar, Lake","669199","94.7","93.4",,"90.1",,"86.2","84.1",,"86.5",
"Zeferjahn, Ryan","666171","97.4","96.1",,"88.6",,"83.9",,,"85.3",
"Melton, Troy","675512","96.3","95.7","92.1","86.6",,"78.5","88.7",,,
"Morris, Andrew","702193","97","96.2","90.5",,"88.4","73.7",,,"81.9",
"Quantrill, Cal","615698","93.9","94.1","88.4",,,"79","85.4",,,
"Newcomb, Sean","656794","94.6","93.2","90.6",,"86.6","80.6",,,,"82.6"
"Harris, Hogan","663687","95.1",,"92.1","85.6","84.1","73.8",,,,"80.2"
"Morejon, Adrian","670970","99.2","99.5",,"89.2","92.1",,,,,
"Marinaccio, Ron","676760","93.8",,"86.6",,"81.8",,,,"82.2",
"Mejia, Juan","675848","97.4","96",,"88","93.2",,,,"84.4",
"Watson, Ryan","670245","94.1","93.5","90",,,"82.8","89.2",,"84.9",
"Taylor, Grant","691799","98.2","99.2","95.3","89.6",,"84",,,,
"Kolek, Stephen","663568","94.2","93.7","90.3","85.6","87.1",,,,"79.9",
"Bruihl, Justin","677865","91.6","90.3","86.9",,"80.2",,,,"77.9",
"Fisher, Braydon","680755","94.7","93.4","92.6","88.5",,"81.6",,,,
"Hoffman, Jeff","656546","96.6","96.2",,"86.7",,,"89.6",,,
"Rodón, Carlos","607074","94.4","93.3",,"86.4","85.5","79.9",,,,
"Holmes, Clay","605280","94.6","93.7","88.7",,"88.8","81.6",,,"82",
"Peralta, Wandy","593974","96.4","96.1",,"89.4","89.5",,,,,
"Brown, Hunter","686613","96.1","95.6",,"89.9","87.3","83.2",,,,
"Márquez, Germán","608566","94.7","94.2",,"87.8","87.1","85.4",,,,
"Varland, Louis","686973","98.6","96.9",,"91.6","92.9","87.4",,,,
"Medina, Luis","665622","97.5","97.1",,"86.6","89.7","80.6",,,,
"Bubic, Kris","663460","91.8","91.2",,"85.3","85.9",,,,"82.4",
"Headrick, Brent","687396","94.3","93.4",,"84.2",,,"85.1",,,
"Bennett, Jake","687562","92.9","92.4","85.1",,"83.4","79",,,"79.3",
"Smith, Cade","671922","97",,,,,,"86.6",,"85.2",
"Lange, Alex","656638","95.9","95.7","92","87.9","90.7",,,,,
"McCullers Jr., Lance","621121","91.6","91.2","89",,"85.4","81.6",,,"82.3",
"Okert, Steven","595345","91.4","90.8",,"81.1","86.1",,,,,
"Senga, Kodai","673540","96.2","89.8","89.8","86.7",,"65.5",,,"81.1",
"Burke, Brock","656271","96.2","93.6",,"86.3","87.6",,,,,
"Senzatela, Antonio","622608","97.3","96","91.9","86.3","90.9","83.2",,,,
"Brubaker, JT","664141","93.1","93.7",,"87.2","88.7","82.1",,,,
"Blackburn, Paul","621112","94.6","94.2","91.5","85.1","87.4","80.9",,,"83.5",
"Webb, Jacob","657097","94.2",,,"86","85.6","81.8",,,"82.5",
"Sulser, Cole","642121","92.2",,"87.4",,"83.5",,,,"83.1",
"Wells, Tyler","669330","93.5",,"90.2","86.7","87.1","78",,,,
"Moll, Sam","594580","92.4","91.3",,,"84.6",,,,"81.2",
"Faucher, Calvin","676534","96.6","96.1","93.1","92.9",,"85.4",,,"87.8",
"Brazobán, Huascar","623211","96.8","96.1","91.2","85.9","90.7",,,,,
"Graceffo, Gordon","700669","95.5","95.1",,"88.9","88.3","83.2",,,,
"Fuentes, Didier","800311","97.2",,,"86.2",,"78.7","89.3",,,
"Bednar, David","670280","96.1",,,,,"76.8","90.9",,,
"Holton, Tyler","663947","91.5","90.9","87.5",,"83.5","79",,,"79.8",
"Svanson, Matt","694335","97","96.3","92",,,,,,"86.6",
"Alvarado, José","621237","97.1","98.2","91.8",,,"84.7",,,,
"Johnson, Ryan","696270",,"92.1","89.6",,,,"84.6",,"79.9",
"Mayza, Tim","641835","94.8","94.3",,"87.3",,,"91.4",,,
"Gómez, Yoendrys","672782","95.5","94","91.3",,"91.6",,,,"84.1",
"Cruz, Fernando","518585","93.2","92.6",,"82.4",,,"79.9",,,
"De Los Santos, Enyel","660853","95",,,"86.3","85.6",,,,,
"Dollander, Chase","801403","98.9","98.2",,"87.6","90.5","79.8",,,"85.7",
"Rodriguez, Grayson","680570","96",,,"84.2","82.7","80.5",,,,
"Jones, Jared","683003","98.5",,,"90","93.3","85.6",,,,
"Latz, Jacob","656641","94.7",,,"85.4","85.7","80.5",,,,
"Rodriguez, Bradgley","699134","98.1","97.7",,"88.4","89.7",,,,,
"King, Bryan","687911","91.9","91.4",,,"86",,,,"80.8",
"Montgomery, Mason","682254","98.2","98.5",,"89.4","89.8","86.6",,,,
"Bazardo, Eduard","660825","95.5","95.3",,,,,"90.9",,"83.3",
"Petersen, Michael","656848","97.7",,,"86.8","89",,,,,
"Sterner, Justin","686993","93.5",,"88.7",,,,,,"81.4",
"Stanek, Ryne","592773","98.1","97.1",,"88.7",,,"89.9",,"83.4",
"Romero, JoJo","668941","94.5","93.9",,,"87.2",,,,"83",
"Hudson, Bryan","663542","92","89.9","84",,,,,,"80.6",
"Finnegan, Kyle","640448","96.3",,,"85.9",,,"87.4",,,
"Festa, Matt","670036","92.4","93","91.2",,,,,,"83.1",
"Alexander, Tyler","641302","91.9","91.2","88.1",,"84.5",,,,"79.9",
"Fluharty, Mason","689254",,,"90.8",,"87.2",,,,"82.1",
"Soto, Gregory","642397","97.1","96.4",,"83.4",,,"87.6",,"82.5",
"Erceg, Lucas","668674","97.1","96.8",,"84.5","89.5",,,,,
"Myers, Tobias","668964","92.7",,"87","82.2",,,"80.2",,"79.6",
"Santana, Dennis","642701","94.1","94","90.6","85.6","88.1",,,,,
"Kerkering, Orion","689147","97.5","96.6",,,,,"92.6",,"87.3",
"Lee, Dylan","669276","93.2",,,"82.8","85.3",,,,,
"Silseth, Chase","681217","96","95.7",,,,,"88.1",,"86.6",
"Soriano, George","666277","96.5","96.3",,"88.5","89.9",,,,"85.9",
"O'Brien, Riley","676617",,"98.1",,"91.1","90.9",,,,"83.5",
"Klein, Will","694361","97.6",,,"91.2",,"85",,,"88.6",
"Ferrer, José A.","678606","95.7","97.4",,"87.9","87",,,,,
"Strider, Spencer","675911","95.1",,,"84","85.5","78",,,,
"Quintana, Jose","500779","89.7","89.9",,,"85.1","78.9",,,,"80.3"
"Bachman, Sam","696147","98.7","98.7",,"88.6","91.7",,,,"86.4",
"Nunez, Anthony","689296","96","95.7","90.3",,"87.5",,,,"86",
"Lawrence, Justin","664875","95.6","95.5",,,,,,,"82.1",
"Rogers, Taylor","573124",,"91.9","87.9",,,,,,"78",
"Miller, Mason","695243","101.3","100.9",,"87.8","96.4",,,,,
"Richards, Trevor","670950","92.2",,,"84.9","80.1",,,,,
"Anderson, Grant","681982","93.4","92.9",,,"86.2",,,,"81.1",
"Orze, Eric","679358","92.8",,,"87.4",,"82","83.5",,,
"Legumina, Casey","668984","93.4","93.2",,"85.3","87.1",,,,"79.9",
"Kilian, Caleb","668873","96.8","95.9",,"88.2",,"80.7",,,,
"Ginkel, Kevin","656464","95.4","94.6",,"85.3",,,,,,
"Farris, Mitch","815083","91.8",,"88.6","81.6","79",,,,,
"Abreu, Bryan","650556","95.2",,"92.4","86.3","89.9",,,,,
"Domínguez, Seranthony","622554","97.2","97.5",,,,"83.4","85.5",,"85.1",
"Bernardino, Brennan","657514","90.5","90.2","86.1",,"80.5","77.9",,,"79.2",
"Parker, Mitchell","680730","93.6",,,"83.2",,"79","84.6",,,
"Morillo, Juan","666661","98.7","98.7",,"84.8","92.5",,,,,
"Clarke, Taylor","664199","94.4","95.2","94.2","88.3","89.9",,,,,
"Pérez, Cionel","672335","96.8","96.7",,,,"85.5",,,,"85.8"
"Schreiber, John","670167","93.7","93.1","89.4",,"86.6",,,,"82.3",
"Warren, Austin","681810","93.9","94.1","88.3",,"87.9","84.2",,,"85",
"Rogers, Tyler","643511",,"83.2",,"73.6",,,,,,
"Yarbrough, Ryan","642232","87.4","87","84.9",,"77.8",,,,"71.8",
"Weissert, Greg","669711","93.9","93.9",,"85.2","85.2","81.6",,,"81.7",
"Garcia, Rico","670329","95.3",,,"88.8","86.4","86.3",,,,
"Henriquez, Edgardo","683618","100.6","100.9","94.9","87.9",,"82.4",,,,
"Kelly, Kevin","687330","93","91.4","89.1",,"85.9",,,,"78.3",
"Dreyer, Jack","676263","93.9",,,"88.8",,"81.1",,,,
"Vesia, Alex","681911","91.9",,,"84","82.5",,,,,
"Morán, Jovani","663558","92.4","92.7","85",,"83.1","79",,,"79.2",
"Lynch IV, Daniel","663738","94.9","94.4",,"87.2","85.9","81.5",,,,
"Sisk, Evan","681895","91.6","91.1",,,"83.6","77.3",,,"80.1",
"Woodruff, Brandon","605540","91.8","92.4","88.5",,"82.4","76.2",,,"79.2",
"Williams, Devin","642207","93.9",,"89.4",,"84",,,,,
"Uribe, Abner","682842",,"98.7",,"87.3",,,,,,
"Ragans, Cole","666142","94.9",,"89.7","85.1","84.2","79.3",,,,
"Poulin, PJ","676571","90.1","89",,,"80.4",,,,"79",
"Gray, Peyton","682608","92.8",,,"86.6","83.2",,,,,
"Doval, Camilo","666808",,"98.6","98.8","88.8","94.5",,,,,
"Matsui, Yuki","673513","91.9","91",,"85.4",,,"83.2",,"81",
"Gibson, Trey","694346","95.4","94.6","91.9","87.8",,"84.3",,,"84.8",
"Hart, Kyle","606996","94","93.8",,"88.9",,,"85.5",,"83",
"Muñoz, Andrés","662253","99.3","98.2",,"86.9","91.6",,,,,
"Aldegheri, Sam","691951","92.1",,"86.6","81.6","80.2","74.8",,,,
"Nance, Tommy","667297","94.6","94.6",,"88.6",,"84.6",,,,
"Mattson, Isaac","676755","94.1",,,"83.7","85.9",,,,"82.9",
"Banda, Anthony","607455","94.6","94.7",,"84.5","87.3",,,,,
"Baker, Bryan","641329","97",,,"87.7","85.5",,,,,
"Scott, Tanner","656945","96.8",,,"89.7",,,,,,
"Miller, Erik","669062","96.8","96.9",,"85.9","87.7",,,,,
"Raley, Brooks","548384",,"90.1","86.5",,"84.3",,,,"80.7",
"Scholtens, Jesse","669947","93.1","92",,"88.2",,,"84",,"80.2",
"Suárez, Albert","544150","93.5",,"85.5",,"84.8","77.8",,,,"81"
"Eisert, Brandon","685126","90","89",,"83.9","84.8",,,,,
"Glasnow, Tyler","607192","95.3","95.7",,"89.3",,"81.2",,,,
"Holderman, Colin","670059","97.4","97","90.4",,,"83.1",,,"85.2",
"Armstrong, Shawn","542888","93.5","93.9","90",,,,,,"84.5",
"Strahm, Matt","621381","91.2","91.4","87.4","81.2","82.3",,,,,
"Megill, Trevor","656730","97.9",,,,,"88",,,,
"Weaver, Luke","596133","95.3",,"90.6","84.8","88",,,,,
"Loáisiga, Jonathan","642528","97.3","97.6","95.7",,"90.8","89.2",,,,
"Kinley, Tyler","641755","94.4","93.6",,"87",,"82.9","86.1",,,
"Bowlan, Jonathan","680742","97.3","97.3",,"86.8","90.5","82.4",,,"84.9",
"Rolison, Ryan","669020","94.6","95",,"86.7","88.9","79.7",,,"85.3",
"Fairbanks, Pete","664126","97.3",,"89.5","83.3","94",,,,,
"Henderson, Logan","701656","93",,"87.2",,"82.3",,,,"80.6",
"Barlow, Scott","605130","89","89.1",,"82.5",,"76.2",,,"79.2",
"Sewald, Paul","623149","91.4",,,,,,,,"83.1",
"Thompson, Ryan","657044","91","89.3",,"77.8",,,,,,
"Englert, Mason","669438","92.9","91.7","86.2","81.7","86.5","74.4",,,"80.6",
"Cruz, Steven","674444","98.2",,"93.5","89.2",,,,,"88.7",
"Fermin, José","820862","96.3","96.4",,"90.3","92.9",,,,,
"Gaddis, Hunter","683769","95.1",,,"89.6","79.7",,"79.2",,,
"Milner, Hoby","571948","87.4","86.9",,,"80.7",,,,"78.3",
"Kikuchi, Yusei","579328","95.4",,"90.2","86.9",,"78.7","86.7",,,
"Gusto, Ryan","687473","94.1","92.8","89.1","85.6","87.2","79.3",,,"82.2",
"Vodnik, Victor","680767","98.6","98.9","92.6","88.5","92.5",,,,,
"Kuhnel, Joel","669270","95.1","95.1","90.5","86.8","90.1","81.9",,,,
"Schultz, Paxton","687606","93.6",,"88.7","84.7","86.7",,,,,
"Herrin, Tim","682120","94.5","93.9",,"86.9","87.1","80.2",,,,
"Duran, Jhoan","661395","100.2",,,,"88.9","88.4","97.4",,"89",
"Junis, Jakob","596001","92.3","91.9",,,"86.7",,,,"82",
"Winn, Cole","668390","95.2","93.7","91.1","85.8",,"81.1","87.2",,,
"Giolito, Lucas","608337","90.8",,,"83.2","79","76.9",,,,
"Paredes, Mike","702474","93",,"87.4",,"87.7",,,,"79.2",
"Adam, Jason","592094","93.4",,,"84.6","88.2",,,,"78.2",
"Leiter Jr., Mark","643410","92.2","92.1","89.6","82.5",,"73.9","84.3",,,
"Banks, Tanner","621383","92","91.3",,"86.8","83.8",,,,"81.6",
"Varland, Gus","681402","95.1",,,"87.6","91.4",,,,,
"King, John","667463","90.5","90.4",,"82.4","83.5","78.9",,,"81.5",
"Thielbar, Caleb","573204","93.2",,,"87.4",,"76.4",,,"80.3",
"Chapman, Aroldis","547973","96.9","97.9",,"85.6",,,"89.8",,,
"Phillips, Connor","683175","98.3",,,,,"87.5",,,"86.1",
"Maton, Phil","664208",,"90.2","89.5",,,"75.6",,,"83.2",
"Bird, Jake","656234","93.9","94.8",,,,"81",,,"84.5",
"Waldron, Matt","663362","92","91.6","88",,,,,"80.8","81.1",
"Sabrowski, Erik","681870","94.1",,,"86.3",,"81.5",,,,
"Hall, DL","669084","94.6","94.9","90.7","86.3","85.4","80.8",,,"84.3",
"Bender, Anthony","669622","96.8","96.4",,"86.6","88.6",,,,"83.5",
"Lovelady, Richard","663992","91.4","91.2",,"86.7",,,,,"81.8",
"Whitlock, Garrett","676477",,"94.9",,"85.9","84.3",,,,,
"Iglesias, Raisel","628452","94.5","94.6",,"83.4","88.6",,,,,
"Keller, Brad","641745","97","96.7",,"87.1","92.8",,,,"85.7",
"Shugart, Chase","663767","96.1","95.2","91.5",,"88.6",,,,"82.2",
"Weiss, Ryan","680802","95.2","93.1",,,"89.1","80.8",,,"83.8",
"Ribalta, Orlando","687377","96.8","96.8",,"86.9","86.2",,,,,
"Adams, Travis","701519","94.4","94.1","91.4","86.2","86.2",,,,,
"Gage, Matt","657424","92.2","92.9",,"84.3","85.1",,,,,