"year","last_name, first_name","pitcher_id","team_name","team_name_abbrev","pitch_hand","avg_speed","pitches_thrown","total_pitches","pitches_per_game","pitch_per","pitch_type","pitch_type_name","pitcher_break_z","league_break_z","diff_z","rise","pitcher_break_z_induced","pitcher_break_x","league_break_x","diff_x","tail","percent_rank_diff_z","percent_rank_diff_x"
"2026","Misiorowski, Jacob","694819","Brewers","MIL","R","100.5","1084","1725",16.58653846153846,0.6284057971014493,"FF","4-Seam Fastball",11.6,-11.8,0.3,"2",15.6,10.9,-10.3,0.6,"6",0.5857843137254902,0.5612745098039216
"2026","Peralta, Freddy","642547","Mets","NYM","R","94.2","1063","2000",19.047619047619047,0.5315,"FF","4-Seam Fastball",14.4,-15.8,1.4,"9",16.6,7.1,-8.8,-1.7,"-20",0.8333333333333334,0.2696078431372549
"2026","Burns, Chase","695505","Reds","CIN","R","97.8","1009","1768",17.16504854368932,0.5707013574660633,"FF","4-Seam Fastball",10,-11.8,1.8,"15",18.7,3.6,-6,-2.4,"-41",0.8848039215686274,0.2181372549019608
"2026","Gausman, Kevin","592332","Blue Jays","TOR","R","93.9","1005","1948",18.552380952380954,0.5159137577002053,"FF","4-Seam Fastball",14.2,-14.8,0.6,"4",16.9,11,-7.3,3.6,"49",0.6593137254901961,0.9093137254901961
"2026","Bradley, Taj","671737","Twins","MIN","R","96.9","913","1948",18.37735849056604,0.4686858316221766,"FF","4-Seam Fastball",10.7,-12.9,2.2,"17",18.5,5.4,-6.9,-1.5,"-22",0.9215686274509803,0.2916666666666667
"2026","Schlittler, Cam","693645","Yankees","NYY","R","97.9","893","2016",19.384615384615383,0.4429563492063492,"FF","4-Seam Fastball",11.7,-12.3,0.6,"5",16.9,5.3,-6.8,-1.5,"-22",0.6593137254901961,0.2916666666666667
"2026","Gore, MacKenzie","669022","Rangers","TEX","L","95.4","892","1973",18.971153846153847,0.45210339584389253,"FF","4-Seam Fastball",13.9,-14.2,0.4,"2",16.3,6.6,-7.8,-1.2,"-15",0.6127450980392157,0.3333333333333333
"2026","Abbott, Andrew","671096","Reds","CIN","L","92.6","892","1926",18.699029126213592,0.46313603322949115,"FF","4-Seam Fastball",15.3,-15.2,0,"0",16.7,6.8,-7,-0.2,"-3",0.5245098039215687,0.4534313725490196
"2026","Detmers, Reid","672282","Angels","LAA","L","94.1","889","1964",18.704761904761906,0.4526476578411405,"FF","4-Seam Fastball",14,-14.6,0.6,"4",17.1,9.4,-7.2,2.2,"30",0.6593137254901961,0.7622549019607843
"2026","Ryan, Joe","657746","Twins","MIN","R","93.5","865","1897",17.89622641509434,0.45598313125988404,"FF","4-Seam Fastball",17.9,-17.9,0,"0",13.5,13.2,-11.6,1.6,"13",0.5245098039215687,0.6715686274509803
"2026","Harrison, Kyle","690986","Brewers","MIL","L","95","844","1457",14.009615384615385,0.5792724776938916,"FF","4-Seam Fastball",15.6,-16.1,0.5,"3",14.8,12.8,-9.8,3,"30",0.6372549019607843,0.8676470588235294
"2026","Woo, Bryan","693433","Mariners","SEA","R","95.8","838","1769",16.847619047619048,0.47371396269078575,"FF","4-Seam Fastball",15.2,-15.7,0.5,"3",14.7,10.7,-9.8,0.9,"9",0.6372549019607843,0.6029411764705882
"2026","Skenes, Paul","694973","Pirates","PIT","R","96.9","828","2015",19.19047619047619,0.4109181141439206,"FF","4-Seam Fastball",16.2,-13.6,-2.6,"-19",13,12.5,-7.9,4.6,"58",0.11519607843137254,0.9607843137254902
"2026","Chandler, Bubba","696149","Pirates","PIT","R","98.6","820","1715",16.333333333333332,0.478134110787172,"FF","4-Seam Fastball",10.3,-12.6,2.3,"18",17.9,7.8,-7.6,0.2,"2",0.928921568627451,0.5073529411764706
"2026","Flaherty, Jack","656427","Tigers","DET","R","92.7","806","1639",15.60952380952381,0.4917632702867602,"FF","4-Seam Fastball",15.7,-16.4,0.7,"5",16.1,5.8,-8.3,-2.6,"-31",0.6813725490196079,0.19117647058823528
"2026","Imanaga, Shota","684007","Cubs","CHC","L","91.7","775","1884",18.115384615384617,0.4113588110403397,"FF","4-Seam Fastball",14.8,-16.8,1.9,"11",17.8,11,-7.9,3.1,"39",0.9019607843137255,0.8799019607843137
"2026","Rodriguez, Eduardo","593958","D-backs","AZ","L","92","765","1952",18.590476190476192,0.39190573770491804,"FF","4-Seam Fastball",16.4,-15.7,-0.7,"-5",15.8,6.4,-7,-0.6,"-9",0.3897058823529412,0.3897058823529412
"2026","Springs, Jeffrey","605488","Athletics","ATH","L","91.4","765","1753",16.85576923076923,0.43639475185396465,"FF","4-Seam Fastball",16.1,-15.8,-0.3,"-2",16.7,9.7,-6.8,2.9,"42",0.46568627450980393,0.8529411764705882
"2026","Rogers, Trevor","669432","Orioles","BAL","L","93.5","757","1689",16.085714285714285,0.448194197750148,"FF","4-Seam Fastball",15.8,-15,-0.8,"-5",15.6,10.6,-7.4,3.2,"44",0.3627450980392157,0.8872549019607843
"2026","Wrobleski, Justin","680736","Dodgers","LAD","L","94.3","756","1524",14.514285714285714,0.49606299212598426,"FF","4-Seam Fastball",14.6,-15.9,1.3,"8",16.1,6.2,-9.4,-3.1,"-33",0.8088235294117647,0.14950980392156862
"2026","Gilbert, Logan","669302","Mariners","SEA","R","96","742","1878",17.885714285714286,0.3951011714589989,"FF","4-Seam Fastball",12.6,-13.4,0.8,"6",17.2,6.1,-6.6,-0.5,"-8",0.7132352941176471,0.41421568627450983
"2026","Castillo, Luis","622491","Mariners","SEA","R","95.3","740","1676",15.961904761904762,0.441527446300716,"FF","4-Seam Fastball",17.4,-16.7,-0.8,"-5",12.7,12.1,-10.4,1.7,"17",0.3627450980392157,0.7009803921568627
"2026","Rea, Colin","607067","Cubs","CHC","R","93.7","739","1756",16.884615384615383,0.42084282460136674,"FF","4-Seam Fastball",17.6,-15.6,-2.1,"-13",13.4,8.6,-8.2,0.4,"5",0.15441176470588236,0.5441176470588235
"2026","Nelson, Ryne","669194","D-backs","AZ","R","96.3","734","1292",12.304761904761905,0.5681114551083591,"FF","4-Seam Fastball",10.5,-12.9,2.4,"19",19.1,2.8,-6.5,-3.7,"-57",0.9411764705882353,0.09803921568627451
"2026","Sale, Chris","519242","Braves","ATL","L","96.1","725","1772",17.03846153846154,0.40914221218961627,"FF","4-Seam Fastball",20,-16,-4,"-25",9.7,14.6,-10.4,4.3,"42",0.051470588235294115,0.9485294117647058
"2026","deGrom, Jacob","594798","Rangers","TEX","R","97.2","717","1702",16.365384615384617,0.4212690951821387,"FF","4-Seam Fastball",12.3,-13.5,1.3,"9",16.8,8.3,-7.9,0.3,"4",0.8088235294117647,0.5196078431372549
"2026","Burke, Sean","680732","White Sox","CWS","R","94.9","709","1908",18.524271844660195,0.37159329140461217,"FF","4-Seam Fastball",11.8,-13.6,1.8,"14",18.7,4.5,-6.5,-2,"-30",0.8848039215686274,0.24019607843137256
"2026","Cease, Dylan","656302","Blue Jays","TOR","R","97.5","700","1939",18.466666666666665,0.36101083032490977,"FF","4-Seam Fastball",10.3,-12.6,2.2,"18",18.5,3.4,-6.8,-3.4,"-51",0.9215686274509803,0.125
"2026","Ray, Robbie","592662","Giants","SF","L","93.2","688","1975",18.990384615384617,0.34835443037974684,"FF","4-Seam Fastball",14.1,-14.8,0.7,"5",17.4,9.2,-6.9,2.3,"33",0.6813725490196079,0.7720588235294118
"2026","Sasaki, Roki","808963","Dodgers","LAD","R","97.8","685","1610",15.333333333333334,0.4254658385093168,"FF","4-Seam Fastball",12.5,-12.1,-0.4,"-3",16.1,9.4,-6.6,2.8,"43",0.4534313725490196,0.8480392156862745
"2026","Pérez, Eury","691587","Marlins","MIA","R","98.2","679","1605",15.285714285714286,0.42305295950155763,"FF","4-Seam Fastball",10.6,-12.4,1.8,"15",18.1,11.2,-7.1,4.1,"57",0.8848039215686274,0.9387254901960784
"2026","Yesavage, Trey","702056","Blue Jays","TOR","R","94.4","668","1425",13.571428571428571,0.4687719298245614,"FF","4-Seam Fastball",11.2,-12.7,1.4,"11",19.5,4.2,-4.9,-0.8,"-15",0.8333333333333334,0.375
"2026","Mahle, Tyler","641816","Giants","SF","R","92.5","668","1391",13.375,0.4802300503235083,"FF","4-Seam Fastball",14.3,-16.2,1.8,"11",17.8,11.3,-7.9,3.4,"43",0.8848039215686274,0.9019607843137255
"2026","Sheehan, Emmet","686218","Dodgers","LAD","R","94.5","659","1553",14.790476190476191,0.42433998712169996,"FF","4-Seam Fastball",12.3,-15.1,2.8,"19",18.4,8.9,-8.2,0.7,"9",0.9656862745098039,0.5759803921568627
"2026","Cantillo, Joey","676282","Guardians","CLE","L","92.1","659","1888",17.81132075471698,0.3490466101694915,"FF","4-Seam Fastball",15.6,-15.8,0.2,"1",16.7,6.5,-7,-0.5,"-7",0.5661764705882353,0.41421568627450983
"2026","Cavalli, Cade","676917","Nationals","WSH","R","96.7","654","1866",17.771428571428572,0.3504823151125402,"FF","4-Seam Fastball",14.5,-13.3,-1.3,"-10",14.6,5.8,-7.2,-1.4,"-19",0.25980392156862747,0.3112745098039216
"2026","Tolle, Payton","801139","Red Sox","BOS","L","96","651","1360",13.20388349514563,0.4786764705882353,"FF","4-Seam Fastball",14.3,-14.2,-0.2,"-1",15.4,9.7,-8.5,1.2,"14",0.4852941176470588,0.6397058823529411
"2026","Baz, Shane","669358","Orioles","BAL","R","96.1","650","1925",18.333333333333332,0.33766233766233766,"FF","4-Seam Fastball",13.1,-13.9,0.8,"5",16.6,9.2,-7.6,1.6,"20",0.7132352941176471,0.6715686274509803
"2026","Warren, Will","701542","Yankees","NYY","R","93.6","645","1677",16.125,0.38461538461538464,"FF","4-Seam Fastball",16.1,-15.6,-0.5,"-3",15.2,7.7,-8.2,-0.5,"-6",0.42401960784313725,0.41421568627450983
"2026","Messick, Parker","800048","Guardians","CLE","L","94","643","1823",17.19811320754717,0.35271530444322546,"FF","4-Seam Fastball",14.4,-15.5,1.1,"7",16.6,5.3,-8.3,-3,"-36",0.7524509803921569,0.16176470588235295
"2026","Hancock, Emerson","676106","Mariners","SEA","R","95.4","628","1627",15.495238095238095,0.3859864781807007,"FF","4-Seam Fastball",20.8,-16.1,-4.7,"-29",9.2,12,-9.9,2.1,"21",0.014705882352941176,0.75
"2026","López, Reynaldo","625643","Braves","ATL","R","94.4","622","1137",10.932692307692308,0.5470536499560247,"FF","4-Seam Fastball",14,-14.8,0.9,"6",16.7,7,-7.7,-0.7,"-9",0.7230392156862745,0.38480392156862747
"2026","Young, Brandon","687064","Orioles","BAL","R","94.3","608","1521",14.485714285714286,0.3997370151216305,"FF","4-Seam Fastball",13.1,-14.4,1.4,"10",17.7,5.6,-7.2,-1.6,"-23",0.8333333333333334,0.2818627450980392
"2026","Gallen, Zac","668678","D-backs","AZ","R","93.4","605","1636",15.58095238095238,0.3698044009779951,"FF","4-Seam Fastball",14.9,-14.8,-0.1,"-1",16.6,3.3,-7,-3.7,"-53",0.49264705882352944,0.09803921568627451
"2026","Ohtani, Shohei","660271","Dodgers","LAD","R","98.1","602","1335",12.714285714285714,0.450936329588015,"FF","4-Seam Fastball",14.3,-13.2,-1.1,"-8",14,5,-8,-3,"-38",0.30392156862745096,0.16176470588235295
"2026","Lauer, Eric","641778","Dodgers","LAD","L","91","581","1319",12.561904761904762,0.4404852160727824,"FF","4-Seam Fastball",17.6,-16.2,-1.3,"-8",15.5,9,-6.8,2.3,"33",0.25980392156862747,0.7720588235294118
"2026","Blubaugh, AJ","805123","Astros","HOU","R","95.6","581","1138",10.735849056603774,0.5105448154657294,"FF","4-Seam Fastball",13.3,-13.7,0.3,"2",16.8,11,-7,3.9,"56",0.5857843137254902,0.9240196078431373
"2026","Scott, Christian","681035","Mets","NYM","R","95.4","575","1167",11.114285714285714,0.49271636675235647,"FF","4-Seam Fastball",15,-15,0,"0",15.2,9.7,-8.9,0.8,"9",0.5245098039215687,0.5882352941176471
"2026","Ashcraft, Braxton","677952","Pirates","PIT","R","97.2","566","1775",16.904761904761905,0.3188732394366197,"FF","4-Seam Fastball",13.5,-12.9,-0.6,"-5",15.4,9.4,-7.1,2.3,"33",0.4019607843137255,0.7720588235294118
"2026","Pallante, Andre","669467","Cardinals","STL","R","95.2","561","1825",17.548076923076923,0.30739726027397263,"FF","4-Seam Fastball",18.1,-13.9,-4.2,"-30",12,0.6,-7.1,-6.5,"-91",0.03431372549019608,0.012254901960784314
"2026","McClanahan, Shane","663556","Rays","TB","L","95.6","560","1498",14.403846153846153,0.37383177570093457,"FF","4-Seam Fastball",14.1,-13.3,-0.8,"-6",16,9.4,-6.6,2.9,"44",0.3627450980392157,0.8529411764705882
"2026","Wheeler, Zack","554430","Phillies","PHI","R","95.2","556","1546",14.723809523809523,0.35963777490297544,"FF","4-Seam Fastball",15.9,-15.9,-0.1,"0",14.2,11.8,-10.3,1.5,"14",0.49264705882352944,0.6593137254901961
"2026","Keller, Mitch","656605","Pirates","PIT","R","93.4","546","1735",16.523809523809526,0.31469740634005766,"FF","4-Seam Fastball",16.1,-15.3,-0.8,"-5",15.2,8.7,-7.6,1.1,"15",0.3627450980392157,0.6274509803921569
"2026","Manaea, Sean","640455","Mets","NYM","L","90.7","538","1519",14.466666666666667,0.35418038183015144,"FF","4-Seam Fastball",22.6,-19,-3.6,"-19",10.7,13.7,-9.5,4.2,"44",0.0661764705882353,0.9411764705882353
"2026","Leiter, Jack","683004","Rangers","TEX","R","96.7","538","1397",13.432692307692308,0.3851109520400859,"FF","4-Seam Fastball",12,-13.7,1.7,"12",17.4,8.1,-7.9,0.2,"3",0.8774509803921569,0.5073529411764706
"2026","Early, Connelly","813349","Red Sox","BOS","L","94","536","1528",14.83495145631068,0.3507853403141361,"FF","4-Seam Fastball",15.2,-15.3,0.1,"1",16,10.5,-8.1,2.5,"31",0.5416666666666666,0.8112745098039216
"2026","Fuentes, Didier","800311","Braves","ATL","R","97.2","532","760",7.3076923076923075,0.7,"FF","4-Seam Fastball",14.3,-15.1,0.7,"5",14.7,10.5,-10.1,0.3,"3",0.6813725490196079,0.5196078431372549
"2026","Liberatore, Matthew","669461","Cardinals","STL","L","94.4","531","1668",16.03846153846154,0.3183453237410072,"FF","4-Seam Fastball",14.1,-13.6,-0.5,"-4",16.6,6.4,-6,0.3,"6",0.42401960784313725,0.5196078431372549
"2026","Wacha, Michael","608379","Royals","KC","R","93.1","528","1970",18.58490566037736,0.26802030456852793,"FF","4-Seam Fastball",13.4,-14.1,0.7,"5",18.3,5.5,-5.8,-0.3,"-5",0.6813725490196079,0.4411764705882353
"2026","Kirby, George","669923","Mariners","SEA","R","96.6","514","1748",16.64761904761905,0.2940503432494279,"FF","4-Seam Fastball",15.9,-13.6,-2.4,"-17",13.4,9.1,-7.6,1.4,"19",0.13480392156862744,0.6495098039215687
"2026","Luzardo, Jesús","666200","Phillies","PHI","L","97","511","2031",19.34285714285714,0.2516001969473166,"FF","4-Seam Fastball",15.3,-14.3,-1,"-7",13.9,11.7,-8.7,3,"34",0.3161764705882353,0.8676470588235294
"2026","Harris, Hogan","663687","Athletics","ATH","L","95.1","505","870",8.365384615384615,0.5804597701149425,"FF","4-Seam Fastball",12.5,-13.9,1.4,"10",17.9,8.1,-7,1,"14",0.8333333333333334,0.6151960784313726
"2026","Lambert, Peter","663567","Astros","HOU","R","93.9","504","1618",15.264150943396226,0.311495673671199,"FF","4-Seam Fastball",13.6,-14.6,1,"7",17.6,8.3,-7.1,1.2,"17",0.7377450980392157,0.6397058823529411
"2026","Cameron, Noah","702070","Royals","KC","L","92.4","499","1843",17.38679245283019,0.27075420510037984,"FF","4-Seam Fastball",15,-15.1,0.1,"1",17,6.2,-6.8,-0.5,"-8",0.5416666666666666,0.41421568627450983
"2026","Skubal, Tarik","669373","Tigers","DET","L","96.7","496","1339",12.752380952380953,0.3704256908140403,"FF","4-Seam Fastball",12.2,-12.9,0.8,"6",17.1,3.6,-6.8,-3.2,"-47",0.7132352941176471,0.14215686274509803
"2026","Vásquez, Randy","681190","Padres","SD","R","95","496","1519",14.466666666666667,0.32653061224489793,"FF","4-Seam Fastball",14.2,-14.4,0.1,"1",16.2,9.6,-7.5,2.1,"28",0.5416666666666666,0.75
"2026","Yamamoto, Yoshinobu","808967","Dodgers","LAD","R","96","495","1860",17.714285714285715,0.2661290322580645,"FF","4-Seam Fastball",13.4,-14.6,1.2,"8",16.3,8.4,-8.6,-0.2,"-2",0.7818627450980392,0.4534313725490196
"2026","Holmes, Grant","656550","Braves","ATL","R","94.2","492","1594",15.326923076923077,0.3086574654956085,"FF","4-Seam Fastball",15.5,-15,-0.5,"-3",15.3,7,-7.7,-0.7,"-10",0.42401960784313725,0.38480392156862747
"2026","Smith, Cade","671922","Guardians","CLE","R","97","491","799",7.537735849056604,0.6145181476846058,"FF","4-Seam Fastball",12.5,-13.2,0.7,"5",16.7,7.7,-7.7,0.1,"1",0.6813725490196079,0.5049019607843137
"2026","Jump, Gage","695611","Athletics","ATH","L","96.3","479","980",9.423076923076923,0.4887755102040816,"FF","4-Seam Fastball",13.1,-14.2,1.1,"8",16.4,8.5,-8.2,0.3,"4",0.7524509803921569,0.5196078431372549
"2026","Hudson, Bryan","663542","White Sox","CWS","L","92","477","720",6.990291262135922,0.6625,"FF","4-Seam Fastball",19.9,-18.1,-1.8,"-10",12.5,9.9,-9.6,0.3,"3",0.19852941176470587,0.5196078431372549
"2026","Imai, Tatsuya","837227","Astros","HOU","R","94.8","475","1118",10.547169811320755,0.42486583184257604,"FF","4-Seam Fastball",19.8,-16.4,-3.4,"-21",10.7,12.7,-9.7,3,"31",0.07352941176470588,0.8676470588235294
"2026","Montero, Keider","672456","Tigers","DET","R","94.3","467","1514",14.41904761904762,0.3084544253632761,"FF","4-Seam Fastball",14.4,-14.7,0.3,"2",16.5,5.9,-7.5,-1.5,"-21",0.5857843137254902,0.2916666666666667
"2026","Williams, Gavin","668909","Guardians","CLE","R","97.2","466","1947",18.367924528301888,0.23934257832562916,"FF","4-Seam Fastball",14.8,-12.9,-1.9,"-14",14.4,11.1,-7.3,3.8,"52",0.19117647058823528,0.9166666666666666
"2026","Weathers, Ryan","677960","Yankees","NYY","L","95.8","463","1813",17.432692307692307,0.25537782680639826,"FF","4-Seam Fastball",14.6,-15.1,0.5,"3",15.4,10.9,-9,2,"22",0.6372549019607843,0.7279411764705882
"2026","Soriano, José","667755","Angels","LAA","R","97.2","460","1957",18.63809523809524,0.2350536535513541,"FF","4-Seam Fastball",15.7,-13.4,-2.4,"-18",13.4,9.7,-7.8,1.9,"25",0.13480392156862744,0.7181372549019608
"2026","Mize, Casey","663554","Tigers","DET","R","93.5","454","1318",12.552380952380952,0.34446130500758726,"FF","4-Seam Fastball",13.5,-14.9,1.4,"9",17.9,9.7,-7.2,2.5,"35",0.8333333333333334,0.8112745098039216
"2026","Martin, Davis","663436","White Sox","CWS","R","94.1","454","1748",16.97087378640777,0.2597254004576659,"FF","4-Seam Fastball",16.7,-14.8,-1.9,"-13",14.2,5.4,-7.4,-2,"-27",0.19117647058823528,0.24019607843137256
"2026","McGreevy, Michael","700241","Cardinals","STL","R","91.7","450","1777",17.08653846153846,0.25323579065841306,"FF","4-Seam Fastball",19.9,-16.1,-3.8,"-24",12.6,8.3,-7.2,1.1,"15",0.058823529411764705,0.6274509803921569
"2026","May, Dustin","669160","Cardinals","STL","R","96.9","448","1680",16.153846153846153,0.26666666666666666,"FF","4-Seam Fastball",14.3,-13.7,-0.5,"-4",15,9.8,-8.1,1.6,"20",0.42401960784313725,0.6715686274509803
"2026","Cecconi, Slade","677944","Guardians","CLE","R","93.2","447","1697",16.00943396226415,0.26340601060695346,"FF","4-Seam Fastball",15.3,-15.1,-0.3,"-2",16.3,11.1,-7.2,3.9,"55",0.46568627450980393,0.9240196078431373
"2026","Burrows, Mike","681347","Astros","HOU","R","95","447","1567",14.783018867924529,0.2852584556477345,"FF","4-Seam Fastball",14,-14.3,0.3,"2",16.5,8.7,-7.4,1.4,"18",0.5857843137254902,0.6495098039215687
"2026","Kelly, Merrill","518876","D-backs","AZ","R","92.2","447","1651",15.723809523809523,0.2707450030284676,"FF","4-Seam Fastball",17.7,-16.9,-0.8,"-5",14.6,9.5,-8.5,1,"12",0.3627450980392157,0.6151960784313726
"2026","Boyd, Matthew","571510","Cubs","CHC","L","92.7","445","955",9.182692307692308,0.46596858638743455,"FF","4-Seam Fastball",19.8,-16.2,-3.5,"-22",12.2,13.9,-8.1,5.7,"71",0.07107843137254902,0.9852941176470589
"2026","Arrighetti, Spencer","681293","Astros","HOU","R","92.4","445","1504",14.18867924528302,0.2958776595744681,"FF","4-Seam Fastball",18.4,-18.4,0,"0",13.8,11.3,-10.9,0.3,"3",0.5245098039215687,0.5196078431372549
"2026","Woods Richardson, Simeon","680573","Blue Jays","TOR","R","92.6","444","1007",9.59047619047619,0.44091360476663355,"FF","4-Seam Fastball",13.7,-14.4,0.7,"5",18.3,6,-6.1,-0.1,"-2",0.6813725490196079,0.4730392156862745
"2026","Matthews, Zebby","805673","Twins","MIN","R","95.2","444","1202",11.339622641509434,0.36938435940099834,"FF","4-Seam Fastball",14.2,-14.1,-0.1,"-1",16,8.9,-7.4,1.6,"21",0.49264705882352944,0.6715686274509803
"2026","Rasmussen, Drew","656876","Rays","TB","R","96","443","1637",15.740384615384615,0.2706169822846671,"FF","4-Seam Fastball",12.5,-13.6,1.1,"8",17.3,4.2,-7.3,-3.1,"-43",0.7524509803921569,0.14950980392156862
"2026","Leahy, Kyle","681517","Cardinals","STL","R","94.1","442","1569",15.086538461538462,0.2817080943275972,"FF","4-Seam Fastball",16,-15,-0.9,"-6",14.9,4.6,-7.8,-3.2,"-40",0.3382352941176471,0.14215686274509803
"2026","Petersen, Michael","656848","Marlins","MIA","R","97.7","442","726",6.914285714285715,0.6088154269972452,"FF","4-Seam Fastball",9.3,-11.6,2.3,"20",19.5,7.8,-5.7,2.1,"36",0.928921568627451,0.75
"2026","Nola, Aaron","605400","Phillies","PHI","R","92.2","442","1882",17.923809523809524,0.23485653560042508,"FF","4-Seam Fastball",17.5,-18.1,0.6,"3",14.6,13,-10.1,2.9,"29",0.6593137254901961,0.8529411764705882
"2026","Mattson, Isaac","676755","Pirates","PIT","R","94.1","441","609",5.8,0.7241379310344828,"FF","4-Seam Fastball",12.9,-14.7,1.8,"12",18.1,9.5,-7.3,2.2,"29",0.8848039215686274,0.7622549019607843
"2026","Bibee, Tanner","676440","Guardians","CLE","R","94","439","1953",18.42452830188679,0.22478238607270865,"FF","4-Seam Fastball",14.8,-14,-0.8,"-6",16.3,5,-6.3,-1.3,"-20",0.3627450980392157,0.32598039215686275
"2026","Miller, Bryce","682243","Mariners","SEA","R","96.1","439","999",9.514285714285714,0.4394394394394394,"FF","4-Seam Fastball",10.7,-14.1,3.3,"24",18.8,5,-7.9,-2.8,"-36",0.9877450980392157,0.1715686274509804
"2026","Lopez, Jacob","682052","Athletics","ATH","L","90.5","435","1228",11.807692307692308,0.3542345276872964,"FF","4-Seam Fastball",21,-18.7,-2.3,"-12",12.6,13.5,-9,4.5,"50",0.14460784313725492,0.9534313725490197
"2026","Littell, Zack","641793","Nationals","WSH","R","91.7","433","1607",15.304761904761905,0.26944617299315493,"FF","4-Seam Fastball",16,-15.5,-0.5,"-3",16.4,6.5,-6.7,-0.2,"-3",0.42401960784313725,0.4534313725490196
"2026","King, Bryan","687911","Astros","HOU","L","91.9","431","728",6.867924528301887,0.592032967032967,"FF","4-Seam Fastball",19.1,-16.3,-2.8,"-17",13.3,3.1,-7.6,-4.5,"-59",0.10049019607843138,0.056372549019607844
"2026","Meyer, Max","676974","Marlins","MIA","R","95.1","430","1789",17.038095238095238,0.2403577417551705,"FF","4-Seam Fastball",13,-14.3,1.3,"9",17.4,9.2,-7.5,1.7,"23",0.8088235294117647,0.7009803921568627
"2026","Cole, Gerrit","543037","Yankees","NYY","R","96.9","426","938",9.01923076923077,0.4541577825159915,"FF","4-Seam Fastball",12.4,-13.6,1.2,"9",16.9,9.7,-7.7,2,"27",0.7818627450980392,0.7279411764705882
"2026","Mejia, Juan","675848","Rockies","COL","R","97.4","424","847",7.990566037735849,0.500590318772137,"FF","4-Seam Fastball",17.7,-13.5,-4.2,"-31",10.8,4.3,-7.8,-3.4,"-44",0.03431372549019608,0.125
"2026","Alcantara, Sandy","645261","Marlins","MIA","R","97.5","421","2160",20.571428571428573,0.19490740740740742,"FF","4-Seam Fastball",15.4,-13.4,-2,"-15",13.5,13,-7.8,5.2,"67",0.17647058823529413,0.9730392156862745
"2026","Soroka, Michael","647336","D-backs","AZ","R","93.7","421","1290",12.285714285714286,0.3263565891472868,"FF","4-Seam Fastball",17.2,-15.9,-1.3,"-8",14,8.2,-8.4,-0.2,"-2",0.25980392156862747,0.4534313725490196
"2026","Richards, Trevor","670950","White Sox","CWS","R","92.2","419","678",6.58252427184466,0.6179941002949852,"FF","4-Seam Fastball",12.8,-14.9,2.1,"14",19.4,7.1,-6.5,0.7,"10",0.9117647058823529,0.5759803921568627
"2026","Kay, Anthony","641743","White Sox","CWS","L","95.8","417","1797",17.446601941747574,0.23205342237061768,"FF","4-Seam Fastball",14.8,-14.3,-0.5,"-3",15.1,7.4,-8,-0.5,"-6",0.42401960784313725,0.41421568627450983
"2026","Mlodzinski, Carmen","669387","Pirates","PIT","R","95","414","1463",13.933333333333334,0.28298017771701983,"FF","4-Seam Fastball",18.2,-15.1,-3.1,"-20",12.1,10,-8.5,1.5,"17",0.08333333333333333,0.6593137254901961
"2026","Montgomery, Mason","682254","Pirates","PIT","L","98.2","413","727",6.923809523809524,0.5680880330123796,"FF","4-Seam Fastball",10.2,-12.7,2.5,"20",18.1,4.1,-7.7,-3.5,"-46",0.9534313725490197,0.11764705882352941
"2026","Taylor, Grant","691799","White Sox","CWS","R","98.2","411","840",8.155339805825243,0.48928571428571427,"FF","4-Seam Fastball",11.5,-12.4,0.9,"7",16.8,1.9,-7.3,-5.4,"-74",0.7230392156862745,0.03676470588235294
"2026","Ober, Bailey","641927","Twins","MIN","R","88.3","408","1283",12.10377358490566,0.3180046765393609,"FF","4-Seam Fastball",18.3,-18.6,0.3,"2",16.8,7.7,-6.2,1.5,"24",0.5857843137254902,0.6593137254901961
"2026","Anderson, Drew","623454","Tigers","DET","R","95.7","404","1011",9.628571428571428,0.39960435212660733,"FF","4-Seam Fastball",14.3,-14.3,0.1,"0",15.7,6.5,-8,-1.5,"-19",0.5416666666666666,0.2916666666666667
"2026","McLean, Nolan","690997","Mets","NYM","R","96.1","402","1978",18.83809523809524,0.2032355915065723,"FF","4-Seam Fastball",15.8,-14.7,-1.1,"-8",14,11.6,-8.7,2.8,"32",0.30392156862745096,0.8480392156862745
"2026","Latz, Jacob","656641","Rangers","TEX","L","94.7","400","733",7.048076923076923,0.5457025920873124,"FF","4-Seam Fastball",11.8,-14.2,2.4,"17",18.9,8.7,-7.1,1.6,"22",0.9411764705882353,0.6715686274509803
"2026","Freeland, Kyle","607536","Rockies","COL","L","91.5","399","1542",14.547169811320755,0.2587548638132296,"FF","4-Seam Fastball",18.4,-16.1,-2.3,"-14",14.1,7,-7.1,-0.1,"-2",0.14460784313725492,0.4730392156862745
"2026","Rodriguez, Grayson","680570","Angels","LAA","R","96","397","740",7.0476190476190474,0.5364864864864864,"FF","4-Seam Fastball",14.3,-13.9,-0.4,"-3",15.6,11.3,-7.9,3.4,"43",0.4534313725490196,0.9019607843137255
"2026","Perkins, Jack","678022","Athletics","ATH","R","96","396","1087",10.451923076923077,0.36430542778288866,"FF","4-Seam Fastball",15.4,-14.8,-0.6,"-4",14.4,9.9,-8.7,1.1,"13",0.4019607843137255,0.6274509803921569
"2026","Elder, Bryce","693821","Braves","ATL","R","92.6","395","1706",16.403846153846153,0.23153575615474795,"FF","4-Seam Fastball",16.3,-15.1,-1.2,"-8",15.4,4.2,-6.8,-2.6,"-38",0.29411764705882354,0.19117647058823528
"2026","Mikolas, Miles","571945","Nationals","WSH","R","93.3","390","1537",14.638095238095238,0.25374105400130126,"FF","4-Seam Fastball",16.1,-14.3,-1.8,"-13",15.3,7.6,-6.2,1.4,"22",0.19852941176470587,0.6495098039215687
"2026","Headrick, Brent","687396","Yankees","NYY","L","94.3","386","803",7.721153846153846,0.4806973848069738,"FF","4-Seam Fastball",13.3,-13.8,0.4,"3",17.6,8,-6.3,1.7,"28",0.6127450980392157,0.7009803921568627
"2026","Morris, Andrew","702193","Twins","MIN","R","97","385","876",8.264150943396226,0.4394977168949772,"FF","4-Seam Fastball",12,-12.5,0.5,"4",17.2,4.5,-6.4,-1.8,"-29",0.6372549019607843,0.2549019607843137
"2026","Junk, Janson","676083","Marlins","MIA","R","94.2","383","1114",10.60952380952381,0.34380610412926393,"FF","4-Seam Fastball",12.3,-15,2.7,"18",18.8,6.1,-7.8,-1.8,"-22",0.9607843137254902,0.2549019607843137
"2026","Megill, Trevor","656730","Brewers","MIL","R","97.9","383","597",5.740384615384615,0.6415410385259631,"FF","4-Seam Fastball",9.5,-11.6,2.1,"18",19.1,4.2,-5.7,-1.5,"-27",0.9117647058823529,0.2916666666666667
"2026","Painter, Andrew","691725","Phillies","PHI","R","96.5","378","1141",10.866666666666667,0.3312883435582822,"FF","4-Seam Fastball",13.1,-12.4,-0.7,"-5",16.3,2.6,-6,-3.4,"-57",0.3897058823529412,0.125
"2026","Finnegan, Kyle","640448","Tigers","DET","R","96.3","377","717",6.828571428571428,0.5258019525801952,"FF","4-Seam Fastball",11.6,-13.8,2.2,"16",18,8.5,-7.8,0.8,"10",0.9215686274509803,0.5882352941176471
"2026","Drohan, Shane","675660","Brewers","MIL","L","94.9","376","1275",12.259615384615385,0.29490196078431374,"FF","4-Seam Fastball",16.1,-15.2,-0.9,"-6",14.3,11.5,-8.5,3,"36",0.3382352941176471,0.8676470588235294
"2026","Lord, Brad","695418","Nationals","WSH","R","94.5","376","1030",9.80952380952381,0.3650485436893204,"FF","4-Seam Fastball",20.5,-16.5,-3.9,"-24",10.3,15.9,-10,5.9,"59",0.056372549019607844,0.9877450980392157
"2026","Gordon, Tanner","685299","Rockies","COL","R","92.7","376","942",8.88679245283019,0.3991507430997877,"FF","4-Seam Fastball",16.3,-14.9,-1.5,"-10",15.3,9.8,-6.7,3.2,"48",0.2426470588235294,0.8872549019607843
"2026","Marinaccio, Ron","676760","Pirates","PIT","R","93.8","371","850",8.095238095238095,0.4364705882352941,"FF","4-Seam Fastball",18.3,-16.7,-1.6,"-10",13,14.4,-9.8,4.6,"47",0.23284313725490197,0.9607843137254902
"2026","Brown, Ben","676962","Cubs","CHC","R","96.4","371","1004",9.653846153846153,0.3695219123505976,"FF","4-Seam Fastball",13.5,-12.9,-0.6,"-5",16,8.4,-6.5,1.9,"28",0.4019607843137255,0.7181372549019608
"2026","Stanek, Ryne","592773","Cardinals","STL","R","98.1","371","723",6.951923076923077,0.5131396957123098,"FF","4-Seam Fastball",10.8,-12.2,1.4,"11",17.7,8.9,-6.8,2.1,"32",0.8333333333333334,0.75
"2026","Rodón, Carlos","607074","Yankees","NYY","L","94.4","368","828",7.961538461538462,0.4444444444444444,"FF","4-Seam Fastball",12.5,-14,1.4,"10",18.3,9.2,-6.6,2.6,"40",0.8333333333333334,0.8308823529411765
"2026","Sabrowski, Erik","681870","Guardians","CLE","L","94.1","365","541",5.10377358490566,0.6746765249537893,"FF","4-Seam Fastball",11.8,-14.6,2.8,"19",19.4,9.8,-7.2,2.6,"37",0.9656862745098039,0.8308823529411765
"2026","Lorenzen, Michael","547179","Rockies","COL","R","94","365","1840",17.358490566037737,0.1983695652173913,"FF","4-Seam Fastball",17.3,-15.6,-1.7,"-11",13.4,9.9,-8.4,1.6,"19",0.22058823529411764,0.6715686274509803
"2026","King, Michael","650633","Padres","SD","R","94","360","1932",18.4,0.18633540372670807,"FF","4-Seam Fastball",16.1,-15.5,-0.7,"-4",14.9,7.8,-8.3,-0.5,"-6",0.3897058823529412,0.41421568627450983
"2026","Ragans, Cole","666142","Royals","KC","L","94.9","358","638",6.018867924528302,0.5611285266457681,"FF","4-Seam Fastball",12.8,-13.9,1.1,"8",17.8,12.8,-6.9,5.9,"85",0.7524509803921569,0.9877450980392157
"2026","Webb, Jacob","657097","Cubs","CHC","R","94.2","358","778",7.480769230769231,0.4601542416452442,"FF","4-Seam Fastball",14.8,-15.5,0.8,"5",16.3,9.6,-8.4,1.2,"14",0.7132352941176471,0.6397058823529411
"2026","Kimbrel, Craig","518886","Rays","TB","R","93.7","353","522",5.019230769230769,0.6762452107279694,"FF","4-Seam Fastball",16.5,-17.8,1.3,"8",14.9,11.8,-11.5,0.4,"3",0.8088235294117647,0.5441176470588235
"2026","Peterson, David","656849","Cubs","CHC","L","92.3","352","1468",14.115384615384615,0.23978201634877383,"FF","4-Seam Fastball",19.8,-15.2,-4.6,"-30",12.2,2.4,-6.8,-4.4,"-65",0.01715686274509804,0.061274509803921566
"2026","Suarez, José","660761","Athletics","ATH","L","92.8","352","926",8.903846153846153,0.3801295896328294,"FF","4-Seam Fastball",15.2,-15.8,0.6,"4",16.6,7.8,-7.8,0,"0",0.6593137254901961,0.49019607843137253
"2026","Sproat, Brandon","687075","Brewers","MIL","R","96.9","351","1530",14.711538461538462,0.22941176470588234,"FF","4-Seam Fastball",16.4,-13.9,-2.5,"-18",12.7,7.2,-8.1,-1,"-12",0.12745098039215685,0.35294117647058826
"2026","Paddack, Chris","663978","Rangers","TEX","R","92.9","350","1015",9.759615384615385,0.3448275862068966,"FF","4-Seam Fastball",13.1,-14.6,1.6,"11",18.9,7.2,-6.6,0.6,"9",0.8700980392156863,0.5612745098039216
"2026","Sulser, Cole","642121","Rays","TB","R","92.2","350","775",7.451923076923077,0.45161290322580644,"FF","4-Seam Fastball",13.5,-15.8,2.3,"15",18.9,9.1,-7.4,1.7,"24",0.928921568627451,0.7009803921568627
"2026","Pomeranz, Drew","519141","Cubs","CHC","L","92.1","349","478",4.596153846153846,0.7301255230125523,"FF","4-Seam Fastball",13.7,-15.7,1.9,"12",18.6,3.4,-7.1,-3.7,"-52",0.9019607843137255,0.09803921568627451
"2026","Klein, Will","694361","Dodgers","LAD","R","97.6","347","692",6.59047619047619,0.5014450867052023,"FF","4-Seam Fastball",13,-13.3,0.3,"2",15.6,9.1,-8,1.1,"13",0.5857843137254902,0.6274509803921569
"2026","Sewald, Paul","623149","D-backs","AZ","R","91.4","347","579",5.514285714285714,0.5993091537132987,"FF","4-Seam Fastball",20.5,-20.6,0.1,"0",12.4,11.1,-11.6,-0.5,"-4",0.5416666666666666,0.41421568627450983
"2026","Prielipp, Connor","687570","Twins","MIN","L","95.4","344","1156",10.90566037735849,0.2975778546712803,"FF","4-Seam Fastball",14.8,-14.3,-0.5,"-3",15.3,8.3,-7.7,0.6,"8",0.42401960784313725,0.5612745098039216
"2026","Myers, Tobias","668964","Mets","NYM","R","92.7","340","710",6.761904761904762,0.4788732394366197,"FF","4-Seam Fastball",11.9,-15.3,3.3,"22",20.1,4.3,-7,-2.7,"-38",0.9877450980392157,0.18627450980392157
"2026","Varland, Louis","686973","Blue Jays","TOR","R","98.6","337","820",7.809523809523809,0.41097560975609754,"FF","4-Seam Fastball",12.1,-13.3,1.2,"9",16.2,7.9,-8.5,-0.6,"-7",0.7818627450980392,0.3897058823529412
"2026","Taillon, Jameson","592791","Cubs","CHC","R","91.8","337","1204",11.576923076923077,0.2799003322259136,"FF","4-Seam Fastball",14,-15.6,1.6,"10",18.5,5.5,-6.9,-1.4,"-20",0.8700980392156863,0.3112745098039216
"2026","Vesia, Alex","681911","Dodgers","LAD","L","91.9","334","645",6.142857142857143,0.517829457364341,"FF","4-Seam Fastball",11,-15.7,4.7,"30",21.5,4.2,-6.9,-2.8,"-40",1,0.1715686274509804
"2026","Bubic, Kris","663460","Royals","KC","L","91.8","334","811",7.650943396226415,0.4118372379778052,"FF","4-Seam Fastball",15.3,-16.3,1,"6",17.2,2.5,-7.5,-5.1,"-67",0.7377450980392157,0.04411764705882353
"2026","Cruz, Steven","674444","Royals","KC","R","98.2","334","577",5.443396226415095,0.5788561525129983,"FF","4-Seam Fastball",13.8,-13.5,-0.3,"-2",14.7,10.7,-8.4,2.3,"27",0.46568627450980393,0.7720588235294118
"2026","Buehler, Walker","621111","Padres","SD","R","94","333","1630",15.523809523809524,0.20429447852760735,"FF","4-Seam Fastball",15,-15.1,0.1,"1",15.9,4.9,-7.8,-2.9,"-38",0.5416666666666666,0.16911764705882354
"2026","Kilian, Caleb","668873","Giants","SF","R","96.8","333","677",6.509615384615385,0.4918759231905465,"FF","4-Seam Fastball",13.5,-13.3,-0.2,"-2",15.7,1.9,-7.3,-5.5,"-75",0.4852941176470588,0.031862745098039214
"2026","Jones, Jared","683003","Pirates","PIT","R","98.5","332","734",6.9904761904761905,0.45231607629427795,"FF","4-Seam Fastball",12.4,-13.4,0.9,"7",15.7,8.9,-8.4,0.4,"5",0.7230392156862745,0.5441176470588235
"2026","De Los Santos, Enyel","660853","Astros","HOU","R","95","330","745",7.028301886792453,0.4429530201342282,"FF","4-Seam Fastball",17,-15.3,-1.7,"-11",13.4,10.8,-8.7,2,"23",0.22058823529411764,0.7279411764705882
"2026","Strider, Spencer","675911","Braves","ATL","R","95.1","329","691",6.644230769230769,0.4761215629522431,"FF","4-Seam Fastball",12.8,-14.2,1.4,"10",17.4,8.9,-7.4,1.5,"20",0.8333333333333334,0.6593137254901961
"2026","Bradish, Kyle","680694","Orioles","BAL","R","94","328","1865",17.761904761904763,0.17587131367292225,"FF","4-Seam Fastball",17.5,-14.2,-3.4,"-24",13.3,1.9,-6.6,-8.6,"-129",0.07352941176470588,0.0024509803921568627
"2026","Williams, Devin","642207","Mets","NYM","R","93.9","327","639",6.085714285714285,0.5117370892018779,"FF","4-Seam Fastball",16,-16.2,0.2,"1",15.2,12.5,-9.2,3.3,"35",0.5661764705882353,0.8970588235294118
"2026","Gómez, Yoendrys","672782","Twins","MIN","R","95.5","326","750",7.0754716981132075,0.43466666666666665,"FF","4-Seam Fastball",13.7,-14.7,1.1,"7",16.4,6.9,-8.6,-1.6,"-19",0.7524509803921569,0.2818627450980392
"2026","Teng, Kai-Wei","678906","Astros","HOU","R","93.3","326","1162",10.962264150943396,0.28055077452667815,"FF","4-Seam Fastball",18.2,-15.7,-2.5,"-16",13.3,10,-8,2,"25",0.12745098039215685,0.7279411764705882
"2026","Ureña, Walbert","700712","Angels","LAA","R","97.5","324","1510",14.380952380952381,0.21456953642384105,"FF","4-Seam Fastball",16.3,-12.5,-3.8,"-31",12.6,8.9,-6.7,2.3,"34",0.058823529411764705,0.7720588235294118
"2026","Sugano, Tomoyuki","608372","Rockies","COL","R","92.3","323","1550",14.622641509433961,0.20838709677419354,"FF","4-Seam Fastball",17.2,-15.6,-1.6,"-10",14.7,5.6,-7.1,-1.5,"-21",0.23284313725490197,0.2916666666666667
"2026","Santillan, Tony","663574","Reds","CIN","R","94.6","321","498",4.834951456310679,0.6445783132530121,"FF","4-Seam Fastball",17,-16.1,-0.9,"-5",13.8,12,-9.3,2.7,"30",0.3382352941176471,0.8382352941176471
"2026","Suárez, Albert","544150","Orioles","BAL","R","93.5","320","600",5.714285714285714,0.5333333333333333,"FF","4-Seam Fastball",14.5,-14.1,-0.4,"-3",16.9,5.3,-6.2,-0.9,"-15",0.4534313725490196,0.3627450980392157
"2026","Festa, Matt","670036","Guardians","CLE","R","92.4","320","716",6.754716981132075,0.44692737430167595,"FF","4-Seam Fastball",20.1,-17.5,-2.7,"-15",11.8,0.9,-9.5,-10.4,"-109",0.1053921568627451,0
"2026","Newcomb, Sean","656794","White Sox","CWS","L","94.6","320","872",8.466019417475728,0.3669724770642202,"FF","4-Seam Fastball",16.1,-14.8,-1.3,"-9",14.6,10.4,-7.9,2.4,"31",0.25980392156862747,0.7941176470588235
"2026","Melton, Troy","675512","Tigers","DET","R","96.3","319","881",8.39047619047619,0.3620885357548241,"FF","4-Seam Fastball",14.5,-13.9,-0.6,"-4",14.9,5.9,-7.9,-2,"-25",0.4019607843137255,0.24019607843137256
"2026","Seymour, Ian","693855","Rays","TB","L","91.6","318","1204",11.576923076923077,0.26411960132890366,"FF","4-Seam Fastball",15.2,-16.3,1.1,"7",17.5,6.4,-7.5,-1.1,"-15",0.7524509803921569,0.33578431372549017
"2026","Varland, Gus","681402","Nationals","WSH","R","95.1","318","549",5.228571428571429,0.5792349726775956,"FF","4-Seam Fastball",11.9,-15.2,3.3,"22",18.4,9.3,-8.8,0.5,"6",0.9877450980392157,0.5563725490196079
"2026","Suarez, Ranger","624133","Red Sox","BOS","L","91.7","317","1446",14.03883495145631,0.21922544951590595,"FF","4-Seam Fastball",20.3,-16,-4.3,"-27",12,4.4,-7.2,-2.8,"-38",0.024509803921568627,0.1715686274509804
"2026","Patrick, Chad","694477","Brewers","MIL","R","95.3","317","1239",11.913461538461538,0.25585149313962874,"FF","4-Seam Fastball",14.7,-15,0.2,"1",15.4,7.6,-8.3,-0.8,"-9",0.5661764705882353,0.375
"2026","Bednar, David","670280","Yankees","NYY","R","96.1","317","758",7.288461538461538,0.4182058047493404,"FF","4-Seam Fastball",11.8,-13.6,1.9,"14",18.1,9,-7.3,1.7,"23",0.9019607843137255,0.7009803921568627
"2026","Griffin, Foster","656492","Nationals","WSH","L","91.4","317","1976",18.81904761904762,0.1604251012145749,"FF","4-Seam Fastball",16.5,-16.2,-0.3,"-2",16.2,4.5,-7.2,-2.7,"-38",0.46568627450980393,0.18627450980392157
"2026","Feltner, Ryan","663372","Rockies","COL","R","94.9","315","1157",10.915094339622641,0.2722558340535869,"FF","4-Seam Fastball",17.5,-14.9,-2.7,"-18",12.4,3.7,-8.1,-4.4,"-54",0.1053921568627451,0.061274509803921566
"2026","Burke, Brock","656271","Reds","CIN","L","96.2","314","782",7.592233009708738,0.40153452685422,"FF","4-Seam Fastball",14.2,-12.8,-1.4,"-11",15.4,8.8,-6.4,2.4,"38",0.25245098039215685,0.7941176470588235
"2026","Farris, Mitch","815083","Angels","LAA","L","91.8","312","666",6.3428571428571425,0.46846846846846846,"FF","4-Seam Fastball",15.2,-15.4,0.2,"1",17.4,9.2,-6.7,2.5,"37",0.5661764705882353,0.8112745098039216
"2026","Morillo, Juan","666661","D-backs","AZ","R","98.7","311","662",6.304761904761905,0.4697885196374622,"FF","4-Seam Fastball",11.8,-12.9,1.1,"8",16.3,4.9,-7.9,-3,"-38",0.7524509803921569,0.16176470588235295
"2026","Márquez, Germán","608566","Padres","SD","R","94.7","310","820",7.809523809523809,0.3780487804878049,"FF","4-Seam Fastball",16,-15.1,-0.9,"-6",14.8,12.7,-8.8,3.9,"44",0.3382352941176471,0.9240196078431373
"2026","Baker, Bryan","641329","Rays","TB","R","97","310","608",5.846153846153846,0.5098684210526315,"FF","4-Seam Fastball",10,-12.1,2.1,"18",19.3,4,-5.8,-1.8,"-32",0.9117647058823529,0.2549019607843137
"2026","Senzatela, Antonio","622608","Rockies","COL","R","97.3","309","781",7.367924528301887,0.39564660691421255,"FF","4-Seam Fastball",15.5,-13.3,-2.1,"-16",13.2,5.4,-7.6,-2.2,"-28",0.15441176470588236,0.22794117647058823
"2026","Graceffo, Gordon","700669","Cardinals","STL","R","95.5","308","762",7.326923076923077,0.4041994750656168,"FF","4-Seam Fastball",14.7,-13.9,-0.9,"-6",15.3,7,-7.3,-0.3,"-4",0.3382352941176471,0.4411764705882353
"2026","Abreu, Bryan","650556","Astros","HOU","R","95.2","306","666",6.283018867924528,0.4594594594594595,"FF","4-Seam Fastball",14,-14.6,0.6,"4",16.4,6.2,-8,-1.8,"-23",0.6593137254901961,0.2549019607843137
"2026","Dreyer, Jack","676263","Dodgers","LAD","L","93.9","303","646",6.152380952380953,0.46904024767801855,"FF","4-Seam Fastball",11.4,-14.6,3.2,"22",19.8,6.3,-7.1,-0.8,"-12",0.9852941176470589,0.375
"2026","Miller, Mason","695243","Padres","SD","R","101.3","302","682",6.495238095238095,0.44281524926686217,"FF","4-Seam Fastball",10,-10.5,0.4,"4",16.7,5.9,-7,-1.1,"-16",0.6127450980392157,0.33578431372549017
"2026","Lugo, Seth","607625","Royals","KC","R","91.6","301","1883",17.764150943396228,0.15985130111524162,"FF","4-Seam Fastball",16.9,-16.8,-0.2,"-1",15.7,8.7,-8.1,0.6,"8",0.4852941176470588,0.5612745098039216
"2026","Fairbanks, Pete","664126","Marlins","MIA","R","97.3","299","584",5.561904761904762,0.511986301369863,"FF","4-Seam Fastball",10.9,-11.5,0.6,"5",18,1.8,-5.3,-3.5,"-65",0.6593137254901961,0.11764705882352941
"2026","Weaver, Luke","596133","Mets","NYM","R","95.3","298","596",5.6761904761904765,0.5,"FF","4-Seam Fastball",11.1,-14.8,3.7,"25",19.2,6.5,-8.2,-1.8,"-21",0.9975490196078431,0.2549019607843137
"2026","Ginkel, Kevin","656464","D-backs","AZ","R","95.4","297","669",6.371428571428571,0.4439461883408072,"FF","4-Seam Fastball",14.6,-13,-1.6,"-12",15.6,8.7,-5.9,2.7,"46",0.23284313725490197,0.8382352941176471
"2026","Avila, Luinder","679883","Royals","KC","R","96.1","294","1144",10.79245283018868,0.256993006993007,"FF","4-Seam Fastball",14.7,-13.1,-1.6,"-12",14.7,0.7,-6.7,-5.9,"-89",0.23284313725490197,0.0196078431372549
"2026","Lodolo, Nick","666157","Reds","CIN","L","94","292","1087",10.553398058252426,0.2686292548298068,"FF","4-Seam Fastball",22.8,-15.9,-7,"-44",8.4,16.9,-8.6,8.3,"96",0.0024509803921568627,1
"2026","Senga, Kodai","673540","Mets","NYM","R","96.2","292","786",7.485714285714286,0.37150127226463103,"FF","4-Seam Fastball",13.3,-13.6,0.3,"2",16.3,6.4,-7.3,-0.9,"-12",0.5857843137254902,0.3627450980392157
"2026","Zeferjahn, Ryan","666171","Angels","LAA","R","97.4","288","886",8.438095238095238,0.32505643340857787,"FF","4-Seam Fastball",12.7,-13.3,0.5,"4",16.2,3.2,-7.8,-4.6,"-59",0.6372549019607843,0.05392156862745098
"2026","Aldegheri, Sam","691951","Angels","LAA","L","92.1","288","610",5.809523809523809,0.4721311475409836,"FF","4-Seam Fastball",16.5,-15.6,-0.9,"-6",16,5.5,-7,-1.6,"-22",0.3382352941176471,0.2818627450980392
"2026","Vodnik, Victor","680767","Rockies","COL","R","98.6","288","562",5.30188679245283,0.5124555160142349,"FF","4-Seam Fastball",15.5,-13.4,-2.2,"-16",12.4,5.1,-8.5,-3.4,"-40",0.15196078431372548,0.125
"2026","Sterner, Justin","686993","Athletics","ATH","R","93.5","287","726",6.980769230769231,0.3953168044077135,"FF","4-Seam Fastball",14,-15.7,1.8,"11",17.5,8,-8.2,-0.2,"-3",0.8848039215686274,0.4534313725490196
"2026","Lowder, Rhett","695076","Reds","CIN","R","93.3","287","1324",12.854368932038835,0.21676737160120846,"FF","4-Seam Fastball",18.1,-15.4,-2.8,"-18",13.4,10.7,-7.6,3.1,"41",0.10049019607843138,0.8799019607843137
"2026","Scott, Tanner","656945","Dodgers","LAD","L","96.8","286","606",5.771428571428571,0.47194719471947194,"FF","4-Seam Fastball",12.8,-15.1,2.3,"15",16.4,6.7,-9.4,-2.6,"-28",0.928921568627451,0.19117647058823528
"2026","Canning, Griffin","656288","Padres","SD","R","94.4","285","1108",10.552380952380952,0.2572202166064982,"FF","4-Seam Fastball",15.4,-15.4,-0.1,"0",15.3,9.3,-8.2,1,"12",0.49264705882352944,0.6151960784313726
"2026","Brown, Hunter","686613","Astros","HOU","R","96.1","284","822",7.754716981132075,0.34549878345498786,"FF","4-Seam Fastball",12.9,-13.2,0.2,"2",16.8,7.2,-6.8,0.4,"6",0.5661764705882353,0.5441176470588235
"2026","Alvarado, Elvis","665660","Athletics","ATH","R","98.9","283","519",4.990384615384615,0.5452793834296724,"FF","4-Seam Fastball",13.5,-13.7,0.1,"1",14.6,12.7,-8.9,3.9,"44",0.5416666666666666,0.9240196078431373
"2026","Woodruff, Brandon","605540","Brewers","MIL","R","91.8","281","639",6.144230769230769,0.4397496087636933,"FF","4-Seam Fastball",14.6,-15.8,1.3,"8",18,4.5,-7.1,-2.6,"-37",0.8088235294117647,0.19117647058823528
"2026","Hurt, Kyle","669165","Dodgers","LAD","R","96.4","280","512",4.876190476190477,0.546875,"FF","4-Seam Fastball",12.6,-13.9,1.3,"9",16.8,8.8,-7.9,0.9,"12",0.8088235294117647,0.6029411764705882
"2026","Dollander, Chase","801403","Rockies","COL","R","98.9","280","743",7.009433962264151,0.3768506056527591,"FF","4-Seam Fastball",15.1,-14.1,-1,"-7",13,11.6,-9.1,2.5,"27",0.3161764705882353,0.8112745098039216
"2026","Gray, Sonny","543243","Red Sox","BOS","R","91.7","279","1558",15.12621359223301,0.1790757381258023,"FF","4-Seam Fastball",20.7,-16.5,-4.2,"-25",11.4,0.6,-7.8,-8.3,"-108",0.03431372549019608,0.004901960784313725
"2026","Legumina, Casey","668984","Rays","TB","R","93.4","278","677",6.509615384615385,0.41063515509601184,"FF","4-Seam Fastball",17.5,-18.1,0.7,"4",14.1,14.1,-11.8,2.3,"20",0.6813725490196079,0.7720588235294118
"2026","Bachar, Lake","669199","Marlins","MIA","R","94.7","274","893",8.504761904761905,0.3068309070548712,"FF","4-Seam Fastball",11.9,-14.7,2.8,"19",18.8,9.3,-7.7,1.6,"21",0.9656862745098039,0.6715686274509803
"2026","Phillips, Connor","683175","Reds","CIN","R","98.3","267","546",5.300970873786408,0.489010989010989,"FF","4-Seam Fastball",12.2,-13.3,1.2,"9",16.4,10.1,-8.1,2,"24",0.7818627450980392,0.7279411764705882
"2026","Bennett, Jake","687562","Red Sox","BOS","L","92.9","267","803",7.796116504854369,0.33250311332503113,"FF","4-Seam Fastball",19.8,-15.7,-4.1,"-26",11.9,11.7,-7.7,4,"52",0.04411764705882353,0.9362745098039216
"2026","Yates, Kirby","489446","Angels","LAA","R","90.8","266","412",3.9238095238095236,0.6456310679611651,"FF","4-Seam Fastball",19.9,-18,-2,"-11",13.5,14.6,-9,5.6,"62",0.17647058823529413,0.9803921568627451
"2026","Silseth, Chase","681217","Angels","LAA","R","96","265","697",6.6380952380952385,0.3802008608321377,"FF","4-Seam Fastball",13.6,-14.3,0.7,"5",16.2,7,-7.9,-0.9,"-12",0.6813725490196079,0.3627450980392157
"2026","Natera Jr., Samy","696519","Angels","LAA","L","94.6","263","329",3.1333333333333333,0.7993920972644377,"FF","4-Seam Fastball",11.2,-14.1,2.9,"20",19.6,5.3,-7.1,-1.7,"-25",0.9779411764705882,0.2696078431372549
"2026","Alvarez, Andrew","674841","Nationals","WSH","L","92.4","263","929",8.847619047619048,0.2831001076426265,"FF","4-Seam Fastball",18.5,-14.8,-3.8,"-25",13.3,2.6,-6.4,-3.7,"-59",0.058823529411764705,0.09803921568627451
"2026","Beeter, Clayton","690925","Nationals","WSH","R","95.6","261","507",4.828571428571428,0.514792899408284,"FF","4-Seam Fastball",12.2,-14.2,2,"14",17.6,3.5,-7.7,-4.2,"-54",0.9093137254901961,0.07352941176470588
"2026","Irvin, Jake","663623","Nationals","WSH","R","92.9","261","949",9.038095238095238,0.27502634351949423,"FF","4-Seam Fastball",17.2,-16.6,-0.7,"-4",14.5,8.4,-8.6,-0.1,"-2",0.3897058823529412,0.4730392156862745
"2026","Agnos, Zach","688642","Rockies","COL","R","94.5","261","1024",9.660377358490566,0.2548828125,"FF","4-Seam Fastball",16,-14.8,-1.3,"-9",14.4,7,-7.6,-0.6,"-8",0.25980392156862747,0.3897058823529412
"2026","Hoffman, Jeff","656546","Blue Jays","TOR","R","96.6","259","833",7.933333333333334,0.31092436974789917,"FF","4-Seam Fastball",13.2,-13.9,0.7,"5",16.4,13.7,-8,5.6,"70",0.6813725490196079,0.9803921568627451
"2026","Domínguez, Seranthony","622554","White Sox","CWS","R","97.2","257","665",6.456310679611651,0.38646616541353385,"FF","4-Seam Fastball",14.8,-13.9,-0.9,"-6",14.1,5.5,-8.3,-2.8,"-34",0.3382352941176471,0.1715686274509804
"2026","Anderson, Grant","681982","Brewers","MIL","R","93.4","257","678",6.519230769230769,0.37905604719764013,"FF","4-Seam Fastball",18.8,-18.3,-0.5,"-3",12.5,11.2,-11.6,-0.5,"-4",0.42401960784313725,0.41421568627450983
"2026","Suter, Brent","608718","Angels","LAA","L","87.4","255","1023",9.742857142857142,0.24926686217008798,"FF","4-Seam Fastball",20.6,-19.3,-1.3,"-6",15.3,0.9,-4.5,-5.5,"-121",0.25980392156862747,0.031862745098039214
"2026","Bowlan, Jonathan","680742","Phillies","PHI","R","97.3","255","585",5.571428571428571,0.4358974358974359,"FF","4-Seam Fastball",10.7,-12.4,1.7,"13",18.2,8,-6.4,1.6,"24",0.8774509803921569,0.6715686274509803
"2026","Seabold, Connor","657756","Royals","KC","R","93.6","252","476",4.490566037735849,0.5294117647058824,"FF","4-Seam Fastball",15,-16,1,"6",16.3,10,-8.4,1.6,"19",0.7377450980392157,0.6715686274509803
"2026","Rolison, Ryan","669020","Cubs","CHC","L","94.6","252","584",5.615384615384615,0.4315068493150685,"FF","4-Seam Fastball",15.8,-14.4,-1.5,"-10",14.5,2.4,-7.3,-4.9,"-68",0.2426470588235294,0.051470588235294115
"2026","Medina, Luis","665622","Athletics","ATH","R","97.5","250","818",7.865384615384615,0.3056234718826406,"FF","4-Seam Fastball",13.3,-13,-0.3,"-2",15.5,7.2,-7.3,-0.1,"-1",0.46568627450980393,0.4730392156862745
"2026","Houser, Adrian","605288","Giants","SF","R","95.5","246","1347",12.951923076923077,0.18262806236080179,"FF","4-Seam Fastball",15.3,-13.9,-1.4,"-10",14.7,8.8,-7.3,1.4,"20",0.25245098039215685,0.6495098039215687
"2026","Henderson, Logan","701656","Brewers","MIL","R","93","245","583",5.605769230769231,0.4202401372212693,"FF","4-Seam Fastball",14,-16.6,2.6,"16",17.7,11.4,-8.8,2.7,"30",0.9558823529411765,0.8382352941176471
"2026","Eovaldi, Nathan","543135","Rangers","TEX","R","94.6","245","1827",17.567307692307693,0.13409961685823754,"FF","4-Seam Fastball",17.3,-14.8,-2.6,"-17",13.4,11.8,-7.9,3.9,"50",0.11519607843137254,0.9240196078431373
"2026","Kochanowicz, Jack","686799","Angels","LAA","R","96.2","245","1106",10.533333333333333,0.22151898734177214,"FF","4-Seam Fastball",15.9,-13.2,-2.7,"-21",13.8,6.8,-6.7,0,"0",0.1053921568627451,0.49019607843137253
"2026","Davis, Tyler","699823","White Sox","CWS","R","96.2","243","394",3.825242718446602,0.616751269035533,"FF","4-Seam Fastball",10.9,-13.5,2.7,"20",18.7,7.6,-7.4,0.2,"3",0.9607843137254902,0.5073529411764706
"2026","Schultz, Noah","702273","White Sox","CWS","L","95.2","242","985",9.563106796116505,0.24568527918781727,"FF","4-Seam Fastball",18.7,-14.4,-4.3,"-30",11.4,10.9,-7.7,3.2,"42",0.024509803921568627,0.8872549019607843
"2026","Morán, Jovani","663558","Red Sox","BOS","L","92.4","242","644",6.252427184466019,0.37577639751552794,"FF","4-Seam Fastball",15.3,-15.7,0.4,"3",16.8,3.1,-7.3,-4.2,"-57",0.6127450980392157,0.07352941176470588
"2026","Cruz, Fernando","518585","Yankees","NYY","R","93.2","240","749",7.201923076923077,0.3204272363150868,"FF","4-Seam Fastball",14.4,-15,0.6,"4",17.2,5.6,-7.1,-1.6,"-22",0.6593137254901961,0.2818627450980392
"2026","Gray, Peyton","682608","Rangers","TEX","R","92.8","240","628",6.038461538461538,0.3821656050955414,"FF","4-Seam Fastball",15.6,-15.9,0.4,"2",16.4,12,-7.8,4.2,"54",0.6127450980392157,0.9411764705882353
"2026","Gasser, Robert","688107","Brewers","MIL","L","92.5","238","944",9.076923076923077,0.2521186440677966,"FF","4-Seam Fastball",17.7,-17.2,-0.6,"-3",14.1,7.9,-9,-1.1,"-13",0.4019607843137255,0.33578431372549017
"2026","Kolek, Stephen","663568","Royals","KC","R","94.2","237","837",7.89622641509434,0.2831541218637993,"FF","4-Seam Fastball",17.5,-15.3,-2.1,"-14",13.2,6.4,-8.2,-1.7,"-21",0.15441176470588236,0.2696078431372549
"2026","Matsui, Yuki","673513","Padres","SD","L","91.9","235","623",5.933333333333334,0.37720706260032105,"FF","4-Seam Fastball",13.3,-15.7,2.4,"15",19.3,4.7,-6.9,-2.2,"-32",0.9411764705882353,0.22794117647058823
"2026","Halvorsen, Seth","678020","Rockies","COL","R","98.8","235","375",3.5377358490566038,0.6266666666666667,"FF","4-Seam Fastball",13.6,-11.8,-1.8,"-16",14.3,8.7,-6.9,1.8,"26",0.19852941176470587,0.7156862745098039
"2026","Pfaadt, Brandon","694297","D-backs","AZ","R","93.2","234","1016",9.676190476190476,0.23031496062992127,"FF","4-Seam Fastball",16.8,-15.6,-1.3,"-8",14.5,6.1,-7.8,-1.7,"-22",0.25980392156862747,0.2696078431372549
"2026","Pallette, Peyton","688883","Guardians","CLE","R","95.4","231","442",4.169811320754717,0.5226244343891403,"FF","4-Seam Fastball",14.1,-14.6,0.5,"3",16.3,12,-8.3,3.7,"45",0.6372549019607843,0.9142156862745098
"2026","Eisert, Brandon","685126","Pirates","PIT","L","90","231","599",5.704761904761905,0.38564273789649417,"FF","4-Seam Fastball",18.7,-19.9,1.2,"6",15.1,7.4,-10,-2.6,"-26",0.7818627450980392,0.19117647058823528
"2026","Kerkering, Orion","689147","Phillies","PHI","R","97.5","230","706",6.723809523809524,0.32577903682719545,"FF","4-Seam Fastball",12.8,-13.1,0.3,"2",16,11.6,-7.4,4.2,"56",0.5857843137254902,0.9411764705882353
"2026","Severino, Luis","622663","Athletics","ATH","R","96.9","230","1086",10.442307692307692,0.21178637200736647,"FF","4-Seam Fastball",13.1,-13.3,0.2,"2",16.2,7.7,-7.4,0.2,"3",0.5661764705882353,0.5073529411764706
"2026","Giolito, Lucas","608337","Padres","SD","R","90.8","229","551",5.247619047619048,0.41560798548094374,"FF","4-Seam Fastball",15.4,-15.7,0.2,"1",17.8,6.6,-6.3,0.3,"4",0.5661764705882353,0.5196078431372549
"2026","Muñoz, Andrés","662253","Mariners","SEA","R","99.3","227","610",5.809523809523809,0.3721311475409836,"FF","4-Seam Fastball",14.1,-13.1,-1,"-7",13.6,7.8,-8.4,-0.6,"-7",0.3161764705882353,0.3897058823529412
"2026","Wells, Tyler","669330","Orioles","BAL","R","93.5","226","772",7.352380952380952,0.2927461139896373,"FF","4-Seam Fastball",12.8,-13.2,0.4,"3",18.6,3.1,-5,-2,"-39",0.6127450980392157,0.24019607843137256
"2026","Parker, Mitchell","680730","Nationals","WSH","L","93.6","225","663",6.314285714285714,0.3393665158371041,"FF","4-Seam Fastball",13.2,-14.1,0.9,"6",18,5.4,-6.3,-0.9,"-14",0.7230392156862745,0.3627450980392157
"2026","Strahm, Matt","621381","Royals","KC","L","91.2","224","597",5.632075471698113,0.37520938023450584,"FF","4-Seam Fastball",16.1,-17.5,1.4,"8",16.9,13.1,-8.4,4.7,"56",0.8333333333333334,0.9656862745098039
"2026","Suarez, Robert","663158","Braves","ATL","R","98.8","221","466",4.480769230769231,0.4742489270386266,"FF","4-Seam Fastball",10.9,-11.8,0.9,"7",17.2,5.7,-6.8,-1.1,"-17",0.7230392156862745,0.33578431372549017
"2026","Thielbar, Caleb","573204","Cubs","CHC","L","93.2","221","547",5.259615384615385,0.4040219378427788,"FF","4-Seam Fastball",12.6,-14.9,2.3,"15",18.9,4.5,-6.9,-2.5,"-36",0.928921568627451,0.2034313725490196
"2026","Ginn, J.T.","669372","Athletics","ATH","R","93.6","221","1728",16.615384615384617,0.12789351851851852,"FF","4-Seam Fastball",19.7,-15.3,-4.4,"-29",11.4,4.6,-7.7,-3.1,"-41",0.0196078431372549,0.14950980392156862
"2026","Jax, Griffin","643377","Rays","TB","R","96.2","220","1227",11.798076923076923,0.17929910350448247,"FF","4-Seam Fastball",12,-14.4,2.4,"16",17.7,7.8,-8.4,-0.6,"-7",0.9411764705882353,0.3897058823529412
"2026","Ramírez, Yohan","670990","Pirates","PIT","R","96.6","220","906",8.628571428571428,0.24282560706401765,"FF","4-Seam Fastball",16.4,-15.1,-1.3,"-8",13,10.8,-9.9,0.9,"10",0.25980392156862747,0.6029411764705882
"2026","De Jesus, Enmanuel","646241","Tigers","DET","L","94.1","219","509",4.847619047619047,0.4302554027504912,"FF","4-Seam Fastball",13.7,-14.9,1.1,"8",17.3,9.6,-7.5,2.1,"28",0.7524509803921569,0.75
"2026","Akin, Keegan","669211","Orioles","BAL","L","93.7","219","443",4.219047619047619,0.49435665914221216,"FF","4-Seam Fastball",14.1,-15.2,1.1,"7",17.2,10.5,-8,2.5,"31",0.7524509803921569,0.8112745098039216
"2026","Iglesias, Raisel","628452","Braves","ATL","R","94.5","217","536",5.153846153846154,0.4048507462686567,"FF","4-Seam Fastball",15.8,-15.7,-0.1,"-1",14.8,8.8,-8.8,0,"0",0.49264705882352944,0.49019607843137253
"2026","Garcia, Rico","670329","Orioles","BAL","R","95.3","216","646",6.152380952380953,0.33436532507739936,"FF","4-Seam Fastball",12.5,-14.4,1.8,"13",17.7,12,-7.7,4.3,"55",0.8848039215686274,0.9485294117647058
"2026","Santana, Dennis","642701","Pirates","PIT","R","94.1","214","706",6.723809523809524,0.3031161473087819,"FF","4-Seam Fastball",15.9,-15.3,-0.5,"-4",15.2,11.9,-8.1,3.8,"47",0.42401960784313725,0.9166666666666666
"2026","Vest, Will","676684","Tigers","DET","R","95.8","214","484",4.609523809523809,0.44214876033057854,"FF","4-Seam Fastball",13,-14.2,1.1,"8",16.8,5.8,-7.8,-2,"-26",0.7524509803921569,0.24019607843137256
"2026","Okert, Steven","595345","Astros","HOU","L","91.4","211","786",7.415094339622642,0.2684478371501272,"FF","4-Seam Fastball",16.9,-16.1,-0.8,"-5",16,7.4,-7.1,0.3,"5",0.3627450980392157,0.5196078431372549
"2026","Webb, Logan","657277","Giants","SF","R","92.4","211","1693",16.278846153846153,0.12463083284111046,"FF","4-Seam Fastball",21.9,-17.6,-4.2,"-24",9.9,7.7,-9.6,-1.8,"-19",0.03431372549019608,0.2549019607843137
"2026","Erceg, Lucas","668674","Royals","KC","R","97.1","211","711",6.7075471698113205,0.2967651195499297,"FF","4-Seam Fastball",14.7,-13.1,-1.7,"-13",14.3,10.6,-7.2,3.4,"46",0.22058823529411764,0.9019607843137255
"2026","Henriquez, Edgardo","683618","Dodgers","LAD","R","100.6","210","646",6.152380952380953,0.32507739938080493,"FF","4-Seam Fastball",11.6,-11.3,-0.3,"-3",15.4,8.9,-7.3,1.6,"21",0.46568627450980393,0.6715686274509803
"2026","Pagán, Emilio","641941","Reds","CIN","R","94.6","209","348",3.378640776699029,0.6005747126436781,"FF","4-Seam Fastball",12.5,-14.9,2.4,"16",18.2,8.2,-8.2,0,"0",0.9411764705882353,0.49019607843137253
"2026","Beeks, Jalen","656222","Rangers","TEX","L","93.4","207","407",3.9134615384615383,0.5085995085995086,"FF","4-Seam Fastball",15.7,-15,-0.7,"-5",15.7,6.9,-7.2,-0.3,"-4",0.3897058823529412,0.4411764705882353
"2026","Lee, Dylan","669276","Braves","ATL","L","93.2","205","705",6.778846153846154,0.2907801418439716,"FF","4-Seam Fastball",11.5,-14.3,2.8,"19",20,7.3,-6.2,1.1,"17",0.9656862745098039,0.6274509803921569
"2026","Quintana, Jose","500779","Rockies","COL","L","89.7","204","687",6.481132075471698,0.29694323144104806,"FF","4-Seam Fastball",19.3,-17.3,-2,"-12",14.6,3.8,-7.1,-3.4,"-47",0.17647058823529413,0.125
"2026","Paredes, Mike","702474","Twins","MIN","R","93","204","551",5.19811320754717,0.3702359346642468,"FF","4-Seam Fastball",16.8,-16.2,-0.6,"-4",14.7,4.7,-8.3,-3.6,"-44",0.4019607843137255,0.11029411764705882
"2026","Cabrera, Edward","665795","Cubs","CHC","R","96.1","203","1203",11.567307692307692,0.16874480465502908,"FF","4-Seam Fastball",16.1,-13.7,-2.4,"-17",13.5,12,-7.5,4.5,"60",0.13480392156862744,0.9534313725490197
"2026","Scherzer, Max","453286","Blue Jays","TOR","R","93.1","200","425",4.0476190476190474,0.47058823529411764,"FF","4-Seam Fastball",15.1,-15.6,0.4,"3",16.7,8.6,-7.6,1,"13",0.6127450980392157,0.6151960784313726
"2026","Chapman, Aroldis","547973","Red Sox","BOS","L","96.9","197","547",5.310679611650485,0.360146252285192,"FF","4-Seam Fastball",11.2,-12.6,1.4,"11",17.9,1.6,-6.6,-5,"-75",0.8333333333333334,0.049019607843137254
"2026","Soriano, George","666277","Cardinals","STL","R","96.5","196","696",6.6923076923076925,0.28160919540229884,"FF","4-Seam Fastball",16.7,-14.1,-2.6,"-19",12.6,8.5,-8.2,0.3,"3",0.11519607843137254,0.5196078431372549
"2026","Weiss, Ryan","680802","Astros","HOU","R","95.2","196","530",5,0.36981132075471695,"FF","4-Seam Fastball",13.2,-14.2,1,"7",17.2,6.1,-7.5,-1.3,"-18",0.7377450980392157,0.32598039215686275
"2026","Schultz, Paxton","687606","Nationals","WSH","R","93.6","195","561",5.3428571428571425,0.34759358288770054,"FF","4-Seam Fastball",15.2,-15.2,0,"0",16,8.2,-7.5,0.7,"9",0.5245098039215687,0.5759803921568627
"2026","Rojas, Kendry","696070","Twins","MIN","L","96","195","445",4.19811320754717,0.43820224719101125,"FF","4-Seam Fastball",13.7,-13.6,-0.1,"0",16,6.4,-7.3,-0.9,"-12",0.49264705882352944,0.3627450980392157
"2026","Nunez, Anthony","689296","Orioles","BAL","R","96","194","684",6.514285714285714,0.28362573099415206,"FF","4-Seam Fastball",12.6,-14,1.3,"10",17.1,4.5,-7.7,-3.2,"-42",0.8088235294117647,0.14215686274509803
"2026","Assad, Javier","665871","Cubs","CHC","R","93.2","192","1023",9.836538461538462,0.187683284457478,"FF","4-Seam Fastball",15.3,-15.1,-0.1,"-1",16.2,5.3,-7.3,-2,"-28",0.49264705882352944,0.24019607843137256
"2026","Kikuchi, Yusei","579328","Angels","LAA","L","95.5","192","567",5.4,0.3386243386243386,"FF","4-Seam Fastball",13.4,-14.2,0.7,"5",16.8,6.7,-7.7,-1,"-13",0.6813725490196079,0.35294117647058826
"2026","Bieber, Shane","669456","Blue Jays","TOR","R","92.3","191","519",4.942857142857143,0.36801541425818884,"FF","4-Seam Fastball",15.1,-16,1,"6",17.2,10.9,-7.6,3.3,"43",0.7377450980392157,0.8970588235294118
"2026","Greene, Hunter","668881","Reds","CIN","R","98.4","190","365",3.5436893203883497,0.5205479452054794,"FF","4-Seam Fastball",11.9,-12.2,0.3,"2",16.4,6.9,-7,-0.1,"-2",0.5857843137254902,0.4730392156862745
"2026","Sullivan, Sean","807743","Rockies","COL","L","87.7","189","412",3.8867924528301887,0.4587378640776699,"FF","4-Seam Fastball",21.8,-20.7,-1.1,"-5",13.5,10.3,-7.8,2.5,"33",0.30392156862745096,0.8112745098039216
"2026","Poulin, PJ","676571","Nationals","WSH","L","90.1","189","635",6.0476190476190474,0.29763779527559053,"FF","4-Seam Fastball",25.1,-21.7,-3.4,"-16",8.6,14.7,-11.8,2.9,"25",0.07352941176470588,0.8529411764705882
"2026","Armstrong, Shawn","542888","Guardians","CLE","R","93.5","189","597",5.632075471698113,0.3165829145728643,"FF","4-Seam Fastball",16.3,-15.1,-1.2,"-8",14.9,5.9,-7.4,-1.5,"-20",0.29411764705882354,0.2916666666666667
"2026","Rocker, Kumar","677958","Rangers","TEX","R","94.4","187","1598",15.365384615384615,0.11702127659574468,"FF","4-Seam Fastball",18.7,-14.7,-4,"-27",12,10,-7.6,2.4,"31",0.051470588235294115,0.7941176470588235
"2026","Martinez, Nick","607259","Rays","TB","R","92.8","187","1646",15.826923076923077,0.11360874848116646,"FF","4-Seam Fastball",14.9,-15.4,0.5,"3",17,5.8,-7.2,-1.3,"-18",0.6372549019607843,0.32598039215686275
"2026","Weissert, Greg","669711","Red Sox","BOS","R","93.9","186","648",6.29126213592233,0.28703703703703703,"FF","4-Seam Fastball",19.6,-17.2,-2.4,"-14",11.5,9.3,-9.9,-0.6,"-6",0.13480392156862744,0.3897058823529412
"2026","Estrada, Jeremiah","669093","Padres","SD","R","95.8","186","322",3.066666666666667,0.577639751552795,"FF","4-Seam Fastball",10.1,-13.7,3.5,"26",19.8,1.5,-7.4,-5.9,"-80",0.9950980392156863,0.0196078431372549
"2026","Barnett, Mason","686930","Athletics","ATH","R","95","185","438",4.211538461538462,0.4223744292237443,"FF","4-Seam Fastball",16,-14.2,-1.8,"-13",14.2,0.3,-7.3,-7,"-96",0.19852941176470587,0.007352941176470588
"2026","Johnson, Pierce","572955","Reds","CIN","R","95.3","184","505",4.902912621359223,0.36435643564356435,"FF","4-Seam Fastball",14.3,-14.4,0,"0",16,10,-7.9,2,"26",0.5245098039215687,0.7279411764705882
"2026","Schreiber, John","670167","Royals","KC","R","93.7","183","656",6.188679245283019,0.27896341463414637,"FF","4-Seam Fastball",21.1,-18,-3,"-17",10,10.9,-11.3,-0.5,"-4",0.08823529411764706,0.41421568627450983
"2026","Dotel, Wilber","696062","Pirates","PIT","R","98.1","182","382",3.638095238095238,0.47643979057591623,"FF","4-Seam Fastball",12.1,-12.8,0.7,"5",16.4,9.6,-7.6,2,"27",0.6813725490196079,0.7279411764705882
"2026","Nardi, Andrew","677053","Marlins","MIA","L","94.6","181","378",3.6,0.47883597883597884,"FF","4-Seam Fastball",13.6,-14.7,1.1,"8",17.3,7.2,-7.8,-0.6,"-8",0.7524509803921569,0.3897058823529412
"2026","Miles, Spencer","693686","Blue Jays","TOR","R","96","180","1066",10.152380952380952,0.16885553470919323,"FF","4-Seam Fastball",14.8,-13.7,-1.2,"-9",15,8.3,-7.4,0.9,"12",0.29411764705882354,0.6029411764705882
"2026","Bidois, Brandan","684049","Pirates","PIT","R","96.9","178","325",3.0952380952380953,0.5476923076923077,"FF","4-Seam Fastball",9.8,-12.8,3,"23",19.3,3.5,-6.8,-3.3,"-48",0.9828431372549019,0.13725490196078433
"2026","Orze, Eric","679358","Twins","MIN","R","92.8","177","677",6.386792452830188,0.2614475627769572,"FF","4-Seam Fastball",14,-15.5,1.5,"10",18,9.6,-7.4,2.2,"30",0.8602941176470589,0.7622549019607843
"2026","Gaddis, Hunter","683769","Guardians","CLE","R","95.1","175","571",5.386792452830188,0.3064798598949212,"FF","4-Seam Fastball",13.6,-13.6,-0.1,"0",16.7,6.5,-6.6,-0.2,"-3",0.49264705882352944,0.4534313725490196
"2026","Crochet, Garrett","676979","Red Sox","BOS","L","95.8","174","518",5.029126213592233,0.3359073359073359,"FF","4-Seam Fastball",13.5,-13.4,-0.1,"-1",16.4,8.2,-7,1.2,"18",0.49264705882352944,0.6397058823529411
"2026","Gage, Matt","657424","Giants","SF","L","92.2","174","526",5.0576923076923075,0.33079847908745247,"FF","4-Seam Fastball",16.3,-14.8,-1.5,"-10",15.8,2,-6.1,-4.1,"-67",0.2426470588235294,0.08088235294117647
"2026","Glasnow, Tyler","607192","Dodgers","LAD","R","95.3","174","599",5.704761904761905,0.2904841402337229,"FF","4-Seam Fastball",14,-13.5,-0.5,"-4",15.9,0.5,-6.2,-5.7,"-91",0.42401960784313725,0.02696078431372549
"2026","Javier, Cristian","664299","Astros","HOU","R","93","171","325",3.0660377358490565,0.5261538461538462,"FF","4-Seam Fastball",14.6,-16,1.5,"9",17.1,5.3,-8.1,-2.8,"-35",0.8602941176470589,0.1715686274509804
"2026","Watson, Ryan","670245","Red Sox","BOS","R","94.1","170","846",8.21359223300971,0.20094562647754138,"FF","4-Seam Fastball",15.2,-15.1,-0.1,"-1",15.6,7.1,-8.1,-1,"-13",0.49264705882352944,0.35294117647058826
"2026","Fried, Max","608331","Yankees","NYY","L","94.9","170","974",9.365384615384615,0.17453798767967146,"FF","4-Seam Fastball",14,-14,0,"0",16.5,3.9,-7,-3.1,"-44",0.5245098039215687,0.14950980392156862
"2026","Keller, Brad","641745","Phillies","PHI","R","97","170","533",5.076190476190476,0.31894934333958724,"FF","4-Seam Fastball",14.4,-12.8,-1.5,"-12",14.6,0.1,-6.8,-6.7,"-98",0.2426470588235294,0.00980392156862745
"2026","Winn, Cole","668390","Rangers","TEX","R","95.2","168","552",5.3076923076923075,0.30434782608695654,"FF","4-Seam Fastball",13.3,-14.5,1.2,"8",17,5.7,-8.2,-2.5,"-31",0.7818627450980392,0.2034313725490196
"2026","Quantrill, Cal","615698","Rangers","TEX","R","93.9","167","873",8.39423076923077,0.19129438717067582,"FF","4-Seam Fastball",15.3,-14.2,-1.1,"-8",15.7,9.4,-6.7,2.7,"41",0.30392156862745096,0.8382352941176471
"2026","Rodriguez, Bradgley","699134","Padres","SD","R","98.1","167","729",6.942857142857143,0.22908093278463648,"FF","4-Seam Fastball",11.6,-12.7,1.2,"9",17,7.2,-7.4,-0.2,"-3",0.7818627450980392,0.4534313725490196
"2026","Civale, Aaron","650644","Cubs","CHC","R","91.4","166","1359",13.067307692307692,0.12214863870493009,"FF","4-Seam Fastball",14.3,-15.9,1.6,"10",18.7,6.5,-6.7,-0.1,"-2",0.8700980392156863,0.4730392156862745
"2026","Ritchie, JR","702275","Braves","ATL","R","94.5","166","942",9.057692307692308,0.1762208067940552,"FF","4-Seam Fastball",16.3,-15.5,-0.8,"-5",14.3,9.5,-8.6,0.9,"11",0.3627450980392157,0.6029411764705882
"2026","Bigge, Hunter","685801","Rays","TB","R","96.5","164","319",3.0673076923076925,0.5141065830721003,"FF","4-Seam Fastball",11,-13.6,2.6,"19",18.6,4,-7.7,-3.6,"-47",0.9558823529411765,0.11029411764705882
"2026","Leasure, Jordan","673929","White Sox","CWS","R","95.8","164","313",3.0388349514563107,0.5239616613418531,"FF","4-Seam Fastball",10.9,-13.7,2.9,"21",19.1,3.5,-7.3,-3.8,"-52",0.9779411764705882,0.08823529411764706
"2026","Dobbins, Hunter","690928","Cardinals","STL","R","95.3","162","484",4.653846153846154,0.3347107438016529,"FF","4-Seam Fastball",15.8,-13.9,-2,"-14",14.1,0.9,-7.1,-6.2,"-87",0.17647058823529413,0.01715686274509804
"2026","Sears, JP","676664","Padres","SD","L","93","161","434",4.133333333333334,0.3709677419354839,"FF","4-Seam Fastball",18.2,-17.2,-1,"-6",13.4,11.2,-9.7,1.5,"16",0.3161764705882353,0.6593137254901961
"2026","Corbin, Patrick","571578","Blue Jays","TOR","L","91.3","159","1412",13.447619047619048,0.11260623229461757,"FF","4-Seam Fastball",17.9,-15.4,-2.5,"-16",15,7.3,-6.5,0.8,"12",0.12745098039215685,0.5882352941176471
"2026","Speier, Gabe","642100","Mariners","SEA","L","95.3","158","404",3.8476190476190477,0.3910891089108911,"FF","4-Seam Fastball",15.3,-15.2,-0.1,"0",14.9,9.3,-8.7,0.7,"8",0.49264705882352944,0.5759803921568627
"2026","Banda, Anthony","607455","Twins","MIN","L","94.6","158","608",5.735849056603773,0.2598684210526316,"FF","4-Seam Fastball",15.8,-15,-0.8,"-5",14.9,11,-8.1,2.9,"36",0.3627450980392157,0.8529411764705882
"2026","Rangel, Alan","660604","Phillies","PHI","R","92.9","157","436",4.152380952380953,0.36009174311926606,"FF","4-Seam Fastball",12,-14.8,2.8,"19",19.7,3.6,-6.7,-3.1,"-47",0.9656862745098039,0.14950980392156862
"2026","Abel, Mick","690953","Twins","MIN","R","94.8","153","357",3.3679245283018866,0.42857142857142855,"FF","4-Seam Fastball",13.6,-14.8,1.2,"8",16.9,7.5,-8.1,-0.6,"-8",0.7818627450980392,0.3897058823529412
"2026","Gil, Luis","661563","Yankees","NYY","R","95","152","337",3.2403846153846154,0.45103857566765576,"FF","4-Seam Fastball",13.7,-14.2,0.4,"3",16.8,3,-7.3,-4.3,"-59",0.6127450980392157,0.06862745098039216
"2026","Duran, Jhoan","661395","Phillies","PHI","R","100.2","152","559",5.3238095238095235,0.27191413237924866,"FF","4-Seam Fastball",14.1,-12,-2.1,"-17",13.2,13.1,-7.9,5.2,"66",0.15441176470588236,0.9730392156862745
"2026","Ribalta, Orlando","687377","Nationals","WSH","R","96.8","152","529",5.038095238095238,0.28733459357277885,"FF","4-Seam Fastball",11.6,-12.3,0.6,"5",17.6,8.2,-5.9,2.3,"39",0.6593137254901961,0.7720588235294118
"2026","Gusto, Ryan","687473","Marlins","MIA","R","94.1","151","566",5.390476190476191,0.2667844522968198,"FF","4-Seam Fastball",13.3,-14.7,1.4,"10",17.6,4.8,-7.3,-2.5,"-34",0.8333333333333334,0.2034313725490196
"2026","Romano, Jordan","605447","Rockies","COL","R","94.3","149","326",3.0754716981132075,0.4570552147239264,"FF","4-Seam Fastball",12.7,-14.4,1.7,"12",18.2,2.8,-6.4,-3.6,"-56",0.8774509803921569,0.11029411764705882
"2026","Macko, Adam","671936","Blue Jays","TOR","L","94.5","148","380",3.619047619047619,0.3894736842105263,"FF","4-Seam Fastball",14.7,-15.1,0.4,"2",16,6.6,-8.1,-1.4,"-18",0.6127450980392157,0.3112745098039216
"2026","Cornelio, Riley","683000","Nationals","WSH","R","96.3","148","327",3.1142857142857143,0.4525993883792049,"FF","4-Seam Fastball",12.4,-13.6,1.2,"9",17.1,9.4,-7.4,2,"27",0.7818627450980392,0.7279411764705882
"2026","Hoppe, Alex","695380","Mariners","SEA","R","97.7","147","407",3.876190476190476,0.36117936117936117,"FF","4-Seam Fastball",14.5,-13.2,-1.3,"-9",14,1.9,-7.8,-5.9,"-76",0.25980392156862747,0.0196078431372549
"2026","Hill, Jaden","677955","Rockies","COL","R","97.1","146","481",4.537735849056604,0.30353430353430355,"FF","4-Seam Fastball",15.4,-14.4,-1,"-7",13.5,8.7,-8.8,-0.1,"-1",0.3161764705882353,0.4730392156862745
"2026","Fisher, Braydon","680755","Blue Jays","TOR","R","94.7","145","834",7.942857142857143,0.17386091127098321,"FF","4-Seam Fastball",12.9,-14.2,1.3,"9",17.7,4.8,-7.3,-2.5,"-34",0.8088235294117647,0.2034313725490196
"2026","Soto, Gregory","642397","Pirates","PIT","L","97.1","145","713",6.79047619047619,0.20336605890603085,"FF","4-Seam Fastball",15,-13.7,-1.3,"-9",14.1,11.2,-8.1,3.1,"39",0.25980392156862747,0.8799019607843137
"2026","Adams, Travis","701519","Twins","MIN","R","94.4","140","526",4.962264150943396,0.2661596958174905,"FF","4-Seam Fastball",14.6,-14.6,-0.1,"-1",16,5.6,-7.3,-1.7,"-24",0.49264705882352944,0.2696078431372549
"2026","Pearson, Nate","663878","Astros","HOU","R","97.7","140","346",3.2641509433962264,0.4046242774566474,"FF","4-Seam Fastball",11.8,-13.1,1.3,"10",16.9,6.3,-7.7,-1.4,"-18",0.8088235294117647,0.3112745098039216
"2026","Murphy, Chris","669684","White Sox","CWS","L","96.3","138","426",4.135922330097087,0.323943661971831,"FF","4-Seam Fastball",13.3,-14.6,1.3,"9",16.2,7.8,-8.6,-0.8,"-9",0.8088235294117647,0.375
"2026","Thornton, Trent","663423","Cubs","CHC","R","94.9","137","416",4,0.3293269230769231,"FF","4-Seam Fastball",14,-14.9,0.9,"6",16.3,4.1,-8.1,-4,"-50",0.7230392156862745,0.08333333333333333
"2026","Scholtens, Jesse","669947","Rays","TB","R","93.1","132","601",5.778846153846154,0.21963394342762063,"FF","4-Seam Fastball",14.2,-15.2,1,"6",17.5,4.8,-7.3,-2.5,"-34",0.7377450980392157,0.2034313725490196
"2026","Pérez, Cionel","672335","Mets","NYM","L","96.9","132","659",6.276190476190476,0.20030349013657056,"FF","4-Seam Fastball",14.8,-14.8,-0.1,"0",14.2,6.3,-9,-2.8,"-31",0.49264705882352944,0.1715686274509804
"2026","Madden, Ty","680744","Tigers","DET","R","93.1","129","387",3.6857142857142855,0.3333333333333333,"FF","4-Seam Fastball",16,-15.4,-0.6,"-4",15.5,5,-7.4,-2.5,"-33",0.4019607843137255,0.2034313725490196
"2026","Adam, Jason","592094","Padres","SD","R","93.4","126","551",5.247619047619048,0.22867513611615245,"FF","4-Seam Fastball",14.3,-14.4,0.1,"0",17.1,9.6,-6.5,3,"46",0.5416666666666666,0.8676470588235294
"2026","Winn, Keaton","676775","Giants","SF","R","96.3","126","523",5.028846153846154,0.24091778202676864,"FF","4-Seam Fastball",15.1,-13.3,-1.8,"-13",14.4,9.5,-7,2.6,"37",0.19852941176470587,0.8308823529411765
"2026","Morgan, Eli","669212","Royals","KC","R","91.2","126","339",3.19811320754717,0.37168141592920356,"FF","4-Seam Fastball",15,-16.2,1.2,"7",18,10.3,-7.1,3.2,"45",0.7818627450980392,0.8872549019607843
"2026","Mears, Nick","683232","Royals","KC","R","94.8","125","341",3.2169811320754715,0.36656891495601174,"FF","4-Seam Fastball",11.7,-13.9,2.1,"15",18.9,7.5,-6.7,0.8,"11",0.9117647058823529,0.5882352941176471
"2026","Morejon, Adrian","670970","Padres","SD","L","99.2","121","867",8.257142857142858,0.1395617070357555,"FF","4-Seam Fastball",12.6,-12.3,-0.3,"-2",15.3,5.5,-7.5,-2.1,"-27",0.46568627450980393,0.23529411764705882
"2026","Yarbrough, Ryan","642232","Yankees","NYY","L","87.4","120","649",6.240384615384615,0.18489984591679506,"FF","4-Seam Fastball",23.5,-20.4,-3.1,"-15",12.5,13.3,-8.4,4.9,"58",0.08333333333333333,0.9681372549019608
"2026","Gibson, Trey","694346","Orioles","BAL","R","95.4","119","619",5.895238095238096,0.19224555735056542,"FF","4-Seam Fastball",16,-13.9,-2.1,"-15",14.2,9.8,-7.3,2.5,"34",0.15441176470588236,0.8112745098039216
"2026","Kremer, Dean","665152","Orioles","BAL","R","93.2","118","515",4.904761904761905,0.229126213592233,"FF","4-Seam Fastball",13.4,-15,1.5,"10",18,5.9,-7,-1.1,"-16",0.8602941176470589,0.33578431372549017
"2026","Lovelady, Richard","663992","Nationals","WSH","L","91.4","116","539",5.133333333333334,0.21521335807050093,"FF","4-Seam Fastball",20.6,-17.9,-2.7,"-15",11.9,3.7,-8.9,-5.2,"-59",0.1053921568627451,0.0392156862745098
"2026","Collyer, Gavin","686560","Rangers","TEX","R","97.3","114","446",4.288461538461538,0.2556053811659193,"FF","4-Seam Fastball",16.8,-15,-1.8,"-12",12.2,11.8,-9.5,2.3,"24",0.19852941176470587,0.7720588235294118
"2026","Banks, Tanner","621383","Phillies","PHI","L","92","114","551",5.247619047619048,0.20689655172413793,"FF","4-Seam Fastball",17.4,-15.3,-2,"-13",15,2.5,-6.7,-4.2,"-63",0.17647058823529413,0.07352941176470588
"2026","Herrin, Tim","682120","Guardians","CLE","L","94.5","114","560",5.283018867924528,0.20357142857142857,"FF","4-Seam Fastball",18.4,-14.8,-3.6,"-25",12.1,6.7,-7.8,-1,"-13",0.0661764705882353,0.35294117647058826
"2026","Morgan, David","688158","Padres","SD","R","97.4","113","398",3.7904761904761903,0.28391959798994976,"FF","4-Seam Fastball",13.5,-14.5,1.1,"7",15.4,5.1,-9,-3.9,"-43",0.7524509803921569,0.0857843137254902
"2026","Hentges, Sam","656529","Giants","SF","L","93.9","113","381",3.6634615384615383,0.29658792650918636,"FF","4-Seam Fastball",16.1,-14,-2,"-15",14.7,5.9,-6.5,-0.5,"-8",0.17647058823529413,0.41421568627450983
"2026","Sandlin, David","689818","White Sox","CWS","R","96.8","111","313",3.0388349514563107,0.3546325878594249,"FF","4-Seam Fastball",13,-13.3,0.2,"2",16.2,6.7,-7.3,-0.6,"-8",0.5661764705882353,0.3897058823529412
"2026","Bolton, Cody","675989","Astros","HOU","R","94.8","111","391",3.688679245283019,0.28388746803069054,"FF","4-Seam Fastball",16.1,-14.8,-1.3,"-9",14.4,4.1,-8,-3.8,"-48",0.25980392156862747,0.08823529411764706
"2026","Waldron, Matt","663362","Padres","SD","R","92","110","541",5.152380952380953,0.2033271719038817,"FF","4-Seam Fastball",18.1,-16.4,-1.7,"-10",14,7.8,-7.8,0,"0",0.22058823529411764,0.49019607843137253
"2026","Wilcox, Cole","677961","Mariners","SEA","R","96.6","109","407",3.876190476190476,0.2678132678132678,"FF","4-Seam Fastball",18.1,-13.7,-4.4,"-32",11.2,13.6,-7.8,5.9,"75",0.0196078431372549,0.9877450980392157
"2026","Sisk, Evan","681895","Pirates","PIT","L","91.6","109","641",6.104761904761904,0.17004680187207488,"FF","4-Seam Fastball",19.7,-17.5,-2.1,"-12",12.9,7.2,-8.5,-1.4,"-16",0.15441176470588236,0.3112745098039216
"2026","Wolfram, Grant","664991","Orioles","BAL","L","95.4","109","511",4.866666666666666,0.21330724070450097,"FF","4-Seam Fastball",15.5,-13.8,-1.8,"-13",14.5,4.8,-7,-2.2,"-32",0.19852941176470587,0.22794117647058823
"2026","Slaten, Justin","686580","Red Sox","BOS","R","96.6","108","407",3.9514563106796117,0.26535626535626533,"FF","4-Seam Fastball",12,-13.2,1.2,"9",17.3,1.7,-7.2,-5.6,"-77",0.7818627450980392,0.029411764705882353
"2026","Kinley, Tyler","641755","Braves","ATL","R","94.4","106","592",5.6923076923076925,0.17905405405405406,"FF","4-Seam Fastball",14.9,-14.4,-0.5,"-3",15.7,3.2,-7.6,-4.5,"-59",0.42401960784313725,0.056372549019607844
"2026","Williamson, Brandon","682227","Reds","CIN","L","92.5","106","518",5.029126213592233,0.20463320463320464,"FF","4-Seam Fastball",14.7,-14.8,0.1,"0",17.6,8.7,-6.3,2.4,"38",0.5416666666666666,0.7941176470588235
"2026","Phillips, Tyler","663969","Marlins","MIA","R","96.3","106","1281",12.2,0.08274785323965651,"FF","4-Seam Fastball",14.9,-13.1,-1.8,"-13",14.6,8.4,-6.8,1.6,"24",0.19852941176470587,0.6715686274509803
"2026","Minter, A.J.","621345","Mets","NYM","L","93","102","319",3.038095238095238,0.31974921630094044,"FF","4-Seam Fastball",16.5,-15.6,-0.9,"-6",15,3.9,-7.7,-3.8,"-50",0.3382352941176471,0.08823529411764706
"2026","Junis, Jakob","596001","Rangers","TEX","R","92.3","102","558",5.365384615384615,0.1827956989247312,"FF","4-Seam Fastball",19.3,-16.3,-3,"-18",12.7,4.2,-7.9,-3.7,"-47",0.08823529411764706,0.09803921568627451
"2026","Ahlstrom, Robby","695239","Rangers","TEX","L","94.5","101","327",3.144230769230769,0.308868501529052,"FF","4-Seam Fastball",13.4,-14.1,0.7,"5",17.3,4.5,-6.9,-2.4,"-35",0.6813725490196079,0.2181372549019608
"2026","Warren, Austin","681810","Mets","NYM","R","93.9","101","652",6.20952380952381,0.1549079754601227,"FF","4-Seam Fastball",16.3,-16.6,0.3,"2",14.9,11.5,-9.6,1.9,"19",0.5857843137254902,0.7181372549019608
"2026","Englert, Mason","669438","Rays","TB","R","92.9","100","577",5.548076923076923,0.1733102253032929,"FF","4-Seam Fastball",14.7,-15.2,0.5,"4",17.3,9.1,-7,2,"29",0.6372549019607843,0.7279411764705882
"2026","Alexander, Tyler","641302","Rangers","TEX","L","91.9","99","716",6.884615384615385,0.138268156424581,"FF","4-Seam Fastball",17.5,-16.5,-1,"-6",15,10.2,-7.8,2.3,"30",0.3161764705882353,0.7720588235294118
"2026","Holton, Tyler","663947","Tigers","DET","L","91.5","99","757",7.20952380952381,0.130779392338177,"FF","4-Seam Fastball",17,-15.9,-1.1,"-7",15.7,5.5,-7,-1.5,"-22",0.30392156862745096,0.2916666666666667
"2026","Lynch IV, Daniel","663738","Royals","KC","L","94.9","99","644",6.0754716981132075,0.15372670807453417,"FF","4-Seam Fastball",13.9,-14,0.1,"1",16.5,7.9,-7,0.8,"12",0.5416666666666666,0.5882352941176471
"2026","Loáisiga, Jonathan","642528","D-backs","AZ","R","97.3","95","594",5.6571428571428575,0.15993265993265993,"FF","4-Seam Fastball",15.6,-14.3,-1.3,"-9",13.3,9.4,-8.8,0.6,"7",0.25980392156862747,0.5612745098039216
"2026","Lawrence, Justin","664875","Nationals","WSH","R","95.6","93","684",6.514285714285714,0.13596491228070176,"FF","4-Seam Fastball",18.5,-17.6,-0.9,"-5",11.5,12,-12.4,-0.3,"-3",0.3382352941176471,0.4411764705882353
"2026","Bido, Osvaldo","674370","White Sox","CWS","R","94.4","92","317",3.0776699029126213,0.2902208201892745,"FF","4-Seam Fastball",15.8,-14.7,-1.2,"-8",14.9,8.6,-7.5,1,"14",0.29411764705882354,0.6151960784313726
"2026","Ferguson, Caleb","657571","Reds","CIN","L","92.4","89","359",3.4854368932038833,0.2479108635097493,"FF","4-Seam Fastball",16.9,-15.9,-1,"-7",15.1,5.3,-7.6,-2.3,"-30",0.3161764705882353,0.22303921568627452
"2026","Thornton, Zac","804267","Mets","NYM","L","92.2","88","321",3.057142857142857,0.27414330218068533,"FF","4-Seam Fastball",14.5,-15,0.5,"3",17.8,6.5,-6.5,0,"0",0.6372549019607843,0.49019607843137253
"2026","Samaniego, Tyler","701719","Red Sox","BOS","L","93.6","84","314",3.0485436893203883,0.267515923566879,"FF","4-Seam Fastball",16.3,-15,-1.3,"-9",15,3.7,-7.4,-3.8,"-51",0.25980392156862747,0.08823529411764706
"2026","Lange, Alex","656638","Royals","KC","R","95.9","83","795",7.5,0.10440251572327044,"FF","4-Seam Fastball",16.1,-14,-2.1,"-15",13.8,10,-7.6,2.4,"32",0.15441176470588236,0.7941176470588235
"2026","Peralta, Wandy","593974","Padres","SD","L","96.4","80","827",7.876190476190477,0.09673518742442563,"FF","4-Seam Fastball",15,-14,-1,"-7",14.4,9.9,-8.3,1.6,"20",0.3161764705882353,0.6715686274509803
"2026","Milner, Hoby","571948","Cubs","CHC","L","87.4","78","568",5.461538461538462,0.13732394366197184,"FF","4-Seam Fastball",29.7,-27.8,-1.9,"-7",6.5,14.3,-13.9,0.4,"3",0.19117647058823528,0.5441176470588235
"2026","Moll, Sam","594580","Reds","CIN","L","92.4","76","771",7.485436893203883,0.09857328145265888,"FF","4-Seam Fastball",22.9,-22.2,-0.6,"-3",9,11,-11.6,-0.6,"-5",0.4019607843137255,0.3897058823529412
"2026","Bello, Brayan","678394","Red Sox","BOS","R","94.9","76","1187",11.524271844660195,0.06402695871946082,"FF","4-Seam Fastball",19,-14.9,-4.1,"-28",11.3,6.6,-8,-1.4,"-17",0.04411764705882353,0.3112745098039216
"2026","Barlow, Scott","605130","Athletics","ATH","R","89","76","581",5.586538461538462,0.13080895008605853,"FF","4-Seam Fastball",23,-20.1,-2.9,"-14",11.5,3.8,-9,-5.2,"-58",0.09313725490196079,0.0392156862745098
"2026","Cleavinger, Garrett","664076","Rays","TB","L","96.7","74","517",4.971153846153846,0.14313346228239845,"FF","4-Seam Fastball",13.1,-14.6,1.5,"10",16.2,7.7,-8.8,-1.1,"-12",0.8602941176470589,0.33578431372549017
"2026","Bird, Jake","656234","Yankees","NYY","R","93.9","74","544",5.230769230769231,0.13602941176470587,"FF","4-Seam Fastball",18.6,-15.7,-2.9,"-18",12.3,4.1,-8.5,-4.4,"-52",0.09313725490196079,0.061274509803921566
"2026","Black, Mason","696131","Royals","KC","R","94.2","74","333",3.141509433962264,0.2222222222222222,"FF","4-Seam Fastball",16.8,-15.9,-0.8,"-5",14,12.8,-9,3.8,"43",0.3627450980392157,0.9166666666666666
"2026","Pérez, Martín","527048","Braves","ATL","L","89.9","73","1357",13.048076923076923,0.05379513633014001,"FF","4-Seam Fastball",17.9,-17.4,-0.5,"-3",16,9.9,-7.5,2.4,"32",0.42401960784313725,0.7941176470588235
"2026","Rodríguez, Elmer","695684","Yankees","NYY","R","95.1","72","318",3.0576923076923075,0.22641509433962265,"FF","4-Seam Fastball",18.9,-14.6,-4.3,"-30",11.5,9.6,-7.9,1.7,"21",0.024509803921568627,0.7009803921568627
"2026","Roycroft, Chris","688297","Rays","TB","R","94.2","70","333",3.201923076923077,0.21021021021021022,"FF","4-Seam Fastball",22.3,-15.2,-7.1,"-46",8.4,3.9,-8.2,-4.3,"-52",0,0.06862745098039216
"2026","Hall, DL","669084","Brewers","MIL","L","94.6","67","539",5.1826923076923075,0.12430426716141002,"FF","4-Seam Fastball",15.7,-14.9,-0.8,"-5",15,7.7,-8.3,-0.5,"-6",0.3627450980392157,0.41421568627450983
"2026","Leiter Jr., Mark","643410","Athletics","ATH","R","92.2","64","551",5.298076923076923,0.1161524500907441,"FF","4-Seam Fastball",15.9,-15.7,-0.3,"-2",16.3,7.4,-7.2,0.2,"3",0.46568627450980393,0.5073529411764706
"2026","Petty, Chase","695534","Reds","CIN","R","97","62","397",3.854368932038835,0.1561712846347607,"FF","4-Seam Fastball",15.7,-14.3,-1.4,"-10",13.5,14.6,-8.7,5.9,"68",0.25245098039215685,0.9877450980392157
"2026","Shugart, Chase","663767","Phillies","PHI","R","96.1","62","532",5.066666666666666,0.11654135338345864,"FF","4-Seam Fastball",13.9,-14.2,0.3,"2",15.8,8.8,-8,0.8,"10",0.5857843137254902,0.5882352941176471
"2026","Hart, Kyle","606996","Padres","SD","L","94","58","614",5.847619047619047,0.09446254071661238,"FF","4-Seam Fastball",16.2,-15.2,-0.9,"-6",14.8,8.2,-7.9,0.3,"4",0.3382352941176471,0.5196078431372549
"2026","Miller, Erik","669062","Giants","SF","L","96.8","55","603",5.798076923076923,0.0912106135986733,"FF","4-Seam Fastball",13.8,-12.2,-1.7,"-14",15.3,9.2,-5.7,3.6,"62",0.22058823529411764,0.9093137254901961
"2026","Way, Beck","694360","Royals","KC","R","97.4","55","389",3.669811320754717,0.14138817480719795,"FF","4-Seam Fastball",19.1,-14,-5.1,"-36",9.6,14,-8.5,5.5,"65",0.007352941176470588,0.9779411764705882
"2026","Hernández, Jonathan","642546","Dodgers","LAD","R","97.2","53","321",3.057142857142857,0.16510903426791276,"FF","4-Seam Fastball",15.8,-13.7,-2.1,"-15",13.1,12.6,-8.1,4.5,"56",0.15441176470588236,0.9534313725490197
"2026","Bruihl, Justin","677865","Cardinals","STL","L","91.6","51","835",8.028846153846153,0.06107784431137724,"FF","4-Seam Fastball",20.5,-17.7,-2.9,"-16",12.2,5.6,-8.9,-3.3,"-37",0.09313725490196079,0.13725490196078433
"2026","Hicks, Jordan","663855","White Sox","CWS","R","99.2","48","488",4.737864077669903,0.09836065573770492,"FF","4-Seam Fastball",14.9,-12.3,-2.6,"-21",12.9,12.4,-7.5,4.9,"65",0.11519607843137254,0.9681372549019608
"2026","Faucher, Calvin","676534","Marlins","MIA","R","96.6","47","770",7.333333333333333,0.06103896103896104,"FF","4-Seam Fastball",14.1,-14.5,0.4,"3",15.2,7.5,-8.6,-1.1,"-12",0.6127450980392157,0.33578431372549017
"2026","Kittredge, Andrew","552640","Orioles","BAL","R","94.4","47","428",4.076190476190476,0.10981308411214953,"FF","4-Seam Fastball",14.7,-14.4,-0.4,"-3",15.9,2.1,-7.2,-5.1,"-71",0.4534313725490196,0.04411764705882353
"2026","Herget, Jimmy","623474","Rockies","COL","R","91.9","47","496",4.679245283018868,0.09475806451612903,"FF","4-Seam Fastball",23.1,-19.9,-3.2,"-16",9.1,12.6,-10.7,1.9,"18",0.08088235294117647,0.7181372549019608
"2026","Davila, Nick","689546","Mariners","SEA","R","94.8","46","355",3.380952380952381,0.1295774647887324,"FF","4-Seam Fastball",19.4,-14.6,-4.8,"-33",11,14.3,-7.7,6.6,"86",0.00980392156862745,0.9975490196078431
"2026","Brubaker, JT","664141","Giants","SF","R","93.1","46","781",7.509615384615385,0.058898847631242,"FF","4-Seam Fastball",17.4,-15.1,-2.3,"-15",14.1,8,-7.3,0.7,"10",0.14460784313725492,0.5759803921568627
"2026","Treinen, Blake","595014","Dodgers","LAD","R","94.6","43","374",3.5619047619047617,0.11497326203208556,"FF","4-Seam Fastball",16.2,-14.4,-1.8,"-13",14.5,10,-7.6,2.4,"31",0.19852941176470587,0.7941176470588235
"2026","Bernardino, Brennan","657514","Rockies","COL","L","90.5","43","665",6.273584905660377,0.06466165413533835,"FF","4-Seam Fastball",23.9,-19.1,-4.8,"-25",9.4,8.7,-11,-2.3,"-21",0.00980392156862745,0.22303921568627452
"2026","Walker, Taijuan","592836","Phillies","PHI","R","91.9","42","424",4.038095238095238,0.09905660377358491,"FF","4-Seam Fastball",15.5,-15.2,-0.4,"-2",17,8.4,-6.2,2.2,"35",0.4534313725490196,0.7622549019607843
"2026","Coulombe, Danny","543056","Red Sox","BOS","L","89.8","38","385",3.737864077669903,0.0987012987012987,"FF","4-Seam Fastball",17.6,-17,-0.6,"-4",16.2,0.4,-6.8,-6.4,"-94",0.4019607843137255,0.014705882352941176
"2026","Fermin, José","820862","Angels","LAA","R","96.3","38","575",5.476190476190476,0.06608695652173913,"FF","4-Seam Fastball",12.6,-13.3,0.7,"5",17.1,7.4,-6.9,0.5,"7",0.6813725490196079,0.5563725490196079
"2026","Hill, Tim","657612","Yankees","NYY","L","89.3","36","518",4.980769230769231,0.0694980694980695,"FF","4-Seam Fastball",32.6,-30.5,-2.1,"-7",2.1,16.9,-14.4,2.5,"17",0.15441176470588236,0.8112745098039216
"2026","Kelly, Kevin","687330","Rays","TB","R","93","33","646",6.211538461538462,0.05108359133126935,"FF","4-Seam Fastball",21.5,-20.2,-1.3,"-6",10.3,12.9,-13.2,-0.3,"-2",0.25980392156862747,0.4411764705882353
"2026","Antone, Tejay","622088","Reds","CIN","R","95.3","32","480",4.660194174757281,0.06666666666666667,"FF","4-Seam Fastball",16.7,-14.1,-2.6,"-19",13.4,7.9,-7.4,0.6,"8",0.11519607843137254,0.5612745098039216
"2026","Kuhnel, Joel","669270","Brewers","MIL","R","95.1","31","562",5.403846153846154,0.05516014234875445,"FF","4-Seam Fastball",17.5,-13.4,-4.1,"-30",12.6,4.2,-6.3,-2.1,"-33",0.04411764705882353,0.23529411764705882
"2026","Dobnak, Randy","677976","Royals","KC","R","92.4","31","331",3.1226415094339623,0.09365558912386707,"FF","4-Seam Fastball",22.7,-16.6,-6,"-36",9.3,11.5,-8.6,2.9,"33",0.004901960784313725,0.8529411764705882
"2026","Castaño, Blas","680604","Rockies","COL","R","94.5","29","343",3.2358490566037736,0.08454810495626822,"FF","4-Seam Fastball",18.9,-17.9,-1,"-6",11.4,8,-11.5,-3.5,"-30",0.3161764705882353,0.11764705882352941
"2026","Criswell, Cooper","681867","Mariners","SEA","R","91","28","462",4.4,0.06060606060606061,"FF","4-Seam Fastball",23.5,-19.2,-4.3,"-22",9.6,10.1,-10.3,-0.2,"-2",0.024509803921568627,0.4534313725490196