"year","last_name, first_name","player_id","pitch_hand","api_pitch_type","n_pitches","release_speed","spin_rate","movement_inches","alan_active_spin_pct","active_spin","hawkeye_measured","movement_inferred","api_pitch_name","active_spin_formatted","hawkeye_measured_clock_minutes","movement_inferred_clock_minutes","diff_measured_inferred","diff2","diff_measured_inferred_minutes","hawkeye_measured_clock_hh","hawkeye_measured_clock_mm","movement_inferred_clock_hh","movement_inferred_clock_mm","diff_clock_hh","diff_clock_mm","hawkeye_measured_clock_label","movement_inferred_clock_label","diff_clock_label"
2026,"Yates, Kirby",489446,"R","FF",258,"90.8",2305,"19.8",0.9109256274963711,0.9373542698596514,128.32876221463695,129.32242290511505,"4-Seam Fastball",94,105,105,-0.9936606904780945,0.9936606904780737,0,1,45,1,45,0,0,"1:45","1:45"," 0H 00M"
2026,"Cruz, Fernando",518585,"R","FF",240,"93.2",2241,"17.6",0.827993879574478,0.8999188443113961,151.9192745653056,160.81883341174938,"4-Seam Fastball",90,60,765,-8.899558846443767,8.899558846443755,15,1,0,12,45,0,15,"1:00","12:45","+0H 15M"
2026,"Kelly, Merrill",518876,"R","FF",447,"92.2",2368,"17",0.8017263748786867,0.8492641643666782,133.32603265995107,144.26985548834722,"4-Seam Fastball",85,90,75,-10.94382282839615,10.943822828396154,15,1,30,1,15,0,15,"1:30","1:15","+0H 15M"
2026,"Kimbrel, Craig",518886,"R","FF",353,"93.7",2291,"18.9",0.891242735191753,0.944020196143394,134.03582610015854,138.8939131346233,"4-Seam Fastball",94,90,75,-4.858087034464745,4.858087034464741,15,1,30,1,15,0,15,"1:30","1:15","+0H 15M"
2026,"Pomeranz, Drew",519141,"L","FF",346,"92.1",2593,"18.3",0.8089657322081395,0.7848966111808493,200.563768949752,191.0811870217433,"4-Seam Fastball",78,675,705,9.482581928008699,9.482581928008685,-30,11,15,11,45,0,30,"11:15","11:45","-0H 30M"
2026,"Sale, Chris",519242,"L","FF",711,"96",2331,"17.7",0.8544301700259368,0.934765757979227,246.22370751241505,239.82453689484444,"4-Seam Fastball",93,585,600,6.399170617570604,6.399170617570573,-15,9,45,10,0,0,15,"9:45","10:00","-0H 15M"
2026,"Cole, Gerrit",543037,"R","FF",423,"96.9",2336,"19.2",0.9135505525939798,0.9693394765893398,144.24368059294972,148.33440836433692,"4-Seam Fastball",97,75,60,-4.090727771387208,4.090727771387204,15,1,15,1,0,0,15,"1:15","1:00","+0H 15M"
2026,"Eovaldi, Nathan",543135,"R","FF",245,"94.6",2180,"17.7",0.85693850847896,0.9639878919953808,134.15843773876946,135.52841177945237,"4-Seam Fastball",96,90,90,-1.369974040682905,1.3699740406828966,0,1,30,1,30,0,0,"1:30","1:30"," 0H 00M"
2026,"Gray, Sonny",543243,"R","FF",279,"91.7",2468,"10.8",0.48423625251572733,0.5921597502314523,160.6093781733834,184.84755185141208,"4-Seam Fastball",59,765,705,-24.238173678028687,24.23817367802866,60,12,45,11,45,1,0,"12:45","11:45","+1H 00M"
2026,"Suárez, Albert",544150,"R","FF",319,"93.5",2304,"17.2",0.7973429589978346,0.9041637132445302,152.69539108944574,161.4017285323282,"4-Seam Fastball",90,60,750,-8.706337442882472,8.706337442882457,30,1,0,12,30,0,30,"1:00","12:30","+0H 30M"
2026,"Lorenzen, Michael",547179,"R","FF",364,"94",2396,"16.5",0.8287928672540104,0.9269374364134646,135.45390953258763,141.20339955610189,"4-Seam Fastball",93,90,75,-5.749490023514255,5.749490023514265,15,1,30,1,15,0,15,"1:30","1:15","+0H 15M"
2026,"Wheeler, Zack",554430,"R","FF",556,"95.2",2435,"18.3",0.8436986217420612,0.8812788801066662,130.76848180081726,137.84732443756002,"4-Seam Fastball",88,105,90,-7.078842636742763,7.078842636742767,15,1,45,1,30,0,15,"1:45","1:30","+0H 15M"
2026,"Boyd, Matthew",571510,"L","FF",444,"92.7",2324,"18.5",0.8503929664318243,0.9356187974894193,233.80763604684734,232.11579693009884,"4-Seam Fastball",94,615,615,1.691839116748497,1.6918391167484599,0,10,15,10,15,0,0,"10:15","10:15"," 0H 00M"
2026,"Mikolas, Miles",571945,"R","FF",389,"93.3",2219,"16.6",0.7871952364120879,0.9030616130352351,144.53860519066353,151.75969527996918,"4-Seam Fastball",90,75,60,-7.2210900893056476,7.2210900893056476,15,1,15,1,0,0,15,"1:15","1:00","+0H 15M"
2026,"Thielbar, Caleb",573204,"L","FF",221,"93.2",2307,"19",0.8860863426150851,0.9496607376078113,197.34604079974002,194.38950826766632,"4-Seam Fastball",95,690,690,2.956532532073709,2.956532532073718,0,11,30,11,30,0,0,"11:30","11:30"," 0H 00M"
2026,"Gausman, Kevin",592332,"R","FF",1005,"93.9",2270,"19.9",0.9337054715657634,0.9791438839203844,142.956563127736,144.93568388775742,"4-Seam Fastball",98,75,75,-1.9791207600214307,1.9791207600214398,0,1,15,1,15,0,0,"1:15","1:15"," 0H 00M"
2026,"Ray, Robbie",592662,"L","FF",685,"93.2",2332,"19.4",0.8880296367217567,0.9571009339842619,214.23780933137036,209.57966843986912,"4-Seam Fastball",96,645,660,4.658140891501233,4.658140891501246,-15,10,45,11,0,0,15,"10:45","11:00","-0H 15M"
2026,"Stanek, Ryne",592773,"R","FF",371,"98.1",2332,"19.6",0.9329218569579596,0.9948067534945398,149.29467048822383,151.5349628648433,"4-Seam Fastball",99,60,60,-2.2402923766194647,2.240292376619477,0,1,0,1,0,0,0,"1:00","1:00"," 0H 00M"
2026,"Taillon, Jameson",592791,"R","FF",337,"91.8",2346,"18.9",0.8641949795209409,0.9072541616263803,155.30423351275044,162.1266532758822,"4-Seam Fastball",91,765,750,-6.822419763131762,6.822419763131763,15,12,45,12,30,0,15,"12:45","12:30","+0H 15M"
2026,"Rodriguez, Eduardo",593958,"L","FF",765,"92",2289,"16.6",0.7971586480023131,0.8557774903153469,205.4019719290262,203.92675905283562,"4-Seam Fastball",86,675,675,1.475212876190568,1.4752128761905836,0,11,15,11,15,0,0,"11:15","11:15"," 0H 00M"
2026,"deGrom, Jacob",594798,"R","FF",717,"97.2",2471,"18.5",0.8548634881625801,0.9201030630759229,143.62837369992218,151.9197615233374,"4-Seam Fastball",92,75,60,-8.29138782341522,8.29138782341521,15,1,15,1,0,0,15,"1:15","1:00","+0H 15M"
2026,"Okert, Steven",595345,"L","FF",210,"91.4",2232,"17.1",0.7946883809756369,0.9011701531252119,217.6717174742863,206.82379160867075,"4-Seam Fastball",90,645,660,10.847925865615565,10.847925865615588,-15,10,45,11,0,0,15,"10:45","11:00","-0H 15M"
2026,"Weaver, Luke",596133,"R","FF",291,"95.3",2445,"19.9",0.9054883171520246,0.954603316298501,156.25257727543246,160.07418679421147,"4-Seam Fastball",95,765,765,-3.821609518779013,3.8216095187790198,0,12,45,12,45,0,0,"12:45","12:45"," 0H 00M"
2026,"Houser, Adrian",605288,"R","FF",243,"95.5",2277,"16.8",0.7939078129213171,0.9077149015187959,141.6825488827072,147.03781461142074,"4-Seam Fastball",91,75,60,-5.355265728713533,5.355265728713526,15,1,15,1,0,0,15,"1:15","1:00","+0H 15M"
2026,"Nola, Aaron",605400,"R","FF",442,"92.2",2346,"19.5",0.9066481720764005,0.947583079358159,132.91862927452232,135.5682868835329,"4-Seam Fastball",95,90,90,-2.649657609010575,2.6496576090105575,0,1,30,1,30,0,0,"1:30","1:30"," 0H 00M"
2026,"Springs, Jeffrey",605488,"L","FF",688,"91.4",2150,"19.4",0.9175564629733268,0.9962049256432786,213.95484490953962,212.3150048119503,"4-Seam Fastball",100,645,660,1.639840097589314,1.6398400975893204,-15,10,45,11,0,0,15,"10:45","11:00","-0H 15M"
2026,"Woodruff, Brandon",605540,"R","FF",281,"91.8",2337,"18",0.8298365140455563,0.8630387254500281,159.3394559869929,164.9585952796449,"4-Seam Fastball",86,765,750,-5.619139292651994,5.619139292651984,15,12,45,12,30,0,15,"12:45","12:30","+0H 15M"
2026,"Rea, Colin",607067,"R","FF",739,"93.7",2178,"15.6",0.7558404664783516,0.8562467150436419,142.82654637552292,144.77980861422114,"4-Seam Fastball",86,75,75,-1.9532622386982155,1.9532622386982386,0,1,15,1,15,0,0,"1:15","1:15"," 0H 00M"
2026,"Rodón, Carlos",607074,"L","FF",367,"94.4",2372,"20.2",0.9334095022301931,0.978173469975076,211.50828082890078,208.43397107346368,"4-Seam Fastball",98,660,660,3.074309755437099,3.0743097554370795,0,11,0,11,0,0,0,"11:00","11:00"," 0H 00M"
2026,"Freeland, Kyle",607536,"L","FF",373,"91.4",2382,"15.4",0.776022282569591,0.8673723473476881,217.00390087394842,208.29596619207928,"4-Seam Fastball",87,645,660,8.707934681869148,8.707934681869135,-15,10,45,11,0,0,15,"10:45","11:00","-0H 15M"
2026,"Lugo, Seth",607625,"R","FF",301,"91.6",2276,"17.5",0.8284682246979728,0.8839299398579986,142.95937538458338,148.75981540797855,"4-Seam Fastball",88,75,60,-5.8004400233951685,5.800440023395171,15,1,15,1,0,0,15,"1:15","1:00","+0H 15M"
2026,"Giolito, Lucas",608337,"R","FF",229,"90.8",2144,"18.5",0.8740182307189136,0.9915896981600976,156.9221357139483,158.161642074522,"4-Seam Fastball",99,765,765,-1.2395063605736993,1.2395063605737127,0,12,45,12,45,0,0,"12:45","12:45"," 0H 00M"
2026,"Sugano, Tomoyuki",608372,"R","FF",291,"92.3",2420,"15.4",0.7658255604949379,0.879883493962336,150.88365203939028,158.14819783058363,"4-Seam Fastball",88,60,765,-7.264545791193342,7.2645457911933455,15,1,0,12,45,0,15,"1:00","12:45","+0H 15M"
2026,"Wacha, Michael",608379,"R","FF",527,"93",2156,"18.6",0.9063893029497543,0.9873332899338713,158.10837757543212,162.07304600851373,"4-Seam Fastball",99,765,750,-3.964668433081613,3.9646684330815956,15,12,45,12,30,0,15,"12:45","12:30","+0H 15M"
2026,"Márquez, Germán",608566,"R","FF",267,"94.7",2167,"19.8",0.9446220238824806,0.9799567182320454,135.9509658990118,137.3738004495169,"4-Seam Fastball",98,90,90,-1.4228345505050868,1.422834550505084,0,1,30,1,30,0,0,"1:30","1:30"," 0H 00M"
2026,"Suter, Brent",608718,"L","FF",251,"87.4",2183,"14.6",0.6780754507561281,0.7686676198689529,190.4766501331356,175.0477326369379,"4-Seam Fastball",77,705,735,15.428917496197698,15.428917496197725,-30,11,45,12,15,0,30,"11:45","12:15","-0H 30M"
2026,"Buehler, Walker",621111,"R","FF",330,"94",2170,"16.2",0.7747126916132591,0.9020632324393064,156.71069519263568,161.99075745236345,"4-Seam Fastball",90,765,750,-5.280062259727771,5.280062259727752,15,12,45,12,30,0,15,"12:45","12:30","+0H 15M"
2026,"Strahm, Matt",621381,"L","FF",222,"91.2",2543,"21.3",0.9569782989080332,0.9770132177724999,225.55072063507092,220.10162341661044,"4-Seam Fastball",98,630,645,5.44909721846048,5.4490972184604525,-15,10,30,10,45,0,15,"10:30","10:45","-0H 15M"
2026,"Castillo, Luis",622491,"R","FF",734,"95.3",2276,"17.5",0.8178077639353163,0.8638308072780049,128.01720319070552,133.48842603685694,"4-Seam Fastball",86,105,90,-5.47122284615142,5.471222846151422,15,1,45,1,30,0,15,"1:45","1:30","+0H 15M"
2026,"Domínguez, Seranthony",622554,"R","FF",254,"97.2",2311,"14.8",0.7057002082081294,0.8098006795417293,146.77630947242784,157.35597082750454,"4-Seam Fastball",81,60,765,-10.579661355076695,10.579661355076707,15,1,0,12,45,0,15,"1:00","12:45","+0H 15M"
2026,"Senzatela, Antonio",622608,"R","FF",309,"97.3",2309,"13.9",0.7176683259138876,0.8543822703029951,145.6862058339688,155.8973312425096,"4-Seam Fastball",85,75,765,-10.211125408540795,10.21112540854079,30,1,15,12,45,0,30,"1:15","12:45","+0H 30M"
2026,"Severino, Luis",622663,"R","FF",230,"96.9",2251,"17.6",0.8391375244366914,0.9276385512535538,146.03143021930606,152.90922460845962,"4-Seam Fastball",93,75,60,-6.877794389153564,6.877794389153572,15,1,15,1,0,0,15,"1:15","1:00","+0H 15M"
2026,"Sewald, Paul",623149,"R","FF",347,"91.4",2564,"16.4",0.7414767316250408,0.7724885049307318,121.72781018782779,134.82856975001647,"4-Seam Fastball",77,120,90,-13.100759562188685,13.100759562188685,30,2,0,1,30,0,30,"2:00","1:30","+0H 30M"
2026,"Anderson, Drew",623454,"R","FF",404,"95.7",2283,"16.6",0.7825653184074678,0.858553549660271,150.26343051569108,155.9810280707523,"4-Seam Fastball",86,60,765,-5.717597555061218,5.717597555061233,15,1,0,12,45,0,15,"1:00","12:45","+0H 15M"
2026,"Suarez, Ranger",624133,"L","FF",317,"91.7",2056,"12.2",0.5938346962593856,0.7818781056029032,220.70491430304293,201.63106140513602,"4-Seam Fastball",78,645,675,19.073852897906903,19.07385289790687,-30,10,45,11,15,0,30,"10:45","11:15","-0H 30M"
2026,"López, Reynaldo",625643,"R","FF",622,"94.4",2071,"17.7",0.8942517935134326,0.9799793210851738,151.63869408526216,155.5431848466425,"4-Seam Fastball",98,60,765,-3.9044907613803446,3.9044907613803463,15,1,0,12,45,0,15,"1:00","12:45","+0H 15M"
2026,"Iglesias, Raisel",628452,"R","FF",216,"94.5",2331,"17",0.8098935440567596,0.8500934667571292,135.98186532957345,147.01619328985586,"4-Seam Fastball",85,90,60,-11.034327960282411,11.034327960282416,30,1,30,1,0,0,30,"1:30","1:00","+0H 30M"
2026,"Finnegan, Kyle",640448,"R","FF",377,"96.3",2235,"19.7",0.9409115794849234,0.9965669819035073,153.03564310603937,152.9817267790565,"4-Seam Fastball",100,60,60,0.053916326982886176,0.05391632698286239,0,1,0,1,0,0,0,"1:00","1:00"," 0H 00M"
2026,"Manaea, Sean",640455,"L","FF",538,"90.7",2035,"17.4",0.8402658285286547,0.9619663275037593,240.72100773796888,235.72501919504958,"4-Seam Fastball",96,600,615,4.995988542919292,4.9959885429192665,-15,10,0,10,15,0,15,"10:00","10:15","-0H 15M"
2026,"Baker, Bryan",641329,"R","FF",310,"97",2319,"19.3",0.9070694862112662,0.9706950562117224,160.4983346284378,167.65846253068088,"4-Seam Fastball",97,765,750,-7.16012790224309,7.1601279022430635,15,12,45,12,30,0,15,"12:45","12:30","+0H 15M"
2026,"Kay, Anthony",641743,"L","FF",417,"95.8",2337,"16.4",0.7735553290174961,0.8431280947578423,219.13350023264024,208.2726299654831,"4-Seam Fastball",84,645,660,10.86087026715714,10.860870267157143,-15,10,45,11,0,0,15,"10:45","11:00","-0H 15M"
2026,"Lauer, Eric",641778,"L","FF",580,"91",2170,"17.5",0.8357666689451644,0.9375918173014492,220.10307854458722,212.5176072423228,"4-Seam Fastball",94,645,660,7.585471302264409,7.585471302264386,-15,10,45,11,0,0,15,"10:45","11:00","-0H 15M"
2026,"Littell, Zack",641793,"R","FF",433,"91.7",2021,"17.2",0.8411366862298961,0.9462520100224524,151.7916738804306,156.57997573751754,"4-Seam Fastball",95,60,765,-4.788301857086935,4.7883018570869265,15,1,0,12,45,0,15,"1:00","12:45","+0H 15M"
2026,"Mahle, Tyler",641816,"R","FF",668,"92.5",2325,"20.8",0.9574739863229356,0.9958287712059006,143.52768724006154,145.45637411578986,"4-Seam Fastball",100,75,75,-1.9286868757283173,1.9286868757283282,0,1,15,1,15,0,0,"1:15","1:15"," 0H 00M"
2026,"Ober, Bailey",641927,"R","FF",408,"88.3",2280,"18",0.8151347986512315,0.8566022411352666,149.37174006013336,153.66892098870878,"4-Seam Fastball",86,60,60,-4.297180928575415,4.297180928575413,0,1,0,1,0,0,0,"1:00","1:00"," 0H 00M"
2026,"Sulser, Cole",642121,"R","FF",349,"92.2",2386,"20.6",0.9331262011516779,0.9710323431985167,148.62277094830014,152.48994044470973,"4-Seam Fastball",97,60,60,-3.8671694964095877,3.8671694964095926,0,1,0,1,0,0,0,"1:00","1:00"," 0H 00M"
2026,"Williams, Devin",642207,"R","FF",319,"93.9",2335,"19.5",0.9069151259977661,0.9508381525159094,131.9650771132687,138.15311349227534,"4-Seam Fastball",95,90,90,-6.188036379006633,6.188036379006621,0,1,30,1,30,0,0,"1:30","1:30"," 0H 00M"
2026,"Peralta, Freddy",642547,"R","FF",1062,"94.2",2425,"17.7",0.8058654024974677,0.8743982299889996,147.95451103335657,155.4734656279495,"4-Seam Fastball",87,60,765,-7.518954594592941,7.518954594592947,15,1,0,12,45,0,15,"1:00","12:45","+0H 15M"
2026,"Santana, Dennis",642701,"R","FF",214,"94.1",2432,"19.1",0.8856551331036077,0.9348486255963375,135.20241607275022,139.33174422541595,"4-Seam Fastball",93,90,75,-4.129328152665721,4.1293281526657255,15,1,30,1,15,0,15,"1:30","1:15","+0H 15M"
2026,"Jax, Griffin",643377,"R","FF",220,"96.2",2525,"19.1",0.8597448297583814,0.8674333569662238,147.18617862669657,154.61848345012095,"4-Seam Fastball",87,60,765,-7.432304823424374,7.432304823424359,15,1,0,12,45,0,15,"1:00","12:45","+0H 15M"
2026,"Alcantara, Sandy",645261,"R","FF",421,"97.5",2259,"18.7",0.8979083469829183,0.9532947526523636,129.8537923273612,133.4313361523502,"4-Seam Fastball",95,105,90,-3.5775438249890215,3.577543824989025,15,1,45,1,30,0,15,"1:45","1:30","+0H 15M"
2026,"De Jesus, Enmanuel",646241,"L","FF",219,"94.1",2329,"19.5",0.906646414752079,0.9542023216222821,215.56363465583544,210.70104263988242,"4-Seam Fastball",95,645,660,4.862592015953027,4.862592015953026,-15,10,45,11,0,0,15,"10:45","11:00","-0H 15M"
2026,"Soroka, Michael",647336,"R","FF",421,"93.7",2516,"15.9",0.7376878856198802,0.8055983608226531,134.16873476096373,147.5130574700059,"4-Seam Fastball",81,90,60,-13.34432270904216,13.344322709042157,30,1,30,1,0,0,30,"1:30","1:00","+0H 30M"
2026,"Abreu, Bryan",650556,"R","FF",306,"95.2",2186,"17.1",0.8188592792017109,0.8897936218725966,150.49595359249173,157.7342442925451,"4-Seam Fastball",89,60,765,-7.238290700053369,7.238290700053381,15,1,0,12,45,0,15,"1:00","12:45","+0H 15M"
2026,"King, Michael",650633,"R","FF",326,"94",2330,"17",0.7852914837545135,0.8317024001158713,141.73810667685984,151.41940854955268,"4-Seam Fastball",83,75,60,-9.681301872692842,9.681301872692822,15,1,15,1,0,0,15,"1:15","1:00","+0H 15M"
2026,"Burke, Brock",656271,"L","FF",314,"96.2",2326,"17.5",0.8339027142147161,0.92697638828757,214.96136625711165,211.77185172252797,"4-Seam Fastball",93,645,660,3.1895145345836795,3.1895145345836804,-15,10,45,11,0,0,15,"10:45","11:00","-0H 15M"
2026,"Canning, Griffin",656288,"R","FF",285,"94.4",2180,"17.6",0.8483338582348033,0.9300701096038343,143.68057862938034,146.70313569663358,"4-Seam Fastball",93,75,60,-3.0225570672532456,3.022557067253238,15,1,15,1,0,0,15,"1:15","1:00","+0H 15M"
2026,"Cease, Dylan",656302,"R","FF",694,"97.5",2473,"18.4",0.8422652881009229,0.91278157700167,165.2730226083583,169.12679110780343,"4-Seam Fastball",91,750,735,-3.853768499445124,3.853768499445126,15,12,30,12,15,0,15,"12:30","12:15","+0H 15M"
2026,"Flaherty, Jack",656427,"R","FF",806,"92.7",2256,"16.7",0.7780889780457911,0.8622783866493773,152.8066053022017,158.97814457688364,"4-Seam Fastball",86,60,765,-6.1715392746819475,6.1715392746819395,15,1,0,12,45,0,15,"1:00","12:45","+0H 15M"
2026,"Ginkel, Kevin",656464,"R","FF",294,"95.4",2405,"17.6",0.8299730256223398,0.8865047999813793,141.77381747810875,148.79494990862972,"4-Seam Fastball",89,75,60,-7.021132430520964,7.02113243052097,15,1,15,1,0,0,15,"1:15","1:00","+0H 15M"
2026,"Griffin, Foster",656492,"L","FF",317,"91.4",2092,"16.2",0.7809616304619958,0.9178728432146209,210.06332893224132,196.55489088849384,"4-Seam Fastball",92,660,690,13.508438043747475,13.508438043747466,-30,11,0,11,30,0,30,"11:00","11:30","-0H 30M"
2026,"Hoffman, Jeff",656546,"R","FF",256,"96.6",2537,"21.3",0.9625739067029228,0.982579759709711,135.19773745592923,137.97800788144252,"4-Seam Fastball",98,90,90,-2.7802704255132937,2.780270425513286,0,1,30,1,30,0,0,"1:30","1:30"," 0H 00M"
2026,"Holmes, Grant",656550,"R","FF",492,"94.2",2324,"16.4",0.7844986443120134,0.8434197799562497,147.65170099095818,153.77689307706456,"4-Seam Fastball",84,60,765,-6.125192086106381,6.125192086106393,15,1,0,12,45,0,15,"1:00","12:45","+0H 15M"
2026,"Keller, Mitch",656605,"R","FF",546,"93.4",2366,"17.2",0.7952396697857744,0.8586074198211534,143.14008347660945,148.15596740668087,"4-Seam Fastball",86,75,60,-5.015883930071425,5.01588393007141,15,1,15,1,0,0,15,"1:15","1:00","+0H 15M"
2026,"Latz, Jacob",656641,"L","FF",400,"94.7",2314,"20.5",0.9684208568933838,0.9896480810235776,209.79918638201528,206.3374513852296,"4-Seam Fastball",99,660,660,3.4617349967856796,3.461734996785686,0,11,0,11,0,0,0,"11:00","11:00"," 0H 00M"
2026,"Megill, Trevor",656730,"R","FF",367,"97.9",2404,"19.2",0.9109208807866244,0.95186411543038,161.93579650392908,166.71703293128544,"4-Seam Fastball",95,750,750,-4.781236427356362,4.78123642735636,0,12,30,12,30,0,0,"12:30","12:30"," 0H 00M"
2026,"Newcomb, Sean",656794,"L","FF",317,"94.6",2279,"17.7",0.8384338312573215,0.9178081733612058,227.58795446423463,217.8817070151868,"4-Seam Fastball",92,630,645,9.706247449047822,9.70624744904781,-15,10,30,10,45,0,15,"10:30","10:45","-0H 15M"
2026,"Petersen, Michael",656848,"R","FF",441,"97.7",2359,"20.7",0.9756013780110536,0.9951701278267414,153.63917827642143,156.81956763680742,"4-Seam Fastball",100,60,765,-3.1803893603859876,3.1803893603859756,15,1,0,12,45,0,15,"1:00","12:45","+0H 15M"
2026,"Peterson, David",656849,"L","FF",351,"92.3",2159,"11.8",0.5630469427599244,0.6566946056906483,209.401155051381,190.74663737456484,"4-Seam Fastball",66,660,705,18.65451767681617,18.65451767681619,-45,11,0,11,45,0,45,"11:00","11:45","-0H 45M"
2026,"Rasmussen, Drew",656876,"R","FF",443,"96",2520,"17.4",0.78212645060242,0.881002109893293,160.5999172881966,165.50255908152315,"4-Seam Fastball",88,765,750,-4.902641793326552,4.902641793326554,15,12,45,12,30,0,15,"12:45","12:30","+0H 15M"
2026,"Scott, Tanner",656945,"L","FF",286,"96.8",2544,"17.3",0.7857808436320416,0.8097196738080354,216.2605529942052,203.8164689124982,"4-Seam Fastball",81,645,675,12.44408408170699,12.444084081707004,-30,10,45,11,15,0,30,"10:45","11:15","-0H 30M"
2026,"Webb, Jacob",657097,"R","FF",358,"94.2",2457,"18.6",0.8470134552236164,0.8877461909473565,138.54117175316327,147.33024112803298,"4-Seam Fastball",89,90,60,-8.789069374869712,8.789069374869712,30,1,30,1,0,0,30,"1:30","1:00","+0H 30M"
2026,"Webb, Logan",657277,"R","FF",210,"92.4",2087,"12.3",0.5946694405700429,0.7627879433085806,124.48569095532572,139.44361239084765,"4-Seam Fastball",76,105,75,-14.957921435521925,14.95792143552194,30,1,45,1,15,0,30,"1:45","1:15","+0H 30M"
2026,"Ryan, Joe",657746,"R","FF",855,"93.5",2287,"18.8",0.8822421258758828,0.9639685751206369,132.50190359976332,132.79128272608315,"4-Seam Fastball",96,90,90,-0.28937912631982954,0.2893791263198451,0,1,30,1,30,0,0,"1:30","1:30"," 0H 00M"
2026,"Seabold, Connor",657756,"R","FF",252,"93.6",2151,"18.9",0.8992784803440291,0.9711022470699648,143.15934735264594,146.2917050834922,"4-Seam Fastball",97,75,60,-3.132357730846252,3.13235773084624,15,1,15,1,0,0,15,"1:15","1:00","+0H 15M"
2026,"Ohtani, Shohei",660271,"R","FF",602,"98.1",2488,"14.6",0.6733886789948489,0.7461632719014707,146.57323907171372,159.50693061888043,"4-Seam Fastball",75,60,765,-12.933691547166717,12.933691547166696,15,1,0,12,45,0,15,"1:00","12:45","+0H 15M"
2026,"Suarez, José",660761,"L","FF",330,"92.7",2368,"18.1",0.8382324069740191,0.883742001206578,217.36549637281303,206.95403144583827,"4-Seam Fastball",88,645,660,10.411464926974759,10.411464926974777,-15,10,45,11,0,0,15,"10:45","11:00","-0H 15M"
2026,"De Los Santos, Enyel",660853,"R","FF",330,"95",2242,"17",0.8117134029916773,0.9195086615398574,132.1486510307783,138.2824575066444,"4-Seam Fastball",92,90,90,-6.133806475866095,6.133806475866109,0,1,30,1,30,0,0,"1:30","1:30"," 0H 00M"
2026,"Muñoz, Andrés",662253,"R","FF",227,"99.3",2335,"15.5",0.7266814037812329,0.8510877946380064,140.69178550072826,148.0723616863687,"4-Seam Fastball",85,75,60,-7.38057618564045,7.380576185640465,15,1,15,1,0,0,15,"1:15","1:00","+0H 15M"
2026,"Suarez, Robert",663158,"R","FF",221,"98.8",2415,"17.8",0.8568908933486452,0.9178557396739137,154.99249563770366,160.67717875787758,"4-Seam Fastball",92,765,765,-5.684683120173929,5.684683120173947,0,12,45,12,45,0,0,"12:45","12:45"," 0H 00M"
2026,"Feltner, Ryan",663372,"R","FF",315,"94.9",2379,"12.6",0.651001901487414,0.8073874216936294,151.77501587170977,162.94013650949918,"4-Seam Fastball",81,60,750,-11.165120637789414,11.165120637789414,30,1,0,12,30,0,30,"1:00","12:30","+0H 30M"
2026,"Martin, Davis",663436,"R","FF",438,"94.1",2421,"14.7",0.6764309950927665,0.806052707964695,145.73950978765504,157.9307472002595,"4-Seam Fastball",81,75,765,-12.191237412604465,12.191237412604462,30,1,15,12,45,0,30,"1:15","12:45","+0H 30M"
2026,"Bubic, Kris",663460,"L","FF",334,"91.8",2398,"16.8",0.7673233841875382,0.8026672355004004,202.99722625869978,188.47677280561163,"4-Seam Fastball",80,675,705,14.520453453088152,14.520453453088153,-30,11,15,11,45,0,30,"11:15","11:45","-0H 30M"
2026,"Hudson, Bryan",663542,"L","FF",471,"92",2205,"15.6",0.7420834025709424,0.8250746303654164,233.27375969346005,221.50047294202884,"4-Seam Fastball",83,615,630,11.773286751431215,11.773286751431256,-15,10,15,10,30,0,15,"10:15","10:30","-0H 15M"
2026,"Mize, Casey",663554,"R","FF",453,"93.5",2264,"20.1",0.9464634130111551,0.9901245629705133,146.97934477321948,149.65812225062376,"4-Seam Fastball",99,60,60,-2.6787774774042816,2.6787774774042985,0,1,0,1,0,0,0,"1:00","1:00"," 0H 00M"
2026,"McClanahan, Shane",663556,"L","FF",559,"95.6",2222,"18.3",0.8711019877776784,0.959130199182985,213.58282952098318,212.94104926179605,"4-Seam Fastball",96,660,660,0.6417802591871293,0.641780259187145,0,11,0,11,0,0,0,"11:00","11:00"," 0H 00M"
2026,"Morán, Jovani",663558,"L","FF",242,"92.4",2331,"16.5",0.7482118060564894,0.8141337607343194,191.8445207037999,191.08539250451065,"4-Seam Fastball",81,690,705,0.7591281992892505,0.7591281992892471,-15,11,30,11,45,0,15,"11:30","11:45","-0H 15M"
2026,"Lambert, Peter",663567,"R","FF",504,"93.9",2304,"19",0.8826621734008191,0.9555501405364017,148.322706125872,153.02337272300542,"4-Seam Fastball",96,60,60,-4.70066659713342,4.700666597133417,0,1,0,1,0,0,0,"1:00","1:00"," 0H 00M"
2026,"Kolek, Stephen",663568,"R","FF",237,"94.2",2242,"14.2",0.6882985629055519,0.8556245812764097,143.2012167900947,151.88039792661812,"4-Seam Fastball",86,75,60,-8.679181136523425,8.679181136523413,15,1,15,1,0,0,15,"1:15","1:00","+0H 15M"
2026,"Santillan, Tony",663574,"R","FF",321,"94.6",2329,"18.2",0.8462277161089111,0.9226953996312458,131.13995548309435,136.0329375923323,"4-Seam Fastball",92,105,90,-4.892982109237948,4.892982109237945,15,1,45,1,30,0,15,"1:45","1:30","+0H 15M"
2026,"Irvin, Jake",663623,"R","FF",261,"92.9",2336,"16.4",0.7566812110019423,0.8467328662098672,139.4615725557031,147.78030033249286,"4-Seam Fastball",85,75,60,-8.318727776789757,8.31872777678976,15,1,15,1,0,0,15,"1:15","1:00","+0H 15M"
2026,"Harris, Hogan",663687,"L","FF",464,"95.1",2321,"19.5",0.91161334964956,0.9874408413312145,206.70119220003755,206.11043875442346,"4-Seam Fastball",99,660,675,0.5907534456140979,0.5907534456140947,-15,11,0,11,15,0,15,"11:00","11:15","-0H 15M"
2026,"Paddack, Chris",663978,"R","FF",350,"92.9",2209,"19.7",0.9375300682165392,0.995644676496953,155.05907494807423,157.62598559675445,"4-Seam Fastball",100,765,765,-2.5669106486802207,2.566910648680223,0,12,45,12,45,0,0,"12:45","12:45"," 0H 00M"
2026,"Fairbanks, Pete",664126,"R","FF",298,"97.3",2400,"17.7",0.8255636702354144,0.9020099703106624,166.38696798055093,173.89324562496873,"4-Seam Fastball",90,750,735,-7.506277644417793,7.506277644417786,15,12,30,12,15,0,15,"12:30","12:15","+0H 15M"
2026,"Medina, Luis",665622,"R","FF",228,"97.6",2412,"17",0.7910159813756966,0.8685418746156448,144.1530778982022,153.17880894733304,"4-Seam Fastball",87,75,60,-9.025731049130826,9.025731049130826,15,1,15,1,0,0,15,"1:15","1:00","+0H 15M"
2026,"Alvarado, Elvis",665660,"R","FF",257,"98.7",2437,"19.5",0.9058211798067964,0.96553161343085,133.03745166267225,136.6252932949515,"4-Seam Fastball",97,90,90,-3.587841632279236,3.5878416322792557,0,1,30,1,30,0,0,"1:30","1:30"," 0H 00M"
2026,"Ragans, Cole",666142,"L","FF",357,"94.9",2559,"21.8",0.9726237797460808,0.99161148457308,222.610110136937,217.9201030704798,"4-Seam Fastball",99,630,645,4.690007066457213,4.690007066457221,-15,10,30,10,45,0,15,"10:30","10:45","-0H 15M"
2026,"Lodolo, Nick",666157,"L","FF",289,"94",2280,"19.1",0.9129223135823719,0.9851818680091536,250.58813095894578,247.42001173559203,"4-Seam Fastball",99,585,585,3.168119223353756,3.16811922335374,0,9,45,9,45,0,0,"9:45","9:45"," 0H 00M"
2026,"Zeferjahn, Ryan",666171,"R","FF",288,"97.4",2290,"16.1",0.7658190505311183,0.8305924127542905,157.7447220717939,168.29888564265508,"4-Seam Fastball",83,765,750,-10.554163570861192,10.5541635708612,15,12,45,12,30,0,15,"12:45","12:30","+0H 15M"
2026,"Luzardo, Jesús",666200,"L","FF",511,"97",2239,"18.1",0.8720465373300201,0.924723090234941,232.51639107650456,222.82733967799814,"4-Seam Fastball",92,615,630,9.689051398506422,9.68905139850647,-15,10,15,10,30,0,15,"10:15","10:30","-0H 15M"
2026,"Morillo, Juan",666661,"R","FF",298,"98.6",2235,"16.9",0.8351420711831776,0.9129752598182522,151.84883110009727,162.01677324789588,"4-Seam Fastball",91,60,750,-10.167942147798612,10.167942147798605,30,1,0,12,30,0,30,"1:00","12:30","+0H 30M"
2026,"Soriano, José",667755,"R","FF",445,"97.2",2187,"16.3",0.7882404222451362,0.865333386020882,131.19894384078526,141.4041832288775,"4-Seam Fastball",87,105,75,-10.205239388092252,10.20523938809226,30,1,45,1,15,0,30,"1:45","1:15","+0H 30M"
2026,"Erceg, Lucas",668674,"R","FF",210,"97.1",2092,"17.7",0.8878020294757524,0.9891482962021602,139.1318402688333,141.0871380481295,"4-Seam Fastball",99,75,75,-1.9552977792962167,1.955297779296212,0,1,15,1,15,0,0,"1:15","1:15"," 0H 00M"
2026,"Gallen, Zac",668678,"R","FF",582,"93.4",2308,"16.5",0.7774853629004522,0.8123113573868701,157.65044887814548,168.58388254744884,"4-Seam Fastball",81,765,750,-10.933433669303355,10.933433669303378,15,12,45,12,30,0,15,"12:45","12:30","+0H 15M"
2026,"Kilian, Caleb",668873,"R","FF",333,"96.8",2383,"15.4",0.7149760114899352,0.7955111171665477,161.00554582397953,173.2825460636378,"4-Seam Fastball",80,765,735,-12.277000239658264,12.277000239658276,30,12,45,12,15,0,30,"12:45","12:15","+0H 30M"
2026,"Williams, Gavin",668909,"R","FF",466,"97.2",2293,"18",0.8523790399031008,0.9431159757752545,138.26329728286692,139.80205210932553,"4-Seam Fastball",94,90,75,-1.5387548264586144,1.5387548264586242,15,1,30,1,15,0,15,"1:30","1:15","+0H 15M"
2026,"Myers, Tobias",668964,"R","FF",340,"92.7",2239,"20",0.9425369107722301,0.994879674130839,164.2052200664487,166.93695470441838,"4-Seam Fastball",99,750,750,-2.73173463796968,2.731734637969673,0,12,30,12,30,0,0,"12:30","12:30"," 0H 00M"
2026,"Legumina, Casey",668984,"R","FF",278,"93.4",2376,"20",0.9033880046149328,0.9525230433802251,129.63907219438363,132.02135669216813,"4-Seam Fastball",95,105,90,-2.3822844977844966,2.3822844977845223,15,1,45,1,30,0,15,"1:45","1:30","+0H 15M"
2026,"Rolison, Ryan",669020,"L","FF",252,"94.6",2284,"14.2",0.6818316511081686,0.7429084961988195,198.89590635857994,189.49394414975012,"4-Seam Fastball",74,675,705,9.401962208829815,9.401962208829849,-30,11,15,11,45,0,30,"11:15","11:45","-0H 30M"
2026,"Gore, MacKenzie",669022,"L","FF",887,"95.4",2244,"17.2",0.8243703091750835,0.9209191322969548,209.02390361827645,203.84501592855787,"4-Seam Fastball",92,660,675,5.178887689718579,5.178887689718612,-15,11,0,11,15,0,15,"11:00","11:15","-0H 15M"
2026,"May, Dustin",669160,"R","FF",448,"96.9",2327,"17.7",0.8392161339100318,0.9466832247584283,141.18649687872318,144.49709170056704,"4-Seam Fastball",95,75,75,-3.310594821843864,3.3105948218438863,0,1,15,1,15,0,0,"1:15","1:15"," 0H 00M"
2026,"Hurt, Kyle",669165,"R","FF",280,"96.4",2084,"18.7",0.9331345734053894,0.9929398748808032,149.55194284758784,150.62151609439854,"4-Seam Fastball",99,60,60,-1.0695732468107053,1.0695732468106878,0,1,0,1,0,0,0,"1:00","1:00"," 0H 00M"
2026,"Nelson, Ryne",669194,"R","FF",671,"96.3",2282,"19.2",0.9239842752226131,0.9855427539907025,168.86228903133204,171.186895452552,"4-Seam Fastball",99,735,735,-2.324606421219954,2.324606421219943,0,12,15,12,15,0,0,"12:15","12:15"," 0H 00M"
2026,"Bachar, Lake",669199,"R","FF",274,"94.7",2710,"20.7",0.9037680910679046,0.9032974665406882,148.4516688273476,151.83506293163651,"4-Seam Fastball",90,60,60,-3.383394104288925,3.3833941042889153,0,1,0,1,0,0,0,"1:00","1:00"," 0H 00M"
2026,"Akin, Keegan",669211,"L","FF",219,"93.7",2343,"19.9",0.9138352171308899,0.9524293916217481,217.47625377060638,213.49903704000292,"4-Seam Fastball",95,645,660,3.977216730603459,3.9772167306034767,-15,10,45,11,0,0,15,"10:45","11:00","-0H 15M"
2026,"Gilbert, Logan",669302,"R","FF",731,"96",2197,"17.9",0.848563885415975,0.9291237453995691,153.22094419347263,159.2685895539534,"4-Seam Fastball",93,60,765,-6.047645360480772,6.047645360480766,15,1,0,12,45,0,15,"1:00","12:45","+0H 15M"
2026,"Wells, Tyler",669330,"R","FF",226,"93.5",2414,"18.3",0.8289309332137212,0.9296032590188871,163.51657724502516,170.09336888202424,"4-Seam Fastball",93,750,735,-6.576791636999076,6.5767916369990775,15,12,30,12,15,0,15,"12:30","12:15","+0H 15M"
2026,"Baz, Shane",669358,"R","FF",650,"96.1",2409,"18.7",0.8654998011800299,0.9621963070993438,145.58392623305028,149.0588140099792,"4-Seam Fastball",96,75,60,-3.4748877769289095,3.4748877769288966,15,1,15,1,0,0,15,"1:15","1:00","+0H 15M"
2026,"Ginn, J.T.",669372,"R","FF",217,"93.6",2039,"11.8",0.5823035053093004,0.7281595922039633,140.14245641411438,155.98109686357617,"4-Seam Fastball",73,75,765,-15.838640449461792,15.838640449461789,30,1,15,12,45,0,30,"1:15","12:45","+0H 30M"
2026,"Skubal, Tarik",669373,"L","FF",496,"96.7",2327,"17",0.812584995307986,0.9013685681427643,204.1091349662445,192.5675086551027,"4-Seam Fastball",90,675,690,11.541626311141812,11.541626311141819,-15,11,15,11,30,0,15,"11:15","11:30","-0H 15M"
2026,"Mlodzinski, Carmen",669387,"R","FF",413,"95",2090,"15.5",0.76365747862777,0.9389253804867349,136.76975818960864,137.42389382965754,"4-Seam Fastball",94,90,90,-0.6541356400489065,0.6541356400488969,0,1,30,1,30,0,0,"1:30","1:30"," 0H 00M"
2026,"Rogers, Trevor",669432,"L","FF",750,"93.5",2470,"18.6",0.8367639601655086,0.8704332227493993,227.79347232333745,216.51401145819966,"4-Seam Fastball",87,630,645,11.279460865137793,11.279460865137807,-15,10,30,10,45,0,15,"10:30","10:45","-0H 15M"
2026,"Liberatore, Matthew",669461,"L","FF",531,"94.4",2106,"17.3",0.8529958365987056,0.9571451478685662,205.70567916193778,202.61908536722825,"4-Seam Fastball",96,675,675,3.086593794709529,3.0865937947095254,0,11,15,11,15,0,0,"11:15","11:15"," 0H 00M"
2026,"Pallante, Andre",669467,"R","FF",560,"95.2",2239,"11.4",0.5505122396407369,0.8047427225216285,171.1016030084427,177.29760798604067,"4-Seam Fastball",80,735,720,-6.1960049775979655,6.196004977597953,15,12,15,12,0,0,15,"12:15","12:00","+0H 15M"
2026,"Kirby, George",669923,"R","FF",514,"96.6",2256,"15.9",0.7472568610758673,0.9152719876042118,140.51898393955102,143.17355552469644,"4-Seam Fastball",92,75,75,-2.654571585145419,2.6545715851454204,0,1,15,1,15,0,0,"1:15","1:15"," 0H 00M"
2026,"Festa, Matt",670036,"R","FF",319,"92.4",2518,"11.2",0.50165933136467,0.6147413725809651,165.4208864823101,185.59002885416407,"4-Seam Fastball",61,750,705,-20.16914237185398,20.169142371853972,45,12,30,11,45,0,45,"12:30","11:45","+0H 45M"
2026,"Bednar, David",670280,"R","FF",317,"96.1",2359,"19.9",0.9202078847855255,0.9882266403134018,147.59249794771262,151.7646919544818,"4-Seam Fastball",99,60,60,-4.172194006769189,4.172194006769182,0,1,0,1,0,0,0,"1:00","1:00"," 0H 00M"
2026,"Garcia, Rico",670329,"R","FF",215,"95.3",2503,"21.3",0.9628913853388243,0.9875306723825262,144.76272968801766,143.82898680476595,"4-Seam Fastball",99,75,75,0.9337428832517105,0.9337428832516969,0,1,15,1,15,0,0,"1:15","1:15"," 0H 00M"
2026,"Richards, Trevor",670950,"R","FF",419,"92.2",2260,"20.3",0.9567199252815398,0.9947749828384099,158.49931964612517,158.70018231940645,"4-Seam Fastball",99,765,765,-0.2008626732812786,0.20086267328127733,0,12,45,12,45,0,0,"12:45","12:45"," 0H 00M"
2026,"Ramírez, Yohan",670990,"R","FF",220,"96.6",2354,"16.7",0.7968476041135124,0.8377308420467132,127.67451893258357,137.40601943600234,"4-Seam Fastball",84,105,90,-9.731500503418772,9.731500503418765,15,1,45,1,30,0,15,"1:45","1:30","+0H 15M"
2026,"Abbott, Andrew",671096,"L","FF",891,"92.6",2346,"17.6",0.814840569056316,0.9055719244531119,205.0697489532349,203.75138388786706,"4-Seam Fastball",91,675,675,1.3183650653678285,1.3183650653678196,0,11,15,11,15,0,0,"11:15","11:15"," 0H 00M"
2026,"Bradley, Taj",671737,"R","FF",911,"96.9",2308,"18.9",0.9014838782349167,0.963454189905734,160.93950443808612,162.63956546311053,"4-Seam Fastball",96,765,750,-1.7000610250244108,1.7000610250244343,15,12,45,12,30,0,15,"12:45","12:30","+0H 15M"
2026,"Smith, Cade",671922,"R","FF",491,"97",2330,"18.1",0.8556825497841825,0.9378974474469264,149.5143619421757,153.46987264550378,"4-Seam Fastball",94,60,60,-3.9555107033280876,3.9555107033281063,0,1,0,1,0,0,0,"1:00","1:00"," 0H 00M"
2026,"Detmers, Reid",672282,"L","FF",885,"94.1",2151,"19.2",0.9269579186550718,0.9838488688589798,215.0980231718927,210.95397966162852,"4-Seam Fastball",98,645,660,4.144043510264169,4.144043510264154,-15,10,45,11,0,0,15,"10:45","11:00","-0H 15M"
2026,"Montero, Keider",672456,"R","FF",465,"94.3",2229,"17.1",0.8134762878852865,0.885205357745831,150.77332555302658,158.82424299664513,"4-Seam Fastball",89,60,765,-8.050917443618545,8.050917443618546,15,1,0,12,45,0,15,"1:00","12:45","+0H 15M"
2026,"Gómez, Yoendrys",672782,"R","FF",326,"95.5",2453,"17.5",0.8111186279079683,0.8940808215642384,149.2296657730422,155.75233391744308,"4-Seam Fastball",89,60,765,-6.522668144400882,6.52266814440086,15,1,0,12,45,0,15,"1:00","12:45","+0H 15M"
2026,"Matsui, Yuki",673513,"L","FF",234,"91.9",2437,"19.4",0.8730285738751288,0.9459280852458466,201.40945606514165,194.61309552001245,"4-Seam Fastball",95,675,690,6.796360545129204,6.796360545129176,-15,11,15,11,30,0,15,"11:15","11:30","-0H 15M"
2026,"Senga, Kodai",673540,"R","FF",291,"96.2",2364,"17.2",0.7990407771981114,0.863085127896523,147.4011372637116,156.9259583894208,"4-Seam Fastball",86,60,765,-9.524821125709195,9.524821125709186,15,1,0,12,45,0,15,"1:00","12:45","+0H 15M"
2026,"Cruz, Steven",674444,"R","FF",331,"98.2",2218,"18",0.889205617090935,0.9521358663117646,138.89185161585388,141.81608216893653,"4-Seam Fastball",95,75,75,-2.9242305530826513,2.924230553082639,0,1,15,1,15,0,0,"1:15","1:15"," 0H 00M"
2026,"Alvarez, Andrew",674841,"L","FF",263,"92.4",2321,"13",0.6083264635293385,0.744442202574673,208.22318947572492,191.62287161504895,"4-Seam Fastball",74,660,690,16.600317860675972,16.60031786067598,-30,11,0,11,30,0,30,"11:00","11:30","-0H 30M"
2026,"Melton, Troy",675512,"R","FF",319,"96.3",2243,"15.7",0.7570539831310316,0.8843299681218599,149.68185605897963,156.96437841570477,"4-Seam Fastball",88,60,765,-7.2825223567251385,7.282522356725137,15,1,0,12,45,0,15,"1:00","12:45","+0H 15M"
2026,"Drohan, Shane",675660,"L","FF",368,"94.8",2430,"18.2",0.8531356530496531,0.9080205165497819,225.83461822860625,221.40363207758412,"4-Seam Fastball",91,630,630,4.430986151022125,4.43098615102211,0,10,30,10,30,0,0,"10:30","10:30"," 0H 00M"
2026,"Mejia, Juan",675848,"R","FF",412,"97.4",2467,"11.3",0.5753014234309362,0.7718081969101818,151.96898998444433,157.32807018796578,"4-Seam Fastball",77,60,765,-5.359080203521444,5.359080203521451,15,1,0,12,45,0,15,"1:00","12:45","+0H 15M"
2026,"Strider, Spencer",675911,"R","FF",329,"95.1",2338,"19.2",0.9274580977375442,0.9881822750122691,151.82781666197505,151.2045280111708,"4-Seam Fastball",99,60,60,0.6232886508042554,0.623288650804246,0,1,0,1,0,0,0,"1:00","1:00"," 0H 00M"
2026,"Junk, Janson",676083,"R","FF",383,"94.2",2323,"19.3",0.8902451925240519,0.911411076628012,154.06625332850803,160.81025374091706,"4-Seam Fastball",91,765,765,-6.7440004124090365,6.744000412409044,0,12,45,12,45,0,0,"12:45","12:45"," 0H 00M"
2026,"Hancock, Emerson",676106,"R","FF",628,"95.4",2359,"15.2",0.6944737539268242,0.8168865534214426,117.46809570229428,123.17671239522102,"4-Seam Fastball",82,120,120,-5.708616692926739,5.708616692926739,0,2,0,2,0,0,0,"2:00","2:00"," 0H 00M"
2026,"Dreyer, Jack",676263,"L","FF",303,"93.9",2472,"20.4",0.9316590944070171,0.9961485009343585,202.37556028236312,198.72682724762686,"4-Seam Fastball",100,675,690,3.648733034736267,3.648733034736267,-15,11,15,11,30,0,15,"11:15","11:30","-0H 15M"
2026,"Cantillo, Joey",676282,"L","FF",659,"92.1",1868,"17.4",0.8865217273905024,0.9813972395538991,207.62980249062906,202.81395721868392,"4-Seam Fastball",98,660,675,4.815845271945136,4.815845271945124,-15,11,0,11,15,0,15,"11:00","11:15","-0H 15M"
2026,"Bibee, Tanner",676440,"R","FF",439,"94",2156,"16.6",0.7943406389395462,0.9010794816450733,158.68838104479778,161.24713328069348,"4-Seam Fastball",90,765,765,-2.558752235895696,2.5587522358956805,0,12,45,12,45,0,0,"12:45","12:45"," 0H 00M"
2026,"Vest, Will",676684,"R","FF",214,"95.8",2251,"17.4",0.826020227973954,0.8792113125109755,150.75125482069922,159.48297344727308,"4-Seam Fastball",88,60,765,-8.731718626573866,8.731718626573869,15,1,0,12,45,0,15,"1:00","12:45","+0H 15M"
2026,"Mattson, Isaac",676755,"R","FF",441,"94.1",2348,"20.2",0.9413155547611499,0.9840883550715978,149.16011917182846,150.509378368955,"4-Seam Fastball",98,60,60,-1.3492591971265426,1.3492591971265149,0,1,0,1,0,0,0,"1:00","1:00"," 0H 00M"
2026,"Marinaccio, Ron",676760,"R","FF",367,"93.8",2169,"19.5",0.9302368689903954,0.9868595189726453,129.649143550482,128.91783861664894,"4-Seam Fastball",99,105,105,0.7313049338330586,0.7313049338330646,0,1,45,1,45,0,0,"1:45","1:45"," 0H 00M"
2026,"Cavalli, Cade",676917,"R","FF",653,"96.7",2299,"15.4",0.7367340606764704,0.830458370336066,146.17858450724486,156.86308783424,"4-Seam Fastball",83,75,765,-10.684503326995127,10.684503326995108,30,1,15,12,45,0,30,"1:15","12:45","+0H 30M"
2026,"Brown, Ben",676962,"R","FF",368,"96.3",2214,"17.8",0.8492468773741833,0.9446093232736664,145.99095401276597,150.42607946374739,"4-Seam Fastball",94,75,60,-4.435125450981417,4.435125450981424,15,1,15,1,0,0,15,"1:15","1:00","+0H 15M"
2026,"Meyer, Max",676974,"R","FF",430,"95.1",2614,"19.4",0.8637148078279445,0.876911563884035,142.04207077762203,150.2903450542558,"4-Seam Fastball",88,75,60,-8.248274276633765,8.248274276633746,15,1,15,1,0,0,15,"1:15","1:00","+0H 15M"
2026,"Cecconi, Slade",677944,"R","FF",447,"93.2",2365,"19.5",0.8941684266484043,0.950090916203672,139.24754533309928,143.31800918143216,"4-Seam Fastball",95,75,75,-4.070463848332878,4.070463848332858,0,1,15,1,15,0,0,"1:15","1:15"," 0H 00M"
2026,"Ashcraft, Braxton",677952,"R","FF",566,"97.2",2350,"17.8",0.8458371547893659,0.9086312308321959,138.10850311550692,146.32169124824205,"4-Seam Fastball",91,90,60,-8.213188132735127,8.213188132735143,30,1,30,1,0,0,30,"1:30","1:00","+0H 30M"
2026,"Weathers, Ryan",677960,"L","FF",463,"95.8",2378,"18.7",0.8530760149620236,0.9234216063889843,224.61847907511668,217.82736617558803,"4-Seam Fastball",92,630,645,6.791112899528656,6.791112899528647,-15,10,30,10,45,0,15,"10:30","10:45","-0H 15M"
2026,"Perkins, Jack",678022,"R","FF",373,"95.9",2236,"17.4",0.8303422841439024,0.9227974329257175,137.28385050285897,143.47367854800558,"4-Seam Fastball",92,90,75,-6.189828045146612,6.189828045146602,15,1,30,1,15,0,15,"1:30","1:15","+0H 15M"
2026,"Teng, Kai-Wei",678906,"R","FF",324,"93.3",2472,"16.4",0.7375559775598828,0.8037779695538404,131.4868488630301,140.6723996597006,"4-Seam Fastball",80,90,75,-9.185550796670498,9.185550796670501,15,1,30,1,15,0,15,"1:30","1:15","+0H 15M"
2026,"Avila, Luinder",679883,"R","FF",294,"96.1",2490,"14.3",0.6590434999071798,0.7472592227170428,164.3683443232323,177.58902052697286,"4-Seam Fastball",75,750,720,-13.220676203740567,13.220676203740576,30,12,30,12,0,0,30,"12:30","12:00","+0H 30M"
2026,"Rodriguez, Grayson",680570,"R","FF",394,"96",2275,"19.2",0.9109972186635933,0.9912286166525636,139.55006444373151,141.6888540410608,"4-Seam Fastball",99,75,75,-2.1387895973292927,2.138789597329276,0,1,15,1,15,0,0,"1:15","1:15"," 0H 00M"
2026,"Woods Richardson, Simeon",680573,"R","FF",444,"92.6",2205,"18.8",0.8837305853973721,0.9546291396500413,163.13707377647904,160.56635547173784,"4-Seam Fastball",95,750,765,2.570718304741206,2.5707183047412157,-15,12,30,12,45,0,15,"12:30","12:45","-0H 15M"
2026,"Bradish, Kyle",680694,"R","FF",328,"94",2404,"13",0.5927525713740661,0.7036743080116749,177.75416414871182,190.42227938932743,"4-Seam Fastball",70,720,705,-12.668115240615606,12.668115240615633,15,12,0,11,45,0,15,"12:00","11:45","+0H 15M"
2026,"Parker, Mitchell",680730,"L","FF",225,"93.6",2167,"18.4",0.8797677049320242,0.9959244595568217,196.04939055392936,198.16826332123657,"4-Seam Fastball",100,690,690,-2.1188727673072094,2.1188727673072267,0,11,30,11,30,0,0,"11:30","11:30"," 0H 00M"
2026,"Burke, Sean",680732,"R","FF",709,"94.9",2582,"18.9",0.8504788901722928,0.8656166694507462,160.09809898743092,165.6649071857731,"4-Seam Fastball",87,765,750,-5.566808198342187,5.566808198342172,15,12,45,12,30,0,15,"12:45","12:30","+0H 15M"
2026,"Wrobleski, Justin",680736,"L","FF",756,"94.3",2446,"16.9",0.7815198158583004,0.8279451219690611,214.34761297493367,202.5604001129674,"4-Seam Fastball",83,645,675,11.787212861966282,11.787212861966294,-30,10,45,11,15,0,30,"10:45","11:15","-0H 30M"
2026,"Bowlan, Jonathan",680742,"R","FF",255,"97.3",2411,"19.7",0.9183615385415711,0.9325407642112606,150.16258377612013,155.00886953548573,"4-Seam Fastball",93,60,765,-4.8462857593656,4.8462857593655935,15,1,0,12,45,0,15,"1:00","12:45","+0H 15M"
2026,"Vodnik, Victor",680767,"R","FF",288,"98.6",2261,"13",0.6750527587055564,0.8591158594915387,151.81201971821736,156.25021483113306,"4-Seam Fastball",86,60,765,-4.438195112915707,4.438195112915709,15,1,0,12,45,0,15,"1:00","12:45","+0H 15M"
2026,"Scott, Christian",681035,"R","FF",536,"95.4",2302,"17.7",0.844740231110364,0.9038454473527228,139.39117874825894,145.67942756181284,"4-Seam Fastball",90,75,75,-6.288248813553906,6.288248813553919,0,1,15,1,15,0,0,"1:15","1:15"," 0H 00M"
2026,"Vásquez, Randy",681190,"R","FF",496,"95",2431,"18.5",0.8455817282743572,0.898667867205855,144.18331203113917,147.2870673599055,"4-Seam Fastball",90,75,60,-3.10375532876634,3.1037553287663524,15,1,15,1,0,0,15,"1:15","1:00","+0H 15M"
2026,"Silseth, Chase",681217,"R","FF",263,"96",2413,"17.3",0.802899594555558,0.8600979721133428,149.32047976943326,155.07260432421498,"4-Seam Fastball",86,60,765,-5.752124554781716,5.75212455478171,15,1,0,12,45,0,15,"1:00","12:45","+0H 15M"
2026,"Arrighetti, Spencer",681293,"R","FF",445,"92.4",2340,"17.6",0.8059900694760941,0.9132048728456469,135.01188505026846,137.96333553434602,"4-Seam Fastball",91,90,90,-2.9514504840775544,2.951450484077548,0,1,30,1,30,0,0,"1:30","1:30"," 0H 00M"
2026,"Burrows, Mike",681347,"R","FF",447,"95",2277,"18.4",0.8690658672284983,0.9407827760119184,146.26093776392375,150.15165656511502,"4-Seam Fastball",94,60,60,-3.8907188011912694,3.8907188011912655,0,1,0,1,0,0,0,"1:00","1:00"," 0H 00M"
2026,"Varland, Gus",681402,"R","FF",317,"95.1",2308,"20.4",0.9509468099017456,0.9787397262877762,150.3697817810023,151.54296223839415,"4-Seam Fastball",98,60,60,-1.173180457391851,1.1731804573918636,0,1,0,1,0,0,0,"1:00","1:00"," 0H 00M"
2026,"Leahy, Kyle",681517,"R","FF",442,"94.1",2178,"15.1",0.7281126018653898,0.8566398883464509,155.80516140823144,161.0572267832271,"4-Seam Fastball",86,765,765,-5.252065374995652,5.252065374995642,0,12,45,12,45,0,0,"12:45","12:45"," 0H 00M"
2026,"Sabrowski, Erik",681870,"L","FF",365,"94.1",2541,"21.4",0.9623100645183296,0.9640149685348738,211.89503748151935,208.6989540292256,"4-Seam Fastball",96,660,660,3.196083452293749,3.196083452293743,0,11,0,11,0,0,0,"11:00","11:00"," 0H 00M"
2026,"Vesia, Alex",681911,"L","FF",334,"91.9",2484,"21.5",0.9678399394736039,0.9813411021721524,192.13387694361154,191.74715121452297,"4-Seam Fastball",98,690,690,0.3867257290885675,0.3867257290886045,0,11,30,11,30,0,0,"11:30","11:30"," 0H 00M"
2026,"Anderson, Grant",681982,"R","FF",242,"93.4",2414,"16.7",0.7697016333272126,0.772408703242698,124.07863281182674,135.4558526120799,"4-Seam Fastball",77,105,90,-11.377219800253158,11.377219800253155,15,1,45,1,30,0,15,"1:45","1:30","+0H 15M"
2026,"Lopez, Jacob",682052,"L","FF",434,"90.5",2186,"18.4",0.8637499229480466,0.9374712346771079,232.61031642359342,230.49740595894286,"4-Seam Fastball",94,615,615,2.112910464650554,2.112910464650571,0,10,15,10,15,0,0,"10:15","10:15"," 0H 00M"
2026,"Miller, Bryce",682243,"R","FF",438,"96.1",2519,"19.2",0.8666370591346908,0.8965526105262982,158.89292935937706,164.1646193548039,"4-Seam Fastball",90,765,750,-5.27168999542684,5.271689995426836,15,12,45,12,30,0,15,"12:45","12:30","+0H 15M"
2026,"Montgomery, Mason",682254,"L","FF",413,"98.2",2217,"18.2",0.8973836018967575,0.9766388147635108,197.34242195298242,193.6761859932192,"4-Seam Fastball",98,690,690,3.6662359597632133,3.6662359597632133,0,11,30,11,30,0,0,"11:30","11:30"," 0H 00M"
2026,"Gray, Peyton",682608,"R","FF",240,"92.8",2327,"20.2",0.9456775527629444,0.9869133392214092,138.89444282907408,141.40259238125668,"4-Seam Fastball",99,75,75,-2.5081495521826014,2.508149552182588,0,1,15,1,15,0,0,"1:15","1:15"," 0H 00M"
2026,"Jones, Jared",683003,"R","FF",332,"98.5",2551,"17.8",0.845255819252587,0.9060890958889644,143.94405280304073,148.60645462740393,"4-Seam Fastball",91,75,60,-4.662401824363201,4.662401824363179,15,1,15,1,0,0,15,"1:15","1:00","+0H 15M"
2026,"Leiter, Jack",683004,"R","FF",538,"96.7",2437,"18.9",0.880401322673027,0.9327827295869299,148.67263110052107,153.25338385512882,"4-Seam Fastball",93,60,60,-4.580752754607744,4.5807527546077305,0,1,0,1,0,0,0,"1:00","1:00"," 0H 00M"
2026,"Phillips, Connor",683175,"R","FF",267,"98.3",2484,"19",0.8747229190472253,0.9073519328583404,139.34247598821585,146.21223940491302,"4-Seam Fastball",91,75,75,-6.869763416697168,6.869763416697175,0,1,15,1,15,0,0,"1:15","1:15"," 0H 00M"
2026,"Imanaga, Shota",684007,"L","FF",728,"91.7",2500,"20.7",0.9422958396673576,0.9877185576633841,214.1930466934338,214.04312102922194,"4-Seam Fastball",99,645,645,0.14992566421187803,0.1499256642118987,0,10,45,10,45,0,0,"10:45","10:45"," 0H 00M"
2026,"Eisert, Brandon",685126,"L","FF",231,"90",2116,"16.4",0.7883423940704254,0.9002423852837755,215.82401732045204,207.65039580746958,"4-Seam Fastball",90,645,660,8.173621512982464,8.173621512982443,-15,10,45,11,0,0,15,"10:45","11:00","-0H 15M"
2026,"Gordon, Tanner",685299,"R","FF",376,"92.7",2236,"17.8",0.9309797121775629,0.9827678345575313,142.3289287343634,145.2592937661704,"4-Seam Fastball",98,75,75,-2.930365031807014,2.930365031807009,0,1,15,1,15,0,0,"1:15","1:15"," 0H 00M"
2026,"Sheehan, Emmet",686218,"R","FF",659,"94.5",2439,"20.2",0.9332002884421203,0.978064353841776,151.53841009764236,152.3955871503228,"4-Seam Fastball",98,60,60,-0.8571770526804414,0.8571770526804467,0,1,0,1,0,0,0,"1:00","1:00"," 0H 00M"
2026,"Brown, Hunter",686613,"R","FF",283,"96.1",2250,"17.9",0.8541193466585049,0.9402696077117392,149.400855816465,155.20050128059478,"4-Seam Fastball",94,60,765,-5.799645464129782,5.79964546412979,15,1,0,12,45,0,15,"1:00","12:45","+0H 15M"
2026,"Kochanowicz, Jack",686799,"R","FF",242,"96.2",2285,"15",0.7128450779927572,0.8154979763554545,140.81192133425844,152.36885627488817,"4-Seam Fastball",82,75,60,-11.55693494062973,11.556934940629716,15,1,15,1,0,0,15,"1:15","1:00","+0H 15M"
2026,"Varland, Louis",686973,"R","FF",335,"98.6",2261,"17.8",0.8505482958212566,0.9341055319058559,146.05773598442536,152.54560423910556,"4-Seam Fastball",93,75,60,-6.487868254680194,6.487868254680189,15,1,15,1,0,0,15,"1:15","1:00","+0H 15M"
2026,"Sterner, Justin",686993,"R","FF",277,"93.4",2343,"19",0.8728334434852631,0.9414364443489844,146.22145956999404,153.8925365037188,"4-Seam Fastball",94,75,765,-7.671076933724748,7.671076933724767,30,1,15,12,45,0,30,"1:15","12:45","+0H 30M"
2026,"Young, Brandon",687064,"R","FF",608,"94.3",2242,"18.1",0.853491044945467,0.952692364728838,154.57123014105815,161.37454425414475,"4-Seam Fastball",95,765,750,-6.8033141130866,6.803314113086615,15,12,45,12,30,0,15,"12:45","12:30","+0H 15M"
2026,"Sproat, Brandon",687075,"R","FF",323,"96.9",2059,"14.2",0.7301574162183323,0.891687320368463,138.60319015868188,148.02089622877983,"4-Seam Fastball",89,90,60,-9.41770607009795,9.417706070097939,30,1,30,1,0,0,30,"1:30","1:00","+0H 30M"
2026,"Headrick, Brent",687396,"L","FF",386,"94.3",2342,"19",0.8769643747607072,0.9504063801546601,211.14042573119676,206.21117207774367,"4-Seam Fastball",95,660,675,4.929253653453088,4.929253653453075,-15,11,0,11,15,0,15,"11:00","11:15","-0H 15M"
2026,"Bennett, Jake",687562,"L","FF",266,"92.9",2151,"16.5",0.8057707038048175,0.9040398203085376,237.51050986355295,227.5163258744368,"4-Seam Fastball",90,600,630,9.994183989116152,9.994183989116134,-30,10,0,10,30,0,30,"10:00","10:30","-0H 30M"
2026,"Prielipp, Connor",687570,"L","FF",344,"95.4",2274,"17.1",0.8156504018519243,0.9089898723048689,220.37283416427164,210.75498947917868,"4-Seam Fastball",91,645,660,9.617844685092962,9.617844685092939,-15,10,45,11,0,0,15,"10:45","11:00","-0H 15M"
2026,"King, Bryan",687911,"L","FF",431,"91.9",2089,"13",0.624596222600762,0.7419152607058747,211.6743688305752,193.87772608446002,"4-Seam Fastball",74,660,690,17.796642746115168,17.796642746115165,-30,11,0,11,30,0,30,"11:00","11:30","-0H 30M"
2026,"Gasser, Robert",688107,"L","FF",226,"92.5",2240,"15.9",0.7668448234515673,0.8649624155284845,219.1046435707247,211.060147658934,"4-Seam Fastball",86,645,660,8.044495911790705,8.04449591179068,-15,10,45,11,0,0,15,"10:45","11:00","-0H 15M"
2026,"Agnos, Zach",688642,"R","FF",249,"94.5",2358,"15.6",0.8058423372020205,0.9356866063736229,147.01927130002682,152.36907489198128,"4-Seam Fastball",94,60,60,-5.349803591954469,5.3498035919544895,0,1,0,1,0,0,0,"1:00","1:00"," 0H 00M"
2026,"Pallette, Peyton",688883,"R","FF",231,"95.4",2278,"20.1",0.9328699335201667,0.9858934409446878,139.50245281926405,141.32954752029107,"4-Seam Fastball",99,75,75,-1.827094701027022,1.8270947010270544,0,1,15,1,15,0,0,"1:15","1:15"," 0H 00M"
2026,"Kerkering, Orion",689147,"R","FF",230,"97.5",2356,"19.7",0.9294096159575154,0.9866272853934787,136.28148856063066,141.92752650443197,"4-Seam Fastball",99,90,75,-5.6460379438013035,5.64603794380129,15,1,30,1,15,0,15,"1:30","1:15","+0H 15M"
2026,"Beeter, Clayton",690925,"R","FF",261,"95.6",2409,"17.5",0.8089365633929418,0.8858087846015609,162.03873413093226,168.08410335579748,"4-Seam Fastball",89,750,750,-6.045369224865226,6.045369224865205,0,12,30,12,30,0,0,"12:30","12:30"," 0H 00M"
2026,"Harrison, Kyle",690986,"L","FF",803,"95",2366,"19.7",0.9153857671798638,0.9770859693129913,227.80099930597368,223.3842358188819,"4-Seam Fastball",98,630,630,4.416763487091771,4.416763487091796,0,10,30,10,30,0,0,"10:30","10:30"," 0H 00M"
2026,"McLean, Nolan",690997,"R","FF",398,"96.1",2331,"18",0.8422429344339218,0.9067329218250838,130.48496843611213,138.23724879000935,"4-Seam Fastball",91,105,90,-7.75228035389722,7.752280353897198,15,1,45,1,30,0,15,"1:45","1:30","+0H 15M"
2026,"Pérez, Eury",691587,"R","FF",679,"98.2",2669,"21.2",0.9442153239775067,0.9643155143857636,145.12507059130346,146.47768287552066,"4-Seam Fastball",96,75,60,-1.3526122842172015,1.3526122842172263,15,1,15,1,0,0,15,"1:15","1:00","+0H 15M"
2026,"Painter, Andrew",691725,"R","FF",378,"96.5",2257,"16",0.7614953929035043,0.8896611722914921,165.07471995190778,170.8442890130135,"4-Seam Fastball",89,750,735,-5.769569061105727,5.769569061105704,15,12,30,12,15,0,15,"12:30","12:15","+0H 15M"
2026,"Taylor, Grant",691799,"R","FF",411,"98.2",2358,"16.5",0.7831535526898219,0.8715375284336758,166.86094005886315,173.21939562110262,"4-Seam Fastball",87,750,735,-6.35845556223947,6.3584555622394845,15,12,30,12,15,0,15,"12:30","12:15","+0H 15M"
2026,"Aldegheri, Sam",691951,"L","FF",288,"92.1",2198,"16.3",0.7721897567651889,0.929632134020118,206.24248625477463,200.5116891204583,"4-Seam Fastball",93,675,675,5.730797134316333,5.730797134316322,0,11,15,11,15,0,0,"11:15","11:15"," 0H 00M"
2026,"Woo, Bryan",693433,"R","FF",838,"95.8",2289,"18",0.8443718522015687,0.9148527138986398,134.08375278966776,141.48030528495735,"4-Seam Fastball",91,90,75,-7.396552495289598,7.3965524952896144,15,1,30,1,15,0,15,"1:30","1:15","+0H 15M"
2026,"Schlittler, Cam",693645,"R","FF",893,"97.8",2503,"17.4",0.7949373723697392,0.864168578628244,156.9902651766001,161.52009295786,"4-Seam Fastball",86,765,750,-4.529827781259883,4.5298277812598755,15,12,45,12,30,0,15,"12:45","12:30","+0H 15M"
2026,"Elder, Bryce",693821,"R","FF",395,"92.6",2228,"15.5",0.7430589947412694,0.8158835971548736,156.11883398977895,163.47193326438003,"4-Seam Fastball",82,765,750,-7.353099274601078,7.3530992746010675,15,12,45,12,30,0,15,"12:45","12:30","+0H 15M"
2026,"Seymour, Ian",693855,"L","FF",316,"91.6",2187,"18.2",0.8591221512023822,0.9241963779887132,209.94017668612884,201.6029154069903,"4-Seam Fastball",92,660,675,8.337261279138545,8.337261279138556,-15,11,0,11,15,0,15,"11:00","11:15","-0H 15M"
2026,"Pfaadt, Brandon",694297,"R","FF",213,"93.2",2468,"15.8",0.7259808979595711,0.7511996919141778,142.9770221580498,155.93454099418193,"4-Seam Fastball",75,75,765,-12.957518836132124,12.957518836132092,30,1,15,12,45,0,30,"1:15","12:45","+0H 30M"
2026,"Klein, Will",694361,"R","FF",347,"97.6",2210,"17.9",0.8803249708260515,0.9757154738459614,144.36736896734408,147.87718019534344,"4-Seam Fastball",98,75,60,-3.5098112279993643,3.509811227999359,15,1,15,1,0,0,15,"1:15","1:00","+0H 15M"
2026,"Patrick, Chad",694477,"R","FF",314,"95.3",2326,"16.8",0.8001520085703866,0.9029010280392645,144.6235616169284,152.17373495935738,"4-Seam Fastball",90,75,60,-7.5501733424289625,7.550173342428935,15,1,15,1,0,0,15,"1:15","1:00","+0H 15M"
2026,"Misiorowski, Jacob",694819,"R","FF",1084,"100.5",2621,"18.9",0.8732836791791817,0.9363797426309336,139.627533734395,142.97391338758518,"4-Seam Fastball",94,75,75,-3.3463796531901835,3.3463796531901853,0,1,15,1,15,0,0,"1:15","1:15"," 0H 00M"
2026,"Skenes, Paul",694973,"R","FF",828,"96.9",2181,"17.9",0.8962918736481374,0.9712115083984902,127.5801681020971,133.25232188997393,"4-Seam Fastball",97,105,90,-5.672153787876823,5.672153787876816,15,1,45,1,30,0,15,"1:45","1:30","+0H 15M"
2026,"Lowder, Rhett",695076,"R","FF",287,"93.3",2238,"16.9",0.8037887835597722,0.8972759682307905,135.07894747244953,138.4764932595524,"4-Seam Fastball",90,90,90,-3.397545787102871,3.3975457871028683,0,1,30,1,30,0,0,"1:30","1:30"," 0H 00M"
2026,"Miller, Mason",695243,"R","FF",297,"101.3",2533,"17.5",0.8057105624988495,0.852677436739354,158.98206071177316,159.41195303226195,"4-Seam Fastball",85,765,765,-0.4298923204887899,0.42989232048879755,0,12,45,12,45,0,0,"12:45","12:45"," 0H 00M"
2026,"Lord, Brad",695418,"R","FF",374,"94.5",2416,"19.2",0.8752545035386852,0.9681575231630458,114.88200369623392,119.41672810320125,"4-Seam Fastball",97,135,120,-4.534724406967328,4.534724406967342,15,2,15,2,0,0,15,"2:15","2:00","+0H 15M"
2026,"Burns, Chase",695505,"R","FF",1008,"97.8",2620,"18.7",0.8484769855616789,0.904306658980345,163.49096966151504,168.60498853976756,"4-Seam Fastball",90,750,750,-5.114018878252523,5.114018878252514,0,12,30,12,30,0,0,"12:30","12:30"," 0H 00M"
2026,"Jump, Gage",695611,"L","FF",441,"96.3",2350,"18.5",0.8648608939589959,0.9595609865567146,210.4744717675273,209.2060860792724,"4-Seam Fastball",96,660,660,1.268385688254881,1.2683856882548774,0,11,0,11,0,0,0,"11:00","11:00"," 0H 00M"
2026,"Chandler, Bubba",696149,"R","FF",819,"98.6",2407,"19.3",0.9248129157007284,0.9554303043084806,150.47617230209121,155.13016142314603,"4-Seam Fastball",96,60,765,-4.6539891210548205,4.653989121054796,15,1,0,12,45,0,15,"1:00","12:45","+0H 15M"
2026,"Natera Jr., Samy",696519,"L","FF",263,"94.6",2313,"19.9",0.9357553036751685,0.9776070587834729,201.81653568240935,196.31738883408588,"4-Seam Fastball",98,675,690,5.499146848323477,5.4991468483234724,-15,11,15,11,30,0,15,"11:15","11:30","-0H 15M"
2026,"Davis, Tyler",699823,"R","FF",243,"96.2",2421,"19.9",0.9195501049157944,0.9653797617048523,154.406507548563,156.64164644791097,"4-Seam Fastball",97,765,765,-2.235138899347959,2.2351388993479655,0,12,45,12,45,0,0,"12:45","12:45"," 0H 00M"
2026,"McGreevy, Michael",700241,"R","FF",450,"91.7",2237,"14.7",0.6943857885945008,0.8156023398581119,139.4278226304142,143.70829294441427,"4-Seam Fastball",82,75,75,-4.28047031400007,4.280470314000072,0,1,15,1,15,0,0,"1:15","1:15"," 0H 00M"
2026,"Graceffo, Gordon",700669,"R","FF",308,"95.5",2051,"16.4",0.8242113265731129,0.9326974987318187,148.48895807901076,153.5085144745919,"4-Seam Fastball",93,60,60,-5.019556395581134,5.019556395581146,0,1,0,1,0,0,0,"1:00","1:00"," 0H 00M"
2026,"Ureña, Walbert",700712,"R","FF",309,"97.5",2247,"15.1",0.7279643141388984,0.8755828189277232,138.72472580959516,142.042400026857,"4-Seam Fastball",88,90,75,-3.317674217261839,3.3176742172618217,15,1,30,1,15,0,15,"1:30","1:15","+0H 15M"
2026,"Warren, Will",701542,"R","FF",644,"93.6",2538,"16.7",0.7442344065019696,0.7629383285094179,141.33140325460306,151.46922978635186,"4-Seam Fastball",76,75,60,-10.1378265317488,10.137826531748805,15,1,15,1,0,0,15,"1:15","1:00","+0H 15M"
2026,"Henderson, Logan",701656,"R","FF",245,"93",2361,"20.8",0.9627993186081373,0.9880627827683359,144.45730451283384,144.9572499275613,"4-Seam Fastball",99,75,75,-0.49994541472744913,0.49994541472744175,0,1,15,1,15,0,0,"1:15","1:15"," 0H 00M"
2026,"Yesavage, Trey",702056,"R","FF",668,"94.4",2252,"19.5",0.9161265211913348,0.9850831889994349,165.47819546901553,167.03805833843,"4-Seam Fastball",99,750,750,-1.5598628694144736,1.5598628694144634,0,12,30,12,30,0,0,"12:30","12:30"," 0H 00M"
2026,"Cameron, Noah",702070,"L","FF",492,"92.5",2322,"17.7",0.8297826227083974,0.9057784672717166,206.01894458095092,201.55380924024246,"4-Seam Fastball",91,675,675,4.465135340708457,4.465135340708474,0,11,15,11,15,0,0,"11:15","11:15"," 0H 00M"
2026,"Morris, Andrew",702193,"R","FF",385,"97",2061,"17.4",0.8745419802465806,0.9848186259550823,162.89113478489242,164.15311861402125,"4-Seam Fastball",98,750,750,-1.2619838291288374,1.2619838291288283,0,12,30,12,30,0,0,"12:30","12:30"," 0H 00M"
2026,"Schultz, Noah",702273,"L","FF",242,"95.2",2467,"15.7",0.7151738160354214,0.867534737165162,230.42977558334772,226.96400668389197,"4-Seam Fastball",87,615,630,3.465768899455753,3.4657688994557465,-15,10,15,10,30,0,15,"10:15","10:30","-0H 15M"
2026,"Messick, Parker",800048,"L","FF",641,"94",2154,"17",0.8242668319294543,0.9267587045416876,208.20909960297416,199.15691251534582,"4-Seam Fastball",93,660,675,9.05218708762834,9.052187087628345,-15,11,0,11,15,0,15,"11:00","11:15","-0H 15M"
2026,"Fuentes, Didier",800311,"R","FF",532,"97.2",2110,"17.9",0.9013978667579031,0.9747637078163829,136.75024229566446,142.23553663543447,"4-Seam Fastball",97,90,75,-5.485294339770007,5.485294339769985,15,1,30,1,15,0,15,"1:30","1:15","+0H 15M"
2026,"Tolle, Payton",801139,"L","FF",648,"96",2249,"17.9",0.8549345395196383,0.9411849937695567,222.59430436359324,214.14852094415878,"4-Seam Fastball",94,630,645,8.445783419434463,8.445783419434456,-15,10,30,10,45,0,15,"10:30","10:45","-0H 15M"
2026,"Dollander, Chase",801403,"R","FF",280,"98.9",2356,"17.3",0.8526054014176109,0.9359206932480241,128.1774278383323,135.33906743108884,"4-Seam Fastball",94,105,90,-7.161639592756529,7.1616395927565195,15,1,45,1,30,0,15,"1:45","1:30","+0H 15M"
2026,"Blubaugh, AJ",805123,"R","FF",581,"95.6",2255,"19.9",0.9421244507011773,0.9928835152452354,141.12887801048993,144.74067792600027,"4-Seam Fastball",99,75,75,-3.611799915510346,3.611799915510369,0,1,15,1,15,0,0,"1:15","1:15"," 0H 00M"
2026,"Matthews, Zebby",805673,"R","FF",444,"95.2",2296,"18",0.8654510501271792,0.9423397478340154,145.7056823118366,148.8744632886243,"4-Seam Fastball",94,75,60,-3.1687809767877013,3.1687809767877284,15,1,15,1,0,0,15,"1:15","1:00","+0H 15M"
2026,"Sasaki, Roki",808963,"R","FF",685,"97.8",2253,"18.5",0.8950386960264464,0.9657241968123086,143.73585129586132,147.8585779496623,"4-Seam Fastball",97,75,60,-4.1227266538009815,4.122726653800988,15,1,15,1,0,0,15,"1:15","1:00","+0H 15M"
2026,"Yamamoto, Yoshinobu",808967,"R","FF",495,"96",2248,"18",0.8594082840187468,0.926792596629206,144.68697563801956,150.87828480949764,"4-Seam Fastball",93,75,60,-6.191309171478082,6.191309171478088,15,1,15,1,0,0,15,"1:15","1:00","+0H 15M"
2026,"Early, Connelly",813349,"L","FF",536,"94",2336,"18.9",0.8672261216456719,0.9071173462226064,223.68532554652577,215.59510639623753,"4-Seam Fastball",91,630,645,8.090219150288249,8.090219150288236,-15,10,30,10,45,0,15,"10:30","10:45","-0H 15M"
2026,"Farris, Mitch",815083,"L","FF",312,"91.8",2179,"19.2",0.9111912997078411,0.9847578559404233,214.55482606966254,209.96238353290096,"4-Seam Fastball",98,645,660,4.592442536761581,4.592442536761586,-15,10,45,11,0,0,15,"10:45","11:00","-0H 15M"
2026,"Imai, Tatsuya",837227,"R","FF",474,"94.8",1998,"16.6",0.8335117000261147,0.9684598362084174,123.8488281775333,126.19434299509305,"4-Seam Fastball",97,105,105,-2.345514817559746,2.3455148175597262,0,1,45,1,45,0,0,"1:45","1:45"," 0H 00M"